AArrowDown	M 14 12 l 4 4 4 -4 M 18 16 V 7 M 2 16 l 4.039 -9.69 a .5 .5 0 0 1 .923 0 L 11 16 M 3.304 13 h 6.392
AArrowUp	M 14 11 l 4 -4 4 4 M 18 16 V 7 M 2 16 l 4.039 -9.69 a .5 .5 0 0 1 .923 0 L 11 16 M 3.304 13 h 6.392
ALargeSmall	M 15 16 l 2.536 -7.328 a 1.02 1.02 1 0 1 1.928 0 L 22 16 M 15.697 14 h 5.606 M 2 16 l 4.039 -9.69 a .5 .5 0 0 1 .923 0 L 11 16 M 3.304 13 h 6.392
Accessibility	M 15 4 a 1 1 0 1 0 2 0 a 1 1 0 1 0 -2 0 Z M 18 19 l 1 -7 -6 1 M 5 8 l 3 -3 5.5 3 -2.36 3.5 M 4.24 14.5 a 5 5 0 0 0 6.88 6 M 13.76 17.5 a 5 5 0 0 0 -6.88 -6
Activity	M 22 12 h -2.48 a 2 2 0 0 0 -1.93 1.46 l -2.35 8.36 a .25 .25 0 0 1 -.48 0 L 9.24 2.18 a .25 .25 0 0 0 -.48 0 l -2.35 8.36 A 2 2 0 0 1 4.49 12 H 2
Ad	M 10 13 H 6 M 10 15 v -4 a 2 2 0 0 0 -4 0 v 4 M 14 14.5 a .5 .5 0 0 0 .5 .5 h 1 a 2.5 2.5 0 0 0 2.5 -2.5 v -1 A 2.5 2.5 0 0 0 15.5 9 h -1 a .5 .5 0 0 0 -.5 .5 z M 4 5 h 16 a 2 2 0 0 1 2 2 v 10 a 2 2 0 0 1 -2 2 h -16 a 2 2 0 0 1 -2 -2 v -10 a 2 2 0 0 1 2 -2 Z
AirVent	M 18 17.5 a 2.5 2.5 0 1 1 -4 2.03 V 12 M 6 12 H 4 a 2 2 0 0 1 -2 -2 V 5 a 2 2 0 0 1 2 -2 h 16 a 2 2 0 0 1 2 2 v 5 a 2 2 0 0 1 -2 2 h -2 M 6 8 h 12 M 6.6 15.572 A 2 2 0 1 0 10 17 v -5
Airplay	M 5 17 H 4 a 2 2 0 0 1 -2 -2 V 5 a 2 2 0 0 1 2 -2 h 16 a 2 2 0 0 1 2 2 v 10 a 2 2 0 0 1 -2 2 h -1 M 12 15 l 5 6 H 7 Z
AlarmClock	M 4 13 a 8 8 0 1 0 16 0 a 8 8 0 1 0 -16 0 Z M 12 9 v 4 l 2 2 M 5 3 2 6 M 22 6 l -3 -3 M 6.38 18.7 4 21 M 17.64 18.67 20 21
AlarmClockCheck	M 4 13 a 8 8 0 1 0 16 0 a 8 8 0 1 0 -16 0 Z M 5 3 2 6 M 22 6 l -3 -3 M 6.38 18.7 4 21 M 17.64 18.67 20 21 M 9 13 l 2 2 4 -4
AlarmClockMinus	M 4 13 a 8 8 0 1 0 16 0 a 8 8 0 1 0 -16 0 Z M 5 3 2 6 M 22 6 l -3 -3 M 6.38 18.7 4 21 M 17.64 18.67 20 21 M 9 13 h 6
AlarmClockOff	M 6.87 6.87 a 8 8 0 1 0 11.26 11.26 M 19.9 14.25 a 8 8 0 0 0 -9.15 -9.15 M 22 6 l -3 -3 M 6.26 18.67 4 21 M 2 2 l 20 20 M 4 4 2 6
AlarmClockPlus	M 4 13 a 8 8 0 1 0 16 0 a 8 8 0 1 0 -16 0 Z M 5 3 2 6 M 22 6 l -3 -3 M 6.38 18.7 4 21 M 17.64 18.67 20 21 M 12 10 v 6 M 9 13 h 6
AlarmSmoke	M 11 21 c 0 -2.5 2 -2.5 2 -5 M 16 21 c 0 -2.5 2 -2.5 2 -5 M 19 8 l -.8 3 a 1.25 1.25 0 0 1 -1.2 1 H 7 a 1.25 1.25 0 0 1 -1.2 -1 L 5 8 M 21 3 a 1 1 0 0 1 1 1 v 2 a 2 2 0 0 1 -2 2 H 4 a 2 2 0 0 1 -2 -2 V 4 a 1 1 0 0 1 1 -1 z M 6 21 c 0 -2.5 2 -2.5 2 -5
AlignCenterHorizontal	M 2 12 h 20 M 10 16 v 4 a 2 2 0 0 1 -2 2 H 6 a 2 2 0 0 1 -2 -2 v -4 M 10 8 V 4 a 2 2 0 0 0 -2 -2 H 6 a 2 2 0 0 0 -2 2 v 4 M 20 16 v 1 a 2 2 0 0 1 -2 2 h -2 a 2 2 0 0 1 -2 -2 v -1 M 14 8 V 7 c 0 -1.1 .9 -2 2 -2 h 2 a 2 2 0 0 1 2 2 v 1
AlignCenterVertical	M 12 2 v 20 M 8 10 H 4 a 2 2 0 0 1 -2 -2 V 6 c 0 -1.1 .9 -2 2 -2 h 4 M 16 10 h 4 a 2 2 0 0 0 2 -2 V 6 a 2 2 0 0 0 -2 -2 h -4 M 8 20 H 7 a 2 2 0 0 1 -2 -2 v -2 c 0 -1.1 .9 -2 2 -2 h 1 M 16 14 h 1 a 2 2 0 0 1 2 2 v 2 a 2 2 0 0 1 -2 2 h -1
AlignEndHorizontal	M 6 2 h 2 a 2 2 0 0 1 2 2 v 12 a 2 2 0 0 1 -2 2 h -2 a 2 2 0 0 1 -2 -2 v -12 a 2 2 0 0 1 2 -2 Z M 16 9 h 2 a 2 2 0 0 1 2 2 v 5 a 2 2 0 0 1 -2 2 h -2 a 2 2 0 0 1 -2 -2 v -5 a 2 2 0 0 1 2 -2 Z M 22 22 H 2
AlignEndVertical	M 4 4 h 12 a 2 2 0 0 1 2 2 v 2 a 2 2 0 0 1 -2 2 h -12 a 2 2 0 0 1 -2 -2 v -2 a 2 2 0 0 1 2 -2 Z M 11 14 h 5 a 2 2 0 0 1 2 2 v 2 a 2 2 0 0 1 -2 2 h -5 a 2 2 0 0 1 -2 -2 v -2 a 2 2 0 0 1 2 -2 Z M 22 22 V 2
AlignHorizontalDistributeCenter	M 6 5 h 2 a 2 2 0 0 1 2 2 v 10 a 2 2 0 0 1 -2 2 h -2 a 2 2 0 0 1 -2 -2 v -10 a 2 2 0 0 1 2 -2 Z M 16 7 h 2 a 2 2 0 0 1 2 2 v 6 a 2 2 0 0 1 -2 2 h -2 a 2 2 0 0 1 -2 -2 v -6 a 2 2 0 0 1 2 -2 Z M 17 22 v -5 M 17 7 V 2 M 7 22 v -3 M 7 5 V 2
AlignHorizontalDistributeEnd	M 6 5 h 2 a 2 2 0 0 1 2 2 v 10 a 2 2 0 0 1 -2 2 h -2 a 2 2 0 0 1 -2 -2 v -10 a 2 2 0 0 1 2 -2 Z M 16 7 h 2 a 2 2 0 0 1 2 2 v 6 a 2 2 0 0 1 -2 2 h -2 a 2 2 0 0 1 -2 -2 v -6 a 2 2 0 0 1 2 -2 Z M 10 2 v 20 M 20 2 v 20
AlignHorizontalDistributeStart	M 6 5 h 2 a 2 2 0 0 1 2 2 v 10 a 2 2 0 0 1 -2 2 h -2 a 2 2 0 0 1 -2 -2 v -10 a 2 2 0 0 1 2 -2 Z M 16 7 h 2 a 2 2 0 0 1 2 2 v 6 a 2 2 0 0 1 -2 2 h -2 a 2 2 0 0 1 -2 -2 v -6 a 2 2 0 0 1 2 -2 Z M 4 2 v 20 M 14 2 v 20
AlignHorizontalJustifyCenter	M 4 5 h 2 a 2 2 0 0 1 2 2 v 10 a 2 2 0 0 1 -2 2 h -2 a 2 2 0 0 1 -2 -2 v -10 a 2 2 0 0 1 2 -2 Z M 18 7 h 2 a 2 2 0 0 1 2 2 v 6 a 2 2 0 0 1 -2 2 h -2 a 2 2 0 0 1 -2 -2 v -6 a 2 2 0 0 1 2 -2 Z M 12 2 v 20
AlignHorizontalJustifyEnd	M 4 5 h 2 a 2 2 0 0 1 2 2 v 10 a 2 2 0 0 1 -2 2 h -2 a 2 2 0 0 1 -2 -2 v -10 a 2 2 0 0 1 2 -2 Z M 14 7 h 2 a 2 2 0 0 1 2 2 v 6 a 2 2 0 0 1 -2 2 h -2 a 2 2 0 0 1 -2 -2 v -6 a 2 2 0 0 1 2 -2 Z M 22 2 v 20
AlignHorizontalJustifyStart	M 8 5 h 2 a 2 2 0 0 1 2 2 v 10 a 2 2 0 0 1 -2 2 h -2 a 2 2 0 0 1 -2 -2 v -10 a 2 2 0 0 1 2 -2 Z M 18 7 h 2 a 2 2 0 0 1 2 2 v 6 a 2 2 0 0 1 -2 2 h -2 a 2 2 0 0 1 -2 -2 v -6 a 2 2 0 0 1 2 -2 Z M 2 2 v 20
AlignHorizontalSpaceAround	M 11 7 h 2 a 2 2 0 0 1 2 2 v 6 a 2 2 0 0 1 -2 2 h -2 a 2 2 0 0 1 -2 -2 v -6 a 2 2 0 0 1 2 -2 Z M 4 22 V 2 M 20 22 V 2
AlignHorizontalSpaceBetween	M 5 5 h 2 a 2 2 0 0 1 2 2 v 10 a 2 2 0 0 1 -2 2 h -2 a 2 2 0 0 1 -2 -2 v -10 a 2 2 0 0 1 2 -2 Z M 17 7 h 2 a 2 2 0 0 1 2 2 v 6 a 2 2 0 0 1 -2 2 h -2 a 2 2 0 0 1 -2 -2 v -6 a 2 2 0 0 1 2 -2 Z M 3 2 v 20 M 21 2 v 20
AlignStartHorizontal	M 6 6 h 2 a 2 2 0 0 1 2 2 v 12 a 2 2 0 0 1 -2 2 h -2 a 2 2 0 0 1 -2 -2 v -12 a 2 2 0 0 1 2 -2 Z M 16 6 h 2 a 2 2 0 0 1 2 2 v 5 a 2 2 0 0 1 -2 2 h -2 a 2 2 0 0 1 -2 -2 v -5 a 2 2 0 0 1 2 -2 Z M 22 2 H 2
AlignStartVertical	M 8 14 h 5 a 2 2 0 0 1 2 2 v 2 a 2 2 0 0 1 -2 2 h -5 a 2 2 0 0 1 -2 -2 v -2 a 2 2 0 0 1 2 -2 Z M 8 4 h 12 a 2 2 0 0 1 2 2 v 2 a 2 2 0 0 1 -2 2 h -12 a 2 2 0 0 1 -2 -2 v -2 a 2 2 0 0 1 2 -2 Z M 2 2 v 20
AlignVerticalDistributeCenter	M 22 17 h -3 M 22 7 h -5 M 5 17 H 2 M 7 7 H 2 M 7 14 h 10 a 2 2 0 0 1 2 2 v 2 a 2 2 0 0 1 -2 2 h -10 a 2 2 0 0 1 -2 -2 v -2 a 2 2 0 0 1 2 -2 Z M 9 4 h 6 a 2 2 0 0 1 2 2 v 2 a 2 2 0 0 1 -2 2 h -6 a 2 2 0 0 1 -2 -2 v -2 a 2 2 0 0 1 2 -2 Z
AlignVerticalDistributeEnd	M 7 14 h 10 a 2 2 0 0 1 2 2 v 2 a 2 2 0 0 1 -2 2 h -10 a 2 2 0 0 1 -2 -2 v -2 a 2 2 0 0 1 2 -2 Z M 9 4 h 6 a 2 2 0 0 1 2 2 v 2 a 2 2 0 0 1 -2 2 h -6 a 2 2 0 0 1 -2 -2 v -2 a 2 2 0 0 1 2 -2 Z M 2 20 h 20 M 2 10 h 20
AlignVerticalDistributeStart	M 7 14 h 10 a 2 2 0 0 1 2 2 v 2 a 2 2 0 0 1 -2 2 h -10 a 2 2 0 0 1 -2 -2 v -2 a 2 2 0 0 1 2 -2 Z M 9 4 h 6 a 2 2 0 0 1 2 2 v 2 a 2 2 0 0 1 -2 2 h -6 a 2 2 0 0 1 -2 -2 v -2 a 2 2 0 0 1 2 -2 Z M 2 14 h 20 M 2 4 h 20
AlignVerticalJustifyCenter	M 7 16 h 10 a 2 2 0 0 1 2 2 v 2 a 2 2 0 0 1 -2 2 h -10 a 2 2 0 0 1 -2 -2 v -2 a 2 2 0 0 1 2 -2 Z M 9 2 h 6 a 2 2 0 0 1 2 2 v 2 a 2 2 0 0 1 -2 2 h -6 a 2 2 0 0 1 -2 -2 v -2 a 2 2 0 0 1 2 -2 Z M 2 12 h 20
AlignVerticalJustifyEnd	M 7 12 h 10 a 2 2 0 0 1 2 2 v 2 a 2 2 0 0 1 -2 2 h -10 a 2 2 0 0 1 -2 -2 v -2 a 2 2 0 0 1 2 -2 Z M 9 2 h 6 a 2 2 0 0 1 2 2 v 2 a 2 2 0 0 1 -2 2 h -6 a 2 2 0 0 1 -2 -2 v -2 a 2 2 0 0 1 2 -2 Z M 2 22 h 20
AlignVerticalJustifyStart	M 7 16 h 10 a 2 2 0 0 1 2 2 v 2 a 2 2 0 0 1 -2 2 h -10 a 2 2 0 0 1 -2 -2 v -2 a 2 2 0 0 1 2 -2 Z M 9 6 h 6 a 2 2 0 0 1 2 2 v 2 a 2 2 0 0 1 -2 2 h -6 a 2 2 0 0 1 -2 -2 v -2 a 2 2 0 0 1 2 -2 Z M 2 2 h 20
AlignVerticalSpaceAround	M 9 9 h 6 a 2 2 0 0 1 2 2 v 2 a 2 2 0 0 1 -2 2 h -6 a 2 2 0 0 1 -2 -2 v -2 a 2 2 0 0 1 2 -2 Z M 22 20 H 2 M 22 4 H 2
AlignVerticalSpaceBetween	M 7 15 h 10 a 2 2 0 0 1 2 2 v 2 a 2 2 0 0 1 -2 2 h -10 a 2 2 0 0 1 -2 -2 v -2 a 2 2 0 0 1 2 -2 Z M 9 3 h 6 a 2 2 0 0 1 2 2 v 2 a 2 2 0 0 1 -2 2 h -6 a 2 2 0 0 1 -2 -2 v -2 a 2 2 0 0 1 2 -2 Z M 2 21 h 20 M 2 3 h 20
Ambulance	M 10 10 H 6 M 14 18 V 6 a 2 2 0 0 0 -2 -2 H 4 a 2 2 0 0 0 -2 2 v 11 a 1 1 0 0 0 1 1 h 2 M 19 18 h 2 a 1 1 0 0 0 1 -1 v -3.28 a 1 1 0 0 0 -.684 -.948 l -1.923 -.641 a 1 1 0 0 1 -.578 -.502 l -1.539 -3.076 A 1 1 0 0 0 16.382 8 H 14 M 8 8 v 4 M 9 18 h 6 M 15 18 a 2 2 0 1 0 4 0 a 2 2 0 1 0 -4 0 Z M 5 18 a 2 2 0 1 0 4 0 a 2 2 0 1 0 -4 0 Z
Ampersand	M 16 12 h 3 M 17.5 12 a 8 8 0 0 1 -8 8 A 4.5 4.5 0 0 1 5 15.5 c 0 -6 8 -4 8 -8.5 a 3 3 0 1 0 -6 0 c 0 3 2.5 8.5 12 13
Ampersands	M 10 17 c -5 -3 -7 -7 -7 -9 a 2 2 0 0 1 4 0 c 0 2.5 -5 2.5 -5 6 0 1.7 1.3 3 3 3 2.8 0 5 -2.2 5 -5 M 22 17 c -5 -3 -7 -7 -7 -9 a 2 2 0 0 1 4 0 c 0 2.5 -5 2.5 -5 6 0 1.7 1.3 3 3 3 2.8 0 5 -2.2 5 -5
Amphora	M 10 2 v 5.632 c 0 .424 -.272 .795 -.653 .982 A 6 6 0 0 0 6 14 c .006 4 3 7 5 8 M 10 5 H 8 a 2 2 0 0 0 0 4 h .68 M 14 2 v 5.632 c 0 .424 .272 .795 .652 .982 A 6 6 0 0 1 18 14 c 0 4 -3 7 -5 8 M 14 5 h 2 a 2 2 0 0 1 0 4 h -.68 M 18 22 H 6 M 9 2 h 6
Anchor	M 12 6 v 16 M 19 13 l 2 -1 a 9 9 0 0 1 -18 0 l 2 1 M 9 11 h 6 M 10 4 a 2 2 0 1 0 4 0 a 2 2 0 1 0 -4 0 Z
Angle	M 3 3 v 16 a 2 2 0 0 0 2 2 h 16 M 3 11 a 10 10 0 0 1 10 10
Antenna	M 2 12 7 2 M 7 12 l 5 -10 M 12 12 l 5 -10 M 17 12 l 5 -10 M 4.5 7 h 15 M 12 16 v 6
Anvil	M 7 10 H 6 a 4 4 0 0 1 -4 -4 1 1 0 0 1 1 -1 h 4 M 7 5 a 1 1 0 0 1 1 -1 h 13 a 1 1 0 0 1 1 1 7 7 0 0 1 -7 7 H 8 a 1 1 0 0 1 -1 -1 z M 9 12 v 5 M 15 12 v 5 M 5 20 a 3 3 0 0 1 3 -3 h 8 a 3 3 0 0 1 3 3 1 1 0 0 1 -1 1 H 6 a 1 1 0 0 1 -1 -1
Aperture	M 2 12 a 10 10 0 1 0 20 0 a 10 10 0 1 0 -20 0 Z M 14.31 8 l 5.74 9.94 M 9.69 8 h 11.48 M 7.38 12 l 5.74 -9.94 M 9.69 16 3.95 6.06 M 14.31 16 H 2.83 M 16.62 12 l -5.74 9.94
AppWindow	M 4 4 h 16 a 2 2 0 0 1 2 2 v 12 a 2 2 0 0 1 -2 2 h -16 a 2 2 0 0 1 -2 -2 v -12 a 2 2 0 0 1 2 -2 Z M 10 4 v 4 M 2 8 h 20 M 6 4 v 4
AppWindowMac	M 4 4 h 16 a 2 2 0 0 1 2 2 v 12 a 2 2 0 0 1 -2 2 h -16 a 2 2 0 0 1 -2 -2 v -12 a 2 2 0 0 1 2 -2 Z M 6 8 h .01 M 10 8 h .01 M 14 8 h .01
Apple	M 12 6.528 V 3 a 1 1 0 0 1 1 -1 h 0 M 18.237 21 A 15 15 0 0 0 22 11 a 6 6 0 0 0 -10 -4.472 A 6 6 0 0 0 2 11 a 15.1 15.1 0 0 0 3.763 10 3 3 0 0 0 3.648 .648 5.5 5.5 0 0 1 5.178 0 A 3 3 0 0 0 18.237 21
Archive	M 3 3 h 18 a 1 1 0 0 1 1 1 v 3 a 1 1 0 0 1 -1 1 h -18 a 1 1 0 0 1 -1 -1 v -3 a 1 1 0 0 1 1 -1 Z M 4 8 v 11 a 2 2 0 0 0 2 2 h 12 a 2 2 0 0 0 2 -2 V 8 M 10 12 h 4
ArchiveRestore	M 3 3 h 18 a 1 1 0 0 1 1 1 v 3 a 1 1 0 0 1 -1 1 h -18 a 1 1 0 0 1 -1 -1 v -3 a 1 1 0 0 1 1 -1 Z M 4 8 v 11 a 2 2 0 0 0 2 2 h 2 M 20 8 v 11 a 2 2 0 0 1 -2 2 h -2 M 9 15 l 3 -3 3 3 M 12 12 v 9
ArchiveX	M 3 3 h 18 a 1 1 0 0 1 1 1 v 3 a 1 1 0 0 1 -1 1 h -18 a 1 1 0 0 1 -1 -1 v -3 a 1 1 0 0 1 1 -1 Z M 4 8 v 11 a 2 2 0 0 0 2 2 h 12 a 2 2 0 0 0 2 -2 V 8 M 9.5 17 l 5 -5 M 9.5 12 l 5 5
Armchair	M 19 9 V 6 a 2 2 0 0 0 -2 -2 H 7 a 2 2 0 0 0 -2 2 v 3 M 3 16 a 2 2 0 0 0 2 2 h 14 a 2 2 0 0 0 2 -2 v -5 a 2 2 0 0 0 -4 0 v 1.5 a .5 .5 0 0 1 -.5 .5 h -9 a .5 .5 0 0 1 -.5 -.5 V 11 a 2 2 0 0 0 -4 0 z M 5 18 v 2 M 19 18 v 2
ArrowBigDown	M 9 5 a 1 1 0 0 1 1 -1 h 4 a 1 1 0 0 1 1 1 v 6 a 1 1 0 0 0 1 1 h 3.293 a .707 .707 0 0 1 .5 1.207 l -7.086 7.086 a 1 1 0 0 1 -1.414 0 l -7.086 -7.086 a .707 .707 0 0 1 .5 -1.207 H 8 a 1 1 0 0 0 1 -1 z
ArrowBigDownDash	M 14 8 a 1 1 0 0 1 1 1 v 2 a 1 1 0 0 0 1 1 h 3.293 a .707 .707 0 0 1 .5 1.207 l -6.939 6.939 a 1.207 1.207 0 0 1 -1.708 0 l -6.94 -6.94 a .707 .707 0 0 1 .5 -1.206 H 8 a 1 1 0 0 0 1 -1 V 9 a 1 1 0 0 1 1 -1 z M 9 4 h 6
ArrowBigLeft	M 10.793 19.793 a .707 .707 0 0 0 1.207 -.5 V 16 a 1 1 0 0 1 1 -1 h 6 a 1 1 0 0 0 1 -1 v -4 a 1 1 0 0 0 -1 -1 h -6 a 1 1 0 0 1 -1 -1 V 4.707 a .707 .707 0 0 0 -1.207 -.5 l -6.94 6.94 a 1.207 1.207 0 0 0 0 1.707 z
ArrowBigLeftDash	M 13 9 a 1 1 0 0 1 -1 -1 V 4.707 a .707 .707 0 0 0 -1.207 -.5 l -6.94 6.94 a 1.207 1.207 0 0 0 0 1.707 l 6.94 6.94 a .707 .707 0 0 0 1.207 -.5 V 16 a 1 1 0 0 1 1 -1 h 2 a 1 1 0 0 0 1 -1 v -4 a 1 1 0 0 0 -1 -1 z M 20 9 v 6
ArrowBigRight	M 13.207 19.793 a .707 .707 0 0 1 -1.207 -.5 V 16 a 1 1 0 0 0 -1 -1 H 5 a 1 1 0 0 1 -1 -1 v -4 a 1 1 0 0 1 1 -1 h 6 a 1 1 0 0 0 1 -1 V 4.707 a .707 .707 0 0 1 1.207 -.5 l 6.94 6.94 a 1.207 1.207 0 0 1 0 1.707 z
ArrowBigRightDash	M 11 9 a 1 1 0 0 0 1 -1 V 4.707 a .707 .707 0 0 1 1.207 -.5 l 6.94 6.94 a 1.207 1.207 0 0 1 0 1.707 l -6.94 6.94 a .707 .707 0 0 1 -1.207 -.5 V 16 a 1 1 0 0 0 -1 -1 H 9 a 1 1 0 0 1 -1 -1 v -4 a 1 1 0 0 1 1 -1 z M 4 9 v 6
ArrowBigUp	M 9 19 a 1 1 0 0 0 1 1 h 4 a 1 1 0 0 0 1 -1 v -6 a 1 1 0 0 1 1 -1 h 3.293 a .707 .707 0 0 0 .5 -1.207 l -7.086 -7.086 a 1 1 0 0 0 -1.414 0 l -7.086 7.086 a .707 .707 0 0 0 .5 1.207 H 8 a 1 1 0 0 1 1 1 z
ArrowBigUpDash	M 14 16 a 1 1 0 0 0 1 -1 v -2 a 1 1 0 0 1 1 -1 h 3.293 a .707 .707 0 0 0 .5 -1.207 l -6.939 -6.939 a 1.207 1.207 0 0 0 -1.708 0 l -6.94 6.94 a .707 .707 0 0 0 .5 1.206 H 8 a 1 1 0 0 1 1 1 v 2 a 1 1 0 0 0 1 1 z M 9 20 h 6
ArrowDown	M 12 5 v 14 M 19 12 l -7 7 -7 -7
ArrowDown01	M 3 16 l 4 4 4 -4 M 7 20 V 4 M 17 4 h 0 a 2 2 0 0 1 2 2 v 2 a 2 2 0 0 1 -2 2 h 0 a 2 2 0 0 1 -2 -2 v -2 a 2 2 0 0 1 2 -2 Z M 17 20 v -6 h -2 M 15 20 h 4
ArrowDown10	M 3 16 l 4 4 4 -4 M 7 20 V 4 M 17 10 V 4 h -2 M 15 10 h 4 M 17 14 h 0 a 2 2 0 0 1 2 2 v 2 a 2 2 0 0 1 -2 2 h 0 a 2 2 0 0 1 -2 -2 v -2 a 2 2 0 0 1 2 -2 Z
ArrowDownAZ	M 3 16 l 4 4 4 -4 M 7 20 V 4 M 20 8 h -5 M 15 10 V 6.5 a 2.5 2.5 0 0 1 5 0 V 10 M 15 14 h 5 l -5 6 h 5
ArrowDownFromLine	M 19 3 H 5 M 12 21 V 7 M 6 15 l 6 6 6 -6
ArrowDownLeft	M 17 7 7 17 M 17 17 H 7 V 7
ArrowDownNarrowWide	M 3 16 l 4 4 4 -4 M 7 20 V 4 M 11 4 h 4 M 11 8 h 7 M 11 12 h 10
ArrowDownRight	M 7 7 l 10 10 M 17 7 v 10 H 7
ArrowDownToDot	M 12 2 v 14 M 19 9 l -7 7 -7 -7 M 11 21 a 1 1 0 1 0 2 0 a 1 1 0 1 0 -2 0 Z
ArrowDownToLine	M 12 17 V 3 M 6 11 l 6 6 6 -6 M 19 21 H 5
ArrowDownUp	M 3 16 l 4 4 4 -4 M 7 20 V 4 M 21 8 l -4 -4 -4 4 M 17 4 v 16
ArrowDownWideNarrow	M 3 16 l 4 4 4 -4 M 7 20 V 4 M 11 4 h 10 M 11 8 h 7 M 11 12 h 4
ArrowDownZA	M 3 16 l 4 4 4 -4 M 7 4 v 16 M 15 4 h 5 l -5 6 h 5 M 15 20 v -3.5 a 2.5 2.5 0 0 1 5 0 V 20 M 20 18 h -5
ArrowLeft	M 12 19 l -7 -7 7 -7 M 19 12 H 5
ArrowLeftFromLine	M 9 6 l -6 6 6 6 M 3 12 h 14 M 21 19 V 5
ArrowLeftRight	M 8 3 4 7 l 4 4 M 4 7 h 16 M 16 21 l 4 -4 -4 -4 M 20 17 H 4
ArrowLeftToLine	M 3 19 V 5 M 13 6 l -6 6 6 6 M 7 12 h 14
ArrowRight	M 5 12 h 14 M 12 5 l 7 7 -7 7
ArrowRightFromLine	M 3 5 v 14 M 21 12 H 7 M 15 18 l 6 -6 -6 -6
ArrowRightLeft	M 16 3 l 4 4 -4 4 M 20 7 H 4 M 8 21 l -4 -4 4 -4 M 4 17 h 16
ArrowRightToLine	M 17 12 H 3 M 11 18 l 6 -6 -6 -6 M 21 5 v 14
ArrowUp	M 5 12 l 7 -7 7 7 M 12 19 V 5
ArrowUp01	M 3 8 l 4 -4 4 4 M 7 4 v 16 M 17 4 h 0 a 2 2 0 0 1 2 2 v 2 a 2 2 0 0 1 -2 2 h 0 a 2 2 0 0 1 -2 -2 v -2 a 2 2 0 0 1 2 -2 Z M 17 20 v -6 h -2 M 15 20 h 4
ArrowUp10	M 3 8 l 4 -4 4 4 M 7 4 v 16 M 17 10 V 4 h -2 M 15 10 h 4 M 17 14 h 0 a 2 2 0 0 1 2 2 v 2 a 2 2 0 0 1 -2 2 h 0 a 2 2 0 0 1 -2 -2 v -2 a 2 2 0 0 1 2 -2 Z
ArrowUpAZ	M 3 8 l 4 -4 4 4 M 7 4 v 16 M 20 8 h -5 M 15 10 V 6.5 a 2.5 2.5 0 0 1 5 0 V 10 M 15 14 h 5 l -5 6 h 5
ArrowUpDown	M 21 16 l -4 4 -4 -4 M 17 20 V 4 M 3 8 l 4 -4 4 4 M 7 4 v 16
ArrowUpFromDot	M 5 9 l 7 -7 7 7 M 12 16 V 2 M 11 21 a 1 1 0 1 0 2 0 a 1 1 0 1 0 -2 0 Z
ArrowUpFromLine	M 18 9 l -6 -6 -6 6 M 12 3 v 14 M 5 21 h 14
ArrowUpLeft	M 7 17 V 7 h 10 M 17 17 7 7
ArrowUpNarrowWide	M 3 8 l 4 -4 4 4 M 7 4 v 16 M 11 12 h 4 M 11 16 h 7 M 11 20 h 10
ArrowUpRight	M 7 7 h 10 v 10 M 7 17 17 7
ArrowUpToLine	M 5 3 h 14 M 18 13 l -6 -6 -6 6 M 12 7 v 14
ArrowUpWideNarrow	M 3 8 l 4 -4 4 4 M 7 4 v 16 M 11 12 h 10 M 11 16 h 7 M 11 20 h 4
ArrowUpZA	M 3 8 l 4 -4 4 4 M 7 4 v 16 M 15 4 h 5 l -5 6 h 5 M 15 20 v -3.5 a 2.5 2.5 0 0 1 5 0 V 20 M 20 18 h -5
ArrowsUpFromLine	M 4 6 l 3 -3 3 3 M 7 17 V 3 M 14 6 l 3 -3 3 3 M 17 17 V 3 M 4 21 h 16
Asterisk	M 12 5 v 14 M 18.065 8.496 l -12.125 7 M 5.94 8.504 l 12.125 7
Astroid	M 12.983 21.186 a 1 1 0 0 1 -1.966 0 10 10 0 0 0 -8.203 -8.203 1 1 0 0 1 0 -1.966 10 10 0 0 0 8.203 -8.203 1 1 0 0 1 1.966 0 10 10 0 0 0 8.203 8.203 1 1 0 0 1 0 1.966 10 10 0 0 0 -8.203 8.203
AtSign	M 8 12 a 4 4 0 1 0 8 0 a 4 4 0 1 0 -8 0 Z M 16 8 v 5 a 3 3 0 0 0 6 0 v -1 a 10 10 0 1 0 -4 8
Atom	M 11 12 a 1 1 0 1 0 2 0 a 1 1 0 1 0 -2 0 Z M 20.2 20.2 c 2.04 -2.03 .02 -7.36 -4.5 -11.9 -4.54 -4.52 -9.87 -6.54 -11.9 -4.5 -2.04 2.03 -.02 7.36 4.5 11.9 4.54 4.52 9.87 6.54 11.9 4.5 Z M 15.7 15.7 c 4.52 -4.54 6.54 -9.87 4.5 -11.9 -2.03 -2.04 -7.36 -.02 -11.9 4.5 -4.52 4.54 -6.54 9.87 -4.5 11.9 2.03 2.04 7.36 .02 11.9 -4.5 Z
AudioLines	M 2 10 v 3 M 6 6 v 11 M 10 3 v 18 M 14 8 v 7 M 18 5 v 13 M 22 10 v 3
AudioLinesOff	M 10 10 v 11 M 10 3 v 1.35 M 14 14 v 1 M 14 8 v .35 M 18 5 v 7.35 M 2 10 v 3 M 2 2 l 20 20 M 22 10 v 3 M 6 6 v 11
AudioLinesX	M 10 3 v 18 M 14 8 v 6.35 M 17 17 l 5 5 M 18 5 v 8.1 M 2 10 v 3 M 22 10 v 3 M 22 17 l -5 5 M 6 6 v 11
AudioWaveform	M 2 13 a 2 2 0 0 0 2 -2 V 7 a 2 2 0 0 1 4 0 v 13 a 2 2 0 0 0 4 0 V 4 a 2 2 0 0 1 4 0 v 13 a 2 2 0 0 0 4 0 v -4 a 2 2 0 0 1 2 -2
Award	M 15.477 12.89 l 1.515 8.526 a .5 .5 0 0 1 -.81 .47 l -3.58 -2.687 a 1 1 0 0 0 -1.197 0 l -3.586 2.686 a .5 .5 0 0 1 -.81 -.469 l 1.514 -8.526 M 6 8 a 6 6 0 1 0 12 0 a 6 6 0 1 0 -12 0 Z
Axe	M 14 12 l -8.381 8.38 a 1 1 0 0 1 -3.001 -3 L 11 9 M 15 15.5 a .5 .5 0 0 0 .5 .5 A 6.5 6.5 0 0 0 22 9.5 a .5 .5 0 0 0 -.5 -.5 h -1.672 a 2 2 0 0 1 -1.414 -.586 l -5.062 -5.062 a 1.205 1.205 0 0 0 -1.704 0 L 9.352 5.648 a 1.205 1.205 0 0 0 0 1.704 l 5.062 5.062 A 2 2 0 0 1 15 13.828 z
Axis3d	M 13.5 10.5 15 9 M 4 4 v 15 a 1 1 0 0 0 1 1 h 15 M 4.293 19.707 6 18 M 9 15 l 1.5 -1.5
Baby	M 10 16 c .5 .3 1.2 .5 2 .5 s 1.5 -.2 2 -.5 M 15 12 h .01 M 19.38 6.813 A 9 9 0 0 1 20.8 10.2 a 2 2 0 0 1 0 3.6 9 9 0 0 1 -17.6 0 2 2 0 0 1 0 -3.6 A 9 9 0 0 1 12 3 c 2 0 3.5 1.1 3.5 2.5 s -.9 2.5 -2 2.5 c -.8 0 -1.5 -.4 -1.5 -1 M 9 12 h .01
Backpack	M 4 10 a 4 4 0 0 1 4 -4 h 8 a 4 4 0 0 1 4 4 v 10 a 2 2 0 0 1 -2 2 H 6 a 2 2 0 0 1 -2 -2 z M 8 10 h 8 M 8 18 h 8 M 8 22 v -6 a 2 2 0 0 1 2 -2 h 4 a 2 2 0 0 1 2 2 v 6 M 9 6 V 4 a 2 2 0 0 1 2 -2 h 2 a 2 2 0 0 1 2 2 v 2
Badge	M 3.85 8.62 a 4 4 0 0 1 4.78 -4.77 4 4 0 0 1 6.74 0 4 4 0 0 1 4.78 4.78 4 4 0 0 1 0 6.74 4 4 0 0 1 -4.77 4.78 4 4 0 0 1 -6.75 0 4 4 0 0 1 -4.78 -4.77 4 4 0 0 1 0 -6.76 Z
BadgeAlert	M 3.85 8.62 a 4 4 0 0 1 4.78 -4.77 4 4 0 0 1 6.74 0 4 4 0 0 1 4.78 4.78 4 4 0 0 1 0 6.74 4 4 0 0 1 -4.77 4.78 4 4 0 0 1 -6.75 0 4 4 0 0 1 -4.78 -4.77 4 4 0 0 1 0 -6.76 Z M 12 8 L 12 12 M 12 16 L 12.01 16
BadgeCent	M 3.85 8.62 a 4 4 0 0 1 4.78 -4.77 4 4 0 0 1 6.74 0 4 4 0 0 1 4.78 4.78 4 4 0 0 1 0 6.74 4 4 0 0 1 -4.77 4.78 4 4 0 0 1 -6.75 0 4 4 0 0 1 -4.78 -4.77 4 4 0 0 1 0 -6.76 Z M 12 7 v 10 M 15.4 10 a 4 4 0 1 0 0 4
BadgeCheck	M 3.85 8.62 a 4 4 0 0 1 4.78 -4.77 4 4 0 0 1 6.74 0 4 4 0 0 1 4.78 4.78 4 4 0 0 1 0 6.74 4 4 0 0 1 -4.77 4.78 4 4 0 0 1 -6.75 0 4 4 0 0 1 -4.78 -4.77 4 4 0 0 1 0 -6.76 Z M 16 9 l -5.5 5.5 L 8 12
BadgeDollarSign	M 3.85 8.62 a 4 4 0 0 1 4.78 -4.77 4 4 0 0 1 6.74 0 4 4 0 0 1 4.78 4.78 4 4 0 0 1 0 6.74 4 4 0 0 1 -4.77 4.78 4 4 0 0 1 -6.75 0 4 4 0 0 1 -4.78 -4.77 4 4 0 0 1 0 -6.76 Z M 16 8 h -6 a 2 2 0 1 0 0 4 h 4 a 2 2 0 1 1 0 4 H 8 M 12 18 V 6
BadgeEuro	M 3.85 8.62 a 4 4 0 0 1 4.78 -4.77 4 4 0 0 1 6.74 0 4 4 0 0 1 4.78 4.78 4 4 0 0 1 0 6.74 4 4 0 0 1 -4.77 4.78 4 4 0 0 1 -6.75 0 4 4 0 0 1 -4.78 -4.77 4 4 0 0 1 0 -6.76 Z M 7 12 h 5 M 15 9.4 a 4 4 0 1 0 0 5.2
BadgeIndianRupee	M 3.85 8.62 a 4 4 0 0 1 4.78 -4.77 4 4 0 0 1 6.74 0 4 4 0 0 1 4.78 4.78 4 4 0 0 1 0 6.74 4 4 0 0 1 -4.77 4.78 4 4 0 0 1 -6.75 0 4 4 0 0 1 -4.78 -4.77 4 4 0 0 1 0 -6.76 Z M 8 8 h 8 M 8 12 h 8 M 13 17 l -5 -1 h 1 a 4 4 0 0 0 0 -8
BadgeInfo	M 3.85 8.62 a 4 4 0 0 1 4.78 -4.77 4 4 0 0 1 6.74 0 4 4 0 0 1 4.78 4.78 4 4 0 0 1 0 6.74 4 4 0 0 1 -4.77 4.78 4 4 0 0 1 -6.75 0 4 4 0 0 1 -4.78 -4.77 4 4 0 0 1 0 -6.76 Z M 12 16 L 12 12 M 12 8 L 12.01 8
BadgeJapaneseYen	M 3.85 8.62 a 4 4 0 0 1 4.78 -4.77 4 4 0 0 1 6.74 0 4 4 0 0 1 4.78 4.78 4 4 0 0 1 0 6.74 4 4 0 0 1 -4.77 4.78 4 4 0 0 1 -6.75 0 4 4 0 0 1 -4.78 -4.77 4 4 0 0 1 0 -6.76 Z M 9 8 l 3 3 v 7 M 12 11 l 3 -3 M 9 12 h 6 M 9 16 h 6
BadgeMinus	M 3.85 8.62 a 4 4 0 0 1 4.78 -4.77 4 4 0 0 1 6.74 0 4 4 0 0 1 4.78 4.78 4 4 0 0 1 0 6.74 4 4 0 0 1 -4.77 4.78 4 4 0 0 1 -6.75 0 4 4 0 0 1 -4.78 -4.77 4 4 0 0 1 0 -6.76 Z M 8 12 L 16 12
BadgePercent	M 3.85 8.62 a 4 4 0 0 1 4.78 -4.77 4 4 0 0 1 6.74 0 4 4 0 0 1 4.78 4.78 4 4 0 0 1 0 6.74 4 4 0 0 1 -4.77 4.78 4 4 0 0 1 -6.75 0 4 4 0 0 1 -4.78 -4.77 4 4 0 0 1 0 -6.76 Z M 15 9 l -6 6 M 9 9 h .01 M 15 15 h .01
BadgePlus	M 3.85 8.62 a 4 4 0 0 1 4.78 -4.77 4 4 0 0 1 6.74 0 4 4 0 0 1 4.78 4.78 4 4 0 0 1 0 6.74 4 4 0 0 1 -4.77 4.78 4 4 0 0 1 -6.75 0 4 4 0 0 1 -4.78 -4.77 4 4 0 0 1 0 -6.76 Z M 12 8 L 12 16 M 8 12 L 16 12
BadgePoundSterling	M 3.85 8.62 a 4 4 0 0 1 4.78 -4.77 4 4 0 0 1 6.74 0 4 4 0 0 1 4.78 4.78 4 4 0 0 1 0 6.74 4 4 0 0 1 -4.77 4.78 4 4 0 0 1 -6.75 0 4 4 0 0 1 -4.78 -4.77 4 4 0 0 1 0 -6.76 Z M 8 12 h 4 M 10 16 V 9.5 a 2.5 2.5 0 0 1 5 0 M 8 16 h 7
BadgeQuestionMark	M 3.85 8.62 a 4 4 0 0 1 4.78 -4.77 4 4 0 0 1 6.74 0 4 4 0 0 1 4.78 4.78 4 4 0 0 1 0 6.74 4 4 0 0 1 -4.77 4.78 4 4 0 0 1 -6.75 0 4 4 0 0 1 -4.78 -4.77 4 4 0 0 1 0 -6.76 Z M 9.09 9 a 3 3 0 0 1 5.83 1 c 0 2 -3 3 -3 3 M 12 17 L 12.01 17
BadgeRussianRuble	M 3.85 8.62 a 4 4 0 0 1 4.78 -4.77 4 4 0 0 1 6.74 0 4 4 0 0 1 4.78 4.78 4 4 0 0 1 0 6.74 4 4 0 0 1 -4.77 4.78 4 4 0 0 1 -6.75 0 4 4 0 0 1 -4.78 -4.77 4 4 0 0 1 0 -6.76 Z M 9 16 h 5 M 9 12 h 5 a 2 2 0 1 0 0 -4 h -3 v 9
BadgeSwissFranc	M 3.85 8.62 a 4 4 0 0 1 4.78 -4.77 4 4 0 0 1 6.74 0 4 4 0 0 1 4.78 4.78 4 4 0 0 1 0 6.74 4 4 0 0 1 -4.77 4.78 4 4 0 0 1 -6.75 0 4 4 0 0 1 -4.78 -4.77 4 4 0 0 1 0 -6.76 Z M 11 17 V 8 h 4 M 11 12 h 3 M 9 16 h 4
BadgeTurkishLira	M 11 7 v 10 a 5 5 0 0 0 5 -5 M 15 8 l -6 3 M 3.85 8.62 a 4 4 0 0 1 4.78 -4.77 4 4 0 0 1 6.74 0 4 4 0 0 1 4.78 4.78 4 4 0 0 1 0 6.74 4 4 0 0 1 -4.77 4.78 4 4 0 0 1 -6.75 0 4 4 0 0 1 -4.78 -4.77 4 4 0 0 1 0 -6.76
BadgeX	M 3.85 8.62 a 4 4 0 0 1 4.78 -4.77 4 4 0 0 1 6.74 0 4 4 0 0 1 4.78 4.78 4 4 0 0 1 0 6.74 4 4 0 0 1 -4.77 4.78 4 4 0 0 1 -6.75 0 4 4 0 0 1 -4.78 -4.77 4 4 0 0 1 0 -6.76 Z M 15 9 L 9 15 M 9 9 L 15 15
BaggageClaim	M 22 18 H 6 a 2 2 0 0 1 -2 -2 V 7 a 2 2 0 0 0 -2 -2 M 17 14 V 4 a 2 2 0 0 0 -2 -2 h -1 a 2 2 0 0 0 -2 2 v 10 M 9 6 h 11 a 1 1 0 0 1 1 1 v 6 a 1 1 0 0 1 -1 1 h -11 a 1 1 0 0 1 -1 -1 v -6 a 1 1 0 0 1 1 -1 Z M 16 20 a 2 2 0 1 0 4 0 a 2 2 0 1 0 -4 0 Z M 7 20 a 2 2 0 1 0 4 0 a 2 2 0 1 0 -4 0 Z
Balloon	M 12 16 v 1 a 2 2 0 0 0 2 2 h 1 a 2 2 0 0 1 2 2 v 1 M 12 6 a 2 2 0 0 1 2 2 M 18 8 c 0 4 -3.5 8 -6 8 s -6 -4 -6 -8 a 6 6 0 0 1 12 0
Ban	M 2 12 a 10 10 0 1 0 20 0 a 10 10 0 1 0 -20 0 Z M 4.929 4.929 19.07 19.071
Banana	M 4 13 c 3.5 -2 8 -2 10 2 a 5.5 5.5 0 0 1 8 5 M 5.15 17.89 c 5.52 -1.52 8.65 -6.89 7 -12 C 11.55 4 11.5 2 13 2 c 3.22 0 5 5.5 5 8 0 6.5 -4.2 12 -10.49 12 C 5.11 22 2 22 2 20 c 0 -1.5 1.14 -1.55 3.15 -2.11 Z
Bandage	M 10 10.01 h .01 M 10 14.01 h .01 M 14 10.01 h .01 M 14 14.01 h .01 M 18 6 v 12 M 6 6 v 12 M 4 6 h 16 a 2 2 0 0 1 2 2 v 8 a 2 2 0 0 1 -2 2 h -16 a 2 2 0 0 1 -2 -2 v -8 a 2 2 0 0 1 2 -2 Z
Banknote	M 4 6 h 16 a 2 2 0 0 1 2 2 v 8 a 2 2 0 0 1 -2 2 h -16 a 2 2 0 0 1 -2 -2 v -8 a 2 2 0 0 1 2 -2 Z M 10 12 a 2 2 0 1 0 4 0 a 2 2 0 1 0 -4 0 Z M 6 12 h .01 M 18 12 h .01
BanknoteArrowDown	M 12 18 H 4 a 2 2 0 0 1 -2 -2 V 8 a 2 2 0 0 1 2 -2 h 16 a 2 2 0 0 1 2 2 v 5 M 16 19 l 3 3 3 -3 M 18 12 h .01 M 19 16 v 6 M 6 12 h .01 M 10 12 a 2 2 0 1 0 4 0 a 2 2 0 1 0 -4 0 Z
BanknoteArrowUp	M 12 18 H 4 a 2 2 0 0 1 -2 -2 V 8 a 2 2 0 0 1 2 -2 h 16 a 2 2 0 0 1 2 2 v 5 M 18 12 h .01 M 19 22 v -6 M 22 19 l -3 -3 -3 3 M 6 12 h .01 M 10 12 a 2 2 0 1 0 4 0 a 2 2 0 1 0 -4 0 Z
BanknoteCheck	M 11.748 18 H 4 a 2 2 0 0 1 -2 -2 V 8 a 2 2 0 0 1 2 -2 h 16 a 2 2 0 0 1 2 2 v 4.875 M 16 19 l 2 2 4 -4 M 18 12 h .01 M 6 12 h .01 M 10 12 a 2 2 0 1 0 4 0 a 2 2 0 1 0 -4 0 Z
BanknoteX	M 13 18 H 4 a 2 2 0 0 1 -2 -2 V 8 a 2 2 0 0 1 2 -2 h 16 a 2 2 0 0 1 2 2 v 5 M 17 17 l 5 5 M 18 12 h .01 M 22 17 l -5 5 M 6 12 h .01 M 10 12 a 2 2 0 1 0 4 0 a 2 2 0 1 0 -4 0 Z
Barcode	M 3 5 v 14 M 8 5 v 14 M 12 5 v 14 M 17 5 v 14 M 21 5 v 14
Barrel	M 10 3 a 41 41 0 0 0 0 18 M 14 3 a 41 41 0 0 1 0 18 M 16.997 21 a 2 2 0 0 0 1.68 -.92 15.25 15.25 0 0 0 0 -16.16 2 2 0 0 0 -1.68 -.92 h -10 a 2 2 0 0 0 -1.681 .92 15.25 15.25 0 0 0 0 16.16 2 2 0 0 0 1.681 .92 z M 3.54 16 h 16.914 M 3.54 8 h 16.914
Baseline	M 4 20 h 16 M 6 16 l 6 -12 6 12 M 8 12 h 8
Bath	M 10 4 8 6 M 17 19 v 2 M 2 12 h 20 M 7 19 v 2 M 9 5 7.621 3.621 A 2.121 2.121 0 0 0 4 5 v 12 a 2 2 0 0 0 2 2 h 12 a 2 2 0 0 0 2 -2 v -5
Battery	M 22 14 L 22 10 M 4 6 h 12 a 2 2 0 0 1 2 2 v 8 a 2 2 0 0 1 -2 2 h -12 a 2 2 0 0 1 -2 -2 v -8 a 2 2 0 0 1 2 -2 Z
BatteryCharging	M 11 7 l -3 5 h 4 l -3 5 M 14.856 6 H 16 a 2 2 0 0 1 2 2 v 8 a 2 2 0 0 1 -2 2 h -2.935 M 22 14 v -4 M 5.14 18 H 4 a 2 2 0 0 1 -2 -2 V 8 a 2 2 0 0 1 2 -2 h 2.936
BatteryFull	M 10 10 v 4 M 14 10 v 4 M 22 14 v -4 M 6 10 v 4 M 4 6 h 12 a 2 2 0 0 1 2 2 v 8 a 2 2 0 0 1 -2 2 h -12 a 2 2 0 0 1 -2 -2 v -8 a 2 2 0 0 1 2 -2 Z
BatteryLow	M 22 14 v -4 M 6 14 v -4 M 4 6 h 12 a 2 2 0 0 1 2 2 v 8 a 2 2 0 0 1 -2 2 h -12 a 2 2 0 0 1 -2 -2 v -8 a 2 2 0 0 1 2 -2 Z
BatteryMedium	M 10 14 v -4 M 22 14 v -4 M 6 14 v -4 M 4 6 h 12 a 2 2 0 0 1 2 2 v 8 a 2 2 0 0 1 -2 2 h -12 a 2 2 0 0 1 -2 -2 v -8 a 2 2 0 0 1 2 -2 Z
BatteryPlus	M 10 9 v 6 M 12.543 6 H 16 a 2 2 0 0 1 2 2 v 8 a 2 2 0 0 1 -2 2 h -3.605 M 22 14 v -4 M 7 12 h 6 M 7.606 18 H 4 a 2 2 0 0 1 -2 -2 V 8 a 2 2 0 0 1 2 -2 h 3.606
BatteryWarning	M 10 17 h .01 M 10 7 v 6 M 14 6 h 2 a 2 2 0 0 1 2 2 v 8 a 2 2 0 0 1 -2 2 h -2 M 22 14 v -4 M 6 18 H 4 a 2 2 0 0 1 -2 -2 V 8 a 2 2 0 0 1 2 -2 h 2
Beaker	M 4.5 3 h 15 M 6 3 v 16 a 2 2 0 0 0 2 2 h 8 a 2 2 0 0 0 2 -2 V 3 M 6 14 h 12
Bean	M 10.165 6.598 C 9.954 7.478 9.64 8.36 9 9 c -.64 .64 -1.521 .954 -2.402 1.165 A 6 6 0 0 0 8 22 c 7.732 0 14 -6.268 14 -14 a 6 6 0 0 0 -11.835 -1.402 Z M 5.341 10.62 a 4 4 0 1 0 5.279 -5.28
BeanOff	M 9 9 c -.64 .64 -1.521 .954 -2.402 1.165 A 6 6 0 0 0 8 22 a 13.96 13.96 0 0 0 9.9 -4.1 M 10.75 5.093 A 6 6 0 0 1 22 8 c 0 2.411 -.61 4.68 -1.683 6.66 M 5.341 10.62 a 4 4 0 0 0 6.487 1.208 M 10.62 5.341 a 4.015 4.015 0 0 1 2.039 2.04 M 2 2 L 22 22
Bed	M 2 4 v 16 M 2 8 h 18 a 2 2 0 0 1 2 2 v 10 M 2 17 h 20 M 6 8 v 9
BedDouble	M 2 20 v -8 a 2 2 0 0 1 2 -2 h 16 a 2 2 0 0 1 2 2 v 8 M 4 10 V 6 a 2 2 0 0 1 2 -2 h 12 a 2 2 0 0 1 2 2 v 4 M 12 4 v 6 M 2 18 h 20
BedSingle	M 3 20 v -8 a 2 2 0 0 1 2 -2 h 14 a 2 2 0 0 1 2 2 v 8 M 5 10 V 6 a 2 2 0 0 1 2 -2 h 10 a 2 2 0 0 1 2 2 v 4 M 3 18 h 18
Beef	M 16.4 13.7 A 6.5 6.5 0 1 0 6.28 6.6 c -1.1 3.13 -.78 3.9 -3.18 6.08 A 3 3 0 0 0 5 18 c 4 0 8.4 -1.8 11.4 -4.3 M 18.5 6 l 1.754 3.5 a 6.48 6.48 0 0 1 -1.854 8.2 C 15.4 20.2 11 22 7 22 a 3 3 0 0 1 -2.68 -1.66 L 2.4 16.5 M 10 8.5 a 2.5 2.5 0 1 0 5 0 a 2.5 2.5 0 1 0 -5 0 Z
BeefOff	M 11.771 6.109 a 2.5 2.5 0 0 1 3.12 3.12 M 17.852 12.185 a 6.5 6.5 0 0 0 -9.035 -9.04 M 18.013 18.013 C 15.029 20.349 10.831 22 7 22 a 3 3 0 0 1 -2.68 -1.66 L 2.4 16.5 M 18.5 6 l 2.19 4.5 a 6.48 6.48 0 0 1 -.139 4.393 M 2 2 l 20 20 M 6.355 6.37 a 7 7 0 0 0 -.075 .23 c -1.1 3.13 -.78 3.9 -3.18 6.08 A 3 3 0 0 0 5 18 c 3.356 0 6.993 -1.267 9.85 -3.151
Beer	M 17 11 h 1 a 3 3 0 0 1 0 6 h -1 M 9 12 v 6 M 13 12 v 6 M 14 7.5 c -1 0 -1.44 .5 -3 .5 s -2 -.5 -3 -.5 -1.72 .5 -2.5 .5 a 2.5 2.5 0 0 1 0 -5 c .78 0 1.57 .5 2.5 .5 S 9.44 2 11 2 s 2 1.5 3 1.5 1.72 -.5 2.5 -.5 a 2.5 2.5 0 0 1 0 5 c -.78 0 -1.5 -.5 -2.5 -.5 Z M 5 8 v 12 a 2 2 0 0 0 2 2 h 8 a 2 2 0 0 0 2 -2 V 8
BeerOff	M 13 13 v 5 M 17 11.47 V 8 M 17 11 h 1 a 3 3 0 0 1 2.745 4.211 M 2 2 l 20 20 M 5 8 v 12 a 2 2 0 0 0 2 2 h 8 a 2 2 0 0 0 2 -2 v -3 M 7.536 7.535 C 6.766 7.649 6.154 8 5.5 8 a 2.5 2.5 0 0 1 -1.768 -4.268 M 8.727 3.204 C 9.306 2.767 9.885 2 11 2 c 1.56 0 2 1.5 3 1.5 s 1.72 -.5 2.5 -.5 a 1 1 0 1 1 0 5 c -.78 0 -1.5 -.5 -2.5 -.5 a 3.149 3.149 0 0 0 -.842 .12 M 9 14.6 V 18
Bell	M 10.268 21 a 2 2 0 0 0 3.464 0 M 3.262 15.326 A 1 1 0 0 0 4 17 h 16 a 1 1 0 0 0 .74 -1.673 C 19.41 13.956 18 12.499 18 8 A 6 6 0 0 0 6 8 c 0 4.499 -1.411 5.956 -2.738 7.326
BellCheck	M 10.268 21 a 2 2 0 0 0 3.464 0 M 15 8 l 2 2 4 -4 M 16.8607 4.4824 A 6 6 0 0 0 6 8 C 6 12.499 4.589 13.956 3.262 15.326 M 3.262 15.326 A 1 1 0 0 0 4 17 H 20 A 1 1 0 0 0 20.74 15.327 C 20.209 14.779 19.665 14.218 19.203 13.454
BellDot	M 10.268 21 a 2 2 0 0 0 3.464 0 M 11.68 2.009 A 6 6 0 0 0 6 8 c 0 4.499 -1.411 5.956 -2.738 7.326 A 1 1 0 0 0 4 17 h 16 a 1 1 0 0 0 .74 -1.673 c -.824 -.85 -1.678 -1.731 -2.21 -3.348 M 15 5 a 3 3 0 1 0 6 0 a 3 3 0 1 0 -6 0 Z
BellElectric	M 18.518 17.347 A 7 7 0 0 1 14 19 M 18.8 4 A 11 11 0 0 1 20 9 M 9 9 h .01 M 18 16 a 2 2 0 1 0 4 0 a 2 2 0 1 0 -4 0 Z M 2 9 a 7 7 0 1 0 14 0 a 7 7 0 1 0 -14 0 Z M 6 16 h 6 a 2 2 0 0 1 2 2 v 2 a 2 2 0 0 1 -2 2 h -6 a 2 2 0 0 1 -2 -2 v -2 a 2 2 0 0 1 2 -2 Z
BellMinus	M 10.268 21 a 2 2 0 0 0 3.464 0 M 15 8 h 6 M 16.243 3.757 A 6 6 0 0 0 6 8 c 0 4.499 -1.411 5.956 -2.738 7.326 A 1 1 0 0 0 4 17 h 16 a 1 1 0 0 0 .74 -1.673 A 9.4 9.4 0 0 1 18.667 12
BellOff	M 10.268 21 a 2 2 0 0 0 3.464 0 M 17 17 H 4 a 1 1 0 0 1 -.74 -1.673 C 4.59 13.956 6 12.499 6 8 a 6 6 0 0 1 .258 -1.742 M 2 2 l 20 20 M 8.668 3.01 A 6 6 0 0 1 18 8 c 0 2.687 .77 4.653 1.707 6.05
BellPlus	M 10.268 21 a 2 2 0 0 0 3.464 0 M 15 8 h 6 M 18 5 v 6 M 20.002 14.464 a 9 9 0 0 0 .738 .863 A 1 1 0 0 1 20 17 H 4 a 1 1 0 0 1 -.74 -1.673 C 4.59 13.956 6 12.499 6 8 a 6 6 0 0 1 8.75 -5.332
BellRing	M 10.268 21 a 2 2 0 0 0 3.464 0 M 22 8 c 0 -2.3 -.8 -4.3 -2 -6 M 3.262 15.326 A 1 1 0 0 0 4 17 h 16 a 1 1 0 0 0 .74 -1.673 C 19.41 13.956 18 12.499 18 8 A 6 6 0 0 0 6 8 c 0 4.499 -1.411 5.956 -2.738 7.326 M 4 2 C 2.8 3.7 2 5.7 2 8
BetweenHorizontalEnd	M 4 3 h 11 a 1 1 0 0 1 1 1 v 5 a 1 1 0 0 1 -1 1 h -11 a 1 1 0 0 1 -1 -1 v -5 a 1 1 0 0 1 1 -1 Z M 22 15 l -3 -3 3 -3 M 4 14 h 11 a 1 1 0 0 1 1 1 v 5 a 1 1 0 0 1 -1 1 h -11 a 1 1 0 0 1 -1 -1 v -5 a 1 1 0 0 1 1 -1 Z
BetweenHorizontalStart	M 9 3 h 11 a 1 1 0 0 1 1 1 v 5 a 1 1 0 0 1 -1 1 h -11 a 1 1 0 0 1 -1 -1 v -5 a 1 1 0 0 1 1 -1 Z M 2 9 l 3 3 -3 3 M 9 14 h 11 a 1 1 0 0 1 1 1 v 5 a 1 1 0 0 1 -1 1 h -11 a 1 1 0 0 1 -1 -1 v -5 a 1 1 0 0 1 1 -1 Z
BetweenVerticalEnd	M 4 3 h 5 a 1 1 0 0 1 1 1 v 11 a 1 1 0 0 1 -1 1 h -5 a 1 1 0 0 1 -1 -1 v -11 a 1 1 0 0 1 1 -1 Z M 9 22 l 3 -3 3 3 M 15 3 h 5 a 1 1 0 0 1 1 1 v 11 a 1 1 0 0 1 -1 1 h -5 a 1 1 0 0 1 -1 -1 v -11 a 1 1 0 0 1 1 -1 Z
BetweenVerticalStart	M 4 8 h 5 a 1 1 0 0 1 1 1 v 11 a 1 1 0 0 1 -1 1 h -5 a 1 1 0 0 1 -1 -1 v -11 a 1 1 0 0 1 1 -1 Z M 15 2 l -3 3 -3 -3 M 15 8 h 5 a 1 1 0 0 1 1 1 v 11 a 1 1 0 0 1 -1 1 h -5 a 1 1 0 0 1 -1 -1 v -11 a 1 1 0 0 1 1 -1 Z
BicepsFlexed	M 12.409 13.017 A 5 5 0 0 1 22 15 c 0 3.866 -4 7 -9 7 -4.077 0 -8.153 -.82 -10.371 -2.462 -.426 -.316 -.631 -.832 -.62 -1.362 C 2.118 12.723 2.627 2 10 2 a 3 3 0 0 1 3 3 2 2 0 0 1 -2 2 c -1.105 0 -1.64 -.444 -2 -1 M 15 14 a 5 5 0 0 0 -7.584 2 M 9.964 6.825 C 8.019 7.977 9.5 13 8 15
Bike	M 15 17.5 a 3.5 3.5 0 1 0 7 0 a 3.5 3.5 0 1 0 -7 0 Z M 2 17.5 a 3.5 3.5 0 1 0 7 0 a 3.5 3.5 0 1 0 -7 0 Z M 14 5 a 1 1 0 1 0 2 0 a 1 1 0 1 0 -2 0 Z M 12 17.5 V 14 l -3 -3 4 -3 2 3 h 2
Binary	M 16 14 h 0 a 2 2 0 0 1 2 2 v 2 a 2 2 0 0 1 -2 2 h 0 a 2 2 0 0 1 -2 -2 v -2 a 2 2 0 0 1 2 -2 Z M 8 4 h 0 a 2 2 0 0 1 2 2 v 2 a 2 2 0 0 1 -2 2 h 0 a 2 2 0 0 1 -2 -2 v -2 a 2 2 0 0 1 2 -2 Z M 6 20 h 4 M 14 10 h 4 M 6 14 h 2 v 6 M 14 4 h 2 v 6
Binoculars	M 10 10 h 4 M 19 7 V 4 a 1 1 0 0 0 -1 -1 h -2 a 1 1 0 0 0 -1 1 v 3 M 20 21 a 2 2 0 0 0 2 -2 v -3.851 c 0 -1.39 -2 -2.962 -2 -4.829 V 8 a 1 1 0 0 0 -1 -1 h -4 a 1 1 0 0 0 -1 1 v 11 a 2 2 0 0 0 2 2 z M 22 16 L 2 16 M 4 21 a 2 2 0 0 1 -2 -2 v -3.851 c 0 -1.39 2 -2.962 2 -4.829 V 8 a 1 1 0 0 1 1 -1 h 4 a 1 1 0 0 1 1 1 v 11 a 2 2 0 0 1 -2 2 z M 9 7 V 4 a 1 1 0 0 0 -1 -1 H 6 a 1 1 0 0 0 -1 1 v 3
Biohazard	M 10 11.9 a 2 2 0 1 0 4 0 a 2 2 0 1 0 -4 0 Z M 6.7 3.4 c -.9 2.5 0 5.2 2.2 6.7 C 6.5 9 3.7 9.6 2 11.6 M 8.9 10.1 l 1.4 .8 M 17.3 3.4 c .9 2.5 0 5.2 -2.2 6.7 2.4 -1.2 5.2 -.6 6.9 1.5 M 15.1 10.1 l -1.4 .8 M 16.7 20.8 c -2.6 -.4 -4.6 -2.6 -4.7 -5.3 -.2 2.6 -2.1 4.8 -4.7 5.2 M 12 13.9 v 1.6 M 13.5 5.4 c -1 -.2 -2 -.2 -3 0 M 17 16.4 c .7 -.7 1.2 -1.6 1.5 -2.5 M 5.5 13.9 c .3 .9 .8 1.8 1.5 2.5
Bird	M 16 7 h .01 M 3.4 18 H 12 a 8 8 0 0 0 8 -8 V 7 a 4 4 0 0 0 -7.28 -2.3 L 2 20 M 20 7 l 2 .5 -2 .5 M 10 18 v 3 M 14 17.75 V 21 M 7 18 a 6 6 0 0 0 3.84 -10.61
Birdhouse	M 12 18 v 4 M 17 18 l 1.956 -11.468 M 3 8 l 7.82 -5.615 a 2 2 0 0 1 2.36 0 L 21 8 M 4 18 h 16 M 7 18 5.044 6.532 M 10 10 a 2 2 0 1 0 4 0 a 2 2 0 1 0 -4 0 Z
Bitcoin	M 11.767 19.089 c 4.924 .868 6.14 -6.025 1.216 -6.894 m -1.216 6.894 L 5.86 18.047 m 5.908 1.042 -.347 1.97 m 1.563 -8.864 c 4.924 .869 6.14 -6.025 1.215 -6.893 m -1.215 6.893 -3.94 -.694 m 5.155 -6.2 L 8.29 4.26 m 5.908 1.042 .348 -1.97 M 7.48 20.364 l 3.126 -17.727
Blend	M 8 9 a 7 7 0 1 0 14 0 a 7 7 0 1 0 -14 0 Z M 2 15 a 7 7 0 1 0 14 0 a 7 7 0 1 0 -14 0 Z
Blender	M 8 14 a 2 2 0 0 0 -1.963 1.615 l -1.018 5.193 A 1 1 0 0 0 6 22 h 12 a 1 1 0 0 0 .981 -1.192 l -1.018 -5.193 A 2 2 0 0 0 16 14 z M 17 2 l -1 12 M 8.006 14 7 2 M 7.565 8.787 A 5 5 0 0 0 12 8 a 5 5 0 0 1 4.56 -.75 M 19 2 H 5 a 2 2 0 0 0 -2 2 v 5 a 2 2 0 0 0 .688 1.5 M 12 18 h .01
Blinds	M 3 3 h 18 M 20 7 H 8 M 20 11 H 8 M 10 19 h 10 M 8 15 h 12 M 4 3 v 14 M 2 19 a 2 2 0 1 0 4 0 a 2 2 0 1 0 -4 0 Z
Blocks	M 10 22 V 7 a 1 1 0 0 0 -1 -1 H 4 a 2 2 0 0 0 -2 2 v 12 a 2 2 0 0 0 2 2 h 12 a 2 2 0 0 0 2 -2 v -5 a 1 1 0 0 0 -1 -1 H 2 M 15 2 h 6 a 1 1 0 0 1 1 1 v 6 a 1 1 0 0 1 -1 1 h -6 a 1 1 0 0 1 -1 -1 v -6 a 1 1 0 0 1 1 -1 Z
Bluetooth	M 7 7 l 10 10 -5 5 V 2 l 5 5 L 7 17
BluetoothConnected	M 7 7 l 10 10 -5 5 V 2 l 5 5 L 7 17 M 18 12 L 21 12 M 3 12 L 6 12
BluetoothOff	M 17 17 l -5 5 V 12 l -5 5 M 2 2 l 20 20 M 14.5 9.5 17 7 l -5 -5 v 4.5
BluetoothSearching	M 7 7 l 10 10 -5 5 V 2 l 5 5 L 7 17 M 20.83 14.83 a 4 4 0 0 0 0 -5.66 M 18 12 h .01
Bold	M 6 12 h 9 a 4 4 0 0 1 0 8 H 7 a 1 1 0 0 1 -1 -1 V 5 a 1 1 0 0 1 1 -1 h 7 a 4 4 0 0 1 0 8
Bolt	M 21 16 V 8 a 2 2 0 0 0 -1 -1.73 l -7 -4 a 2 2 0 0 0 -2 0 l -7 4 A 2 2 0 0 0 3 8 v 8 a 2 2 0 0 0 1 1.73 l 7 4 a 2 2 0 0 0 2 0 l 7 -4 A 2 2 0 0 0 21 16 z M 8 12 a 4 4 0 1 0 8 0 a 4 4 0 1 0 -8 0 Z
Bomb	M 2 13 a 9 9 0 1 0 18 0 a 9 9 0 1 0 -18 0 Z M 14.35 4.65 16.3 2.7 a 2.41 2.41 0 0 1 3.4 0 l 1.6 1.6 a 2.4 2.4 0 0 1 0 3.4 l -1.95 1.95 M 22 2 l -1.5 1.5
Bone	M 17 10 c .7 -.7 1.69 0 2.5 0 a 2.5 2.5 0 1 0 0 -5 .5 .5 0 0 1 -.5 -.5 2.5 2.5 0 1 0 -5 0 c 0 .81 .7 1.8 0 2.5 l -7 7 c -.7 .7 -1.69 0 -2.5 0 a 2.5 2.5 0 0 0 0 5 c .28 0 .5 .22 .5 .5 a 2.5 2.5 0 1 0 5 0 c 0 -.81 -.7 -1.8 0 -2.5 Z
BoneFracture	M 14 4.5 a 1 1 0 0 1 5 0 .5 .5 0 0 0 .5 .5 1 1 0 0 1 0 5 c -.81 0 -1.8 -.7 -2.5 0 l -1.958 1.957 a .15 .15 0 0 1 -.252 -.072 l -.493 -2.07 a .15 .15 0 0 0 -.111 -.112 l -2.072 -.494 a .15 .15 0 0 1 -.072 -.252 L 14 7 c .7 -.7 0 -1.69 0 -2.5 M 16 20 l -1 -2 M 20 16 l -2 -1 M 4 8 l 2 1 M 8 4 l 1 2 M 9.698 14.19 a .15 .15 0 0 0 .112 .112 l 2.074 .489 a .15 .15 0 0 1 .072 .252 L 10 17 c -.7 .7 0 1.69 0 2.5 a 1 1 0 0 1 -5 0 .495 .495 0 0 0 -.5 -.5 1 1 0 0 1 0 -5 c .81 0 1.8 .7 2.5 0 l 1.956 -1.957 a .15 .15 0 0 1 .252 .072 z
Book	M 4 19.5 v -15 A 2.5 2.5 0 0 1 6.5 2 H 19 a 1 1 0 0 1 1 1 v 18 a 1 1 0 0 1 -1 1 H 6.5 a 1 1 0 0 1 0 -5 H 20
BookA	M 4 19.5 v -15 A 2.5 2.5 0 0 1 6.5 2 H 19 a 1 1 0 0 1 1 1 v 18 a 1 1 0 0 1 -1 1 H 6.5 a 1 1 0 0 1 0 -5 H 20 M 8 13 l 4 -7 4 7 M 9.1 11 h 5.7
BookAlert	M 12 13 h .01 M 12 6 v 3 M 4 19.5 v -15 A 2.5 2.5 0 0 1 6.5 2 H 19 a 1 1 0 0 1 1 1 v 18 a 1 1 0 0 1 -1 1 H 6.5 a 1 1 0 0 1 0 -5 H 20
BookAudio	M 12 6 v 7 M 16 8 v 3 M 4 19.5 v -15 A 2.5 2.5 0 0 1 6.5 2 H 19 a 1 1 0 0 1 1 1 v 18 a 1 1 0 0 1 -1 1 H 6.5 a 1 1 0 0 1 0 -5 H 20 M 8 8 v 3
BookBookmark	M 10 2 v 7.751 a .25 .25 0 0 0 .407 .195 l 2.28 -1.834 a .5 .5 0 0 1 .627 0 l 2.28 1.834 A .25 .25 0 0 0 16 9.751 V 2 M 4 19.5 v -15 A 2.5 2.5 0 0 1 6.5 2 H 19 a 1 1 0 0 1 1 1 v 18 a 1 1 0 0 1 -1 1 H 6.5 a 1 1 0 0 1 0 -5 H 20
BookCheck	M 4 19.5 v -15 A 2.5 2.5 0 0 1 6.5 2 H 19 a 1 1 0 0 1 1 1 v 18 a 1 1 0 0 1 -1 1 H 6.5 a 1 1 0 0 1 0 -5 H 20 M 9 9.5 l 2 2 4 -4
BookCopy	M 5 7 a 2 2 0 0 0 -2 2 v 11 M 5.803 18 H 5 a 2 2 0 0 0 0 4 h 9.5 a .5 .5 0 0 0 .5 -.5 V 21 M 9 15 V 4 a 2 2 0 0 1 2 -2 h 9.5 a .5 .5 0 0 1 .5 .5 v 14 a .5 .5 0 0 1 -.5 .5 H 11 a 2 2 0 0 1 0 -4 h 10
BookDashed	M 12 17 h 1.5 M 12 22 h 1.5 M 12 2 h 1.5 M 17.5 22 H 19 a 1 1 0 0 0 1 -1 M 17.5 2 H 19 a 1 1 0 0 1 1 1 v 1.5 M 20 14 v 3 h -2.5 M 20 8.5 V 10 M 4 10 V 8.5 M 4 19.5 V 14 M 4 4.5 A 2.5 2.5 0 0 1 6.5 2 H 8 M 8 22 H 6.5 a 1 1 0 0 1 0 -5 H 8
BookDown	M 12 13 V 7 M 4 19.5 v -15 A 2.5 2.5 0 0 1 6.5 2 H 19 a 1 1 0 0 1 1 1 v 18 a 1 1 0 0 1 -1 1 H 6.5 a 1 1 0 0 1 0 -5 H 20 M 9 10 l 3 3 3 -3
BookHeadphones	M 4 19.5 v -15 A 2.5 2.5 0 0 1 6.5 2 H 19 a 1 1 0 0 1 1 1 v 18 a 1 1 0 0 1 -1 1 H 6.5 a 1 1 0 0 1 0 -5 H 20 M 8 12 v -2 a 4 4 0 0 1 8 0 v 2 M 14 12 a 1 1 0 1 0 2 0 a 1 1 0 1 0 -2 0 Z M 8 12 a 1 1 0 1 0 2 0 a 1 1 0 1 0 -2 0 Z
BookHeart	M 4 19.5 v -15 A 2.5 2.5 0 0 1 6.5 2 H 19 a 1 1 0 0 1 1 1 v 18 a 1 1 0 0 1 -1 1 H 6.5 a 1 1 0 0 1 0 -5 H 20 M 8.62 9.8 A 2.25 2.25 0 1 1 12 6.836 a 2.25 2.25 0 1 1 3.38 2.966 l -2.626 2.856 a .998 .998 0 0 1 -1.507 0 z
BookImage	M 20 13.7 l -2.1 -2.1 a 2 2 0 0 0 -2.8 0 L 9.7 17 M 4 19.5 v -15 A 2.5 2.5 0 0 1 6.5 2 H 19 a 1 1 0 0 1 1 1 v 18 a 1 1 0 0 1 -1 1 H 6.5 a 1 1 0 0 1 0 -5 H 20 M 8 8 a 2 2 0 1 0 4 0 a 2 2 0 1 0 -4 0 Z
BookKey	M 13 2 H 6.5 A 2.5 2.5 0 0 0 4 4.5 v 15 M 17 2 v 6 M 17 4 h 2 M 20 15.2 V 21 a 1 1 0 0 1 -1 1 H 6.5 a 1 1 0 0 1 0 -5 H 20 M 15 10 a 2 2 0 1 0 4 0 a 2 2 0 1 0 -4 0 Z
BookLock	M 18 6 V 4 a 2 2 0 1 0 -4 0 v 2 M 20 15 v 6 a 1 1 0 0 1 -1 1 H 6.5 a 1 1 0 0 1 0 -5 H 20 M 4 19.5 v -15 A 2.5 2.5 0 0 1 6.5 2 H 10 M 13 6 h 6 a 1 1 0 0 1 1 1 v 3 a 1 1 0 0 1 -1 1 h -6 a 1 1 0 0 1 -1 -1 v -3 a 1 1 0 0 1 1 -1 Z
BookMinus	M 4 19.5 v -15 A 2.5 2.5 0 0 1 6.5 2 H 19 a 1 1 0 0 1 1 1 v 18 a 1 1 0 0 1 -1 1 H 6.5 a 1 1 0 0 1 0 -5 H 20 M 9 10 h 6
BookOpen	M 12 5 v 16 M 20.001 19 A 2 2 0 0 0 22 17 V 5 a 2 2 0 0 0 -1.999 -2 L 16 3.002 A 5 5 0 0 0 12 5 a 5 5 0 0 0 -4 -2 H 4 a 2 2 0 0 0 -2 2 v 12 a 2 2 0 0 0 1.999 2 H 8 a 5 5 0 0 1 4 2 5 5 0 0 1 4 -2 z
BookOpenCheck	M 12 5 v 16 M 16 12 l 2 2 4 -4 M 22 6 V 5 a 2 2 0 0 0 -1.999 -2 L 16 3.002 A 5 5 0 0 0 12 5 a 5 5 0 0 0 -4 -2 H 4 a 2 2 0 0 0 -2 2 v 12 a 2 2 0 0 0 1.999 2 H 8 a 5 5 0 0 1 4 2 5 5 0 0 1 4 -2 h 4.001 A 2 2 0 0 0 22 17 v -1.344
BookOpenText	M 12 5 v 16 M 16 13 h 2 M 16 9 h 2 M 20.001 19 A 2 2 0 0 0 22 17 V 5 a 2 2 0 0 0 -1.999 -2 L 16 3.002 A 5 5 0 0 0 12 5 a 5 5 0 0 0 -4 -2 H 4 a 2 2 0 0 0 -2 2 v 12 a 2 2 0 0 0 1.999 2 H 8 a 5 5 0 0 1 4 2 5 5 0 0 1 4 -2 z M 6 13 h 2 M 6 9 h 2
BookPlus	M 12 7 v 6 M 4 19.5 v -15 A 2.5 2.5 0 0 1 6.5 2 H 19 a 1 1 0 0 1 1 1 v 18 a 1 1 0 0 1 -1 1 H 6.5 a 1 1 0 0 1 0 -5 H 20 M 9 10 h 6
BookSearch	M 11 22 H 5.5 a 1 1 0 0 1 0 -5 h 4.501 M 21 22 l -1.879 -1.878 M 3 19.5 v -15 A 2.5 2.5 0 0 1 5.5 2 H 18 a 1 1 0 0 1 1 1 v 8 M 14 18 a 3 3 0 1 0 6 0 a 3 3 0 1 0 -6 0 Z
BookText	M 4 19.5 v -15 A 2.5 2.5 0 0 1 6.5 2 H 19 a 1 1 0 0 1 1 1 v 18 a 1 1 0 0 1 -1 1 H 6.5 a 1 1 0 0 1 0 -5 H 20 M 8 11 h 8 M 8 7 h 6
BookType	M 10 13 h 4 M 12 6 v 7 M 16 8 V 6 H 8 v 2 M 4 19.5 v -15 A 2.5 2.5 0 0 1 6.5 2 H 19 a 1 1 0 0 1 1 1 v 18 a 1 1 0 0 1 -1 1 H 6.5 a 1 1 0 0 1 0 -5 H 20
BookUp	M 12 13 V 7 M 4 19.5 v -15 A 2.5 2.5 0 0 1 6.5 2 H 19 a 1 1 0 0 1 1 1 v 18 a 1 1 0 0 1 -1 1 H 6.5 a 1 1 0 0 1 0 -5 H 20 M 9 10 l 3 -3 3 3
BookUp2	M 12 13 V 7 M 18 2 h 1 a 1 1 0 0 1 1 1 v 18 a 1 1 0 0 1 -1 1 H 6.5 a 1 1 0 0 1 0 -5 H 20 M 4 19.5 v -15 A 2.5 2.5 0 0 1 6.5 2 M 9 10 l 3 -3 3 3 M 9 5 l 3 -3 3 3
BookUser	M 15 13 a 3 3 0 1 0 -6 0 M 4 19.5 v -15 A 2.5 2.5 0 0 1 6.5 2 H 19 a 1 1 0 0 1 1 1 v 18 a 1 1 0 0 1 -1 1 H 6.5 a 1 1 0 0 1 0 -5 H 20 M 10 8 a 2 2 0 1 0 4 0 a 2 2 0 1 0 -4 0 Z
BookX	M 14.5 7.5 l -5 5 M 4 19.5 v -15 A 2.5 2.5 0 0 1 6.5 2 H 19 a 1 1 0 0 1 1 1 v 18 a 1 1 0 0 1 -1 1 H 6.5 a 1 1 0 0 1 0 -5 H 20 M 9.5 7.5 l 5 5
Bookmark	M 17 3 a 2 2 0 0 1 2 2 v 15 a 1 1 0 0 1 -1.496 .868 l -4.512 -2.578 a 2 2 0 0 0 -1.984 0 l -4.512 2.578 A 1 1 0 0 1 5 20 V 5 a 2 2 0 0 1 2 -2 z
BookmarkCheck	M 17 3 a 2 2 0 0 1 2 2 v 15 a 1 1 0 0 1 -1.496 .868 l -4.512 -2.578 a 2 2 0 0 0 -1.984 0 l -4.512 2.578 A 1 1 0 0 1 5 20 V 5 a 2 2 0 0 1 2 -2 z M 9 10 l 2 2 4 -4
BookmarkMinus	M 15 10 H 9 M 17 3 a 2 2 0 0 1 2 2 v 15 a 1 1 0 0 1 -1.496 .868 l -4.512 -2.578 a 2 2 0 0 0 -1.984 0 l -4.512 2.578 A 1 1 0 0 1 5 20 V 5 a 2 2 0 0 1 2 -2 z
BookmarkOff	M 19 19 v 1 a 1 1 0 0 1 -1.496 .868 l -4.512 -2.578 a 2 2 0 0 0 -1.984 0 l -4.512 2.578 A 1 1 0 0 1 5 20 V 5 M 2 2 l 20 20 M 8.656 3 H 17 a 2 2 0 0 1 2 2 v 8.344
BookmarkPlus	M 12 7 v 6 M 15 10 H 9 M 17 3 a 2 2 0 0 1 2 2 v 15 a 1 1 0 0 1 -1.496 .868 l -4.512 -2.578 a 2 2 0 0 0 -1.984 0 l -4.512 2.578 A 1 1 0 0 1 5 20 V 5 a 2 2 0 0 1 2 -2 z
BookmarkX	M 14.5 7.5 l -5 5 M 17 3 a 2 2 0 0 1 2 2 v 15 a 1 1 0 0 1 -1.496 .868 l -4.512 -2.578 a 2 2 0 0 0 -1.984 0 l -4.512 2.578 A 1 1 0 0 1 5 20 V 5 a 2 2 0 0 1 2 -2 z M 9.5 7.5 l 5 5
BoomBox	M 4 9 V 5 a 2 2 0 0 1 2 -2 h 12 a 2 2 0 0 1 2 2 v 4 M 8 8 v 1 M 12 8 v 1 M 16 8 v 1 M 4 9 h 16 a 2 2 0 0 1 2 2 v 8 a 2 2 0 0 1 -2 2 h -16 a 2 2 0 0 1 -2 -2 v -8 a 2 2 0 0 1 2 -2 Z M 6 15 a 2 2 0 1 0 4 0 a 2 2 0 1 0 -4 0 Z M 14 15 a 2 2 0 1 0 4 0 a 2 2 0 1 0 -4 0 Z
Bot	M 12 8 V 4 H 8 M 6 8 h 12 a 2 2 0 0 1 2 2 v 8 a 2 2 0 0 1 -2 2 h -12 a 2 2 0 0 1 -2 -2 v -8 a 2 2 0 0 1 2 -2 Z M 2 14 h 2 M 20 14 h 2 M 15 13 v 2 M 9 13 v 2
BotMessageSquare	M 12 6 V 2 H 8 M 15 11 v 2 M 2 12 h 2 M 20 12 h 2 M 20 16 a 2 2 0 0 1 -2 2 H 8.828 a 2 2 0 0 0 -1.414 .586 l -2.202 2.202 A .71 .71 0 0 1 4 20.286 V 8 a 2 2 0 0 1 2 -2 h 12 a 2 2 0 0 1 2 2 z M 9 11 v 2
BotOff	M 13.67 8 H 18 a 2 2 0 0 1 2 2 v 4.33 M 2 14 h 2 M 20 14 h 2 M 22 22 2 2 M 8 8 H 6 a 2 2 0 0 0 -2 2 v 8 a 2 2 0 0 0 2 2 h 12 a 2 2 0 0 0 1.414 -.586 M 9 13 v 2 M 9.67 4 H 12 v 2.33
BottleWine	M 10 3 a 1 1 0 0 1 1 -1 h 2 a 1 1 0 0 1 1 1 v 2 a 6 6 0 0 0 1.2 3.6 l .6 .8 A 6 6 0 0 1 17 13 v 8 a 1 1 0 0 1 -1 1 H 8 a 1 1 0 0 1 -1 -1 v -8 a 6 6 0 0 1 1.2 -3.6 l .6 -.8 A 6 6 0 0 0 10 5 z M 17 13 h -4 a 1 1 0 0 0 -1 1 v 3 a 1 1 0 0 0 1 1 h 4
BowArrow	M 17 3 h 4 v 4 M 18.575 11.082 a 13 13 0 0 1 1.048 9.027 1.17 1.17 0 0 1 -1.914 .597 L 14 17 M 7 10 3.29 6.29 a 1.17 1.17 0 0 1 .6 -1.91 13 13 0 0 1 9.03 1.05 M 7 14 a 1.7 1.7 0 0 0 -1.207 .5 l -2.646 2.646 A .5 .5 0 0 0 3.5 18 H 5 a 1 1 0 0 1 1 1 v 1.5 a .5 .5 0 0 0 .854 .354 L 9.5 18.207 A 1.7 1.7 0 0 0 10 17 v -2 a 1 1 0 0 0 -1 -1 z M 9.707 14.293 21 3
Box	M 21 8 a 2 2 0 0 0 -1 -1.73 l -7 -4 a 2 2 0 0 0 -2 0 l -7 4 A 2 2 0 0 0 3 8 v 8 a 2 2 0 0 0 1 1.73 l 7 4 a 2 2 0 0 0 2 0 l 7 -4 A 2 2 0 0 0 21 16 Z M 3.3 7 l 8.7 5 8.7 -5 M 12 22 V 12
Boxes	M 2.97 12.92 A 2 2 0 0 0 2 14.63 v 3.24 a 2 2 0 0 0 .97 1.71 l 3 1.8 a 2 2 0 0 0 2.06 0 L 12 19 v -5.5 l -5 -3 -4.03 2.42 Z M 7 16.5 l -4.74 -2.85 M 7 16.5 l 5 -3 M 7 16.5 v 5.17 M 12 13.5 V 19 l 3.97 2.38 a 2 2 0 0 0 2.06 0 l 3 -1.8 a 2 2 0 0 0 .97 -1.71 v -3.24 a 2 2 0 0 0 -.97 -1.71 L 17 10.5 l -5 3 Z M 17 16.5 l -5 -3 M 17 16.5 l 4.74 -2.85 M 17 16.5 v 5.17 M 7.97 4.42 A 2 2 0 0 0 7 6.13 v 4.37 l 5 3 5 -3 V 6.13 a 2 2 0 0 0 -.97 -1.71 l -3 -1.8 a 2 2 0 0 0 -2.06 0 l -3 1.8 Z M 12 8 7.26 5.15 M 12 8 l 4.74 -2.85 M 12 13.5 V 8
Braces	M 8 3 H 7 a 2 2 0 0 0 -2 2 v 5 a 2 2 0 0 1 -2 2 2 2 0 0 1 2 2 v 5 c 0 1.1 .9 2 2 2 h 1 M 16 21 h 1 a 2 2 0 0 0 2 -2 v -5 c 0 -1.1 .9 -2 2 -2 a 2 2 0 0 1 -2 -2 V 5 a 2 2 0 0 0 -2 -2 h -1
Brackets	M 16 3 h 3 a 1 1 0 0 1 1 1 v 16 a 1 1 0 0 1 -1 1 h -3 M 8 21 H 5 a 1 1 0 0 1 -1 -1 V 4 a 1 1 0 0 1 1 -1 h 3
Brain	M 12 18 V 5 M 15 13 a 4.17 4.17 0 0 1 -3 -4 4.17 4.17 0 0 1 -3 4 M 17.598 6.5 A 3 3 0 1 0 12 5 a 3 3 0 1 0 -5.598 1.5 M 17.997 5.125 a 4 4 0 0 1 2.526 5.77 M 18 18 a 4 4 0 0 0 2 -7.464 M 19.967 17.483 A 4 4 0 1 1 12 18 a 4 4 0 1 1 -7.967 -.517 M 6 18 a 4 4 0 0 1 -2 -7.464 M 6.003 5.125 a 4 4 0 0 0 -2.526 5.77
BrainCircuit	M 12 5 a 3 3 0 1 0 -5.997 .125 4 4 0 0 0 -2.526 5.77 4 4 0 0 0 .556 6.588 A 4 4 0 1 0 12 18 Z M 9 13 a 4.5 4.5 0 0 0 3 -4 M 6.003 5.125 A 3 3 0 0 0 6.401 6.5 M 3.477 10.896 a 4 4 0 0 1 .585 -.396 M 6 18 a 4 4 0 0 1 -1.967 -.516 M 12 13 h 4 M 12 18 h 6 a 2 2 0 0 1 2 2 v 1 M 12 8 h 8 M 16 8 V 5 a 2 2 0 0 1 2 -2 M 15.5 13 a 0.5 0.5 0 1 0 1 0 a 0.5 0.5 0 1 0 -1 0 Z M 17.5 3 a 0.5 0.5 0 1 0 1 0 a 0.5 0.5 0 1 0 -1 0 Z M 19.5 21 a 0.5 0.5 0 1 0 1 0 a 0.5 0.5 0 1 0 -1 0 Z M 19.5 8 a 0.5 0.5 0 1 0 1 0 a 0.5 0.5 0 1 0 -1 0 Z
BrainCog	M 10.852 14.772 l -.383 .923 M 10.852 9.228 l -.383 -.923 M 13.148 14.772 l .382 .924 M 13.531 8.305 l -.383 .923 M 14.772 10.852 l .923 -.383 M 14.772 13.148 l .923 .383 M 17.598 6.5 A 3 3 0 1 0 12 5 a 3 3 0 0 0 -5.63 -1.446 3 3 0 0 0 -.368 1.571 4 4 0 0 0 -2.525 5.771 M 17.998 5.125 a 4 4 0 0 1 2.525 5.771 M 19.505 10.294 a 4 4 0 0 1 -1.5 7.706 M 4.032 17.483 A 4 4 0 0 0 11.464 20 c .18 -.311 .892 -.311 1.072 0 a 4 4 0 0 0 7.432 -2.516 M 4.5 10.291 A 4 4 0 0 0 6 18 M 6.002 5.125 a 3 3 0 0 0 .4 1.375 M 9.228 10.852 l -.923 -.383 M 9.228 13.148 l -.923 .383 M 9 12 a 3 3 0 1 0 6 0 a 3 3 0 1 0 -6 0 Z
BrickWall	M 5 3 h 14 a 2 2 0 0 1 2 2 v 14 a 2 2 0 0 1 -2 2 h -14 a 2 2 0 0 1 -2 -2 v -14 a 2 2 0 0 1 2 -2 Z M 12 9 v 6 M 16 15 v 6 M 16 3 v 6 M 3 15 h 18 M 3 9 h 18 M 8 15 v 6 M 8 3 v 6
BrickWallFire	M 16 3 v 2.107 M 17 9 c 1 3 2.5 3.5 3.5 4.5 A 5 5 0 0 1 22 17 a 5 5 0 0 1 -10 0 c 0 -.3 0 -.6 .1 -.9 a 2 2 0 1 0 3.3 -2 C 13 11.5 16 9 17 9 M 21 8.274 V 5 a 2 2 0 0 0 -2 -2 H 5 a 2 2 0 0 0 -2 2 v 14 a 2 2 0 0 0 2 2 h 3.938 M 3 15 h 5.253 M 3 9 h 8.228 M 8 15 v 6 M 8 3 v 6
BrickWallShield	M 12 9 v 1.258 M 16 3 v 5.46 M 21 9.118 V 5 a 2 2 0 0 0 -2 -2 H 5 a 2 2 0 0 0 -2 2 v 14 a 2 2 0 0 0 2 2 h 5.75 M 22 17.5 c 0 2.499 -1.75 3.749 -3.83 4.474 a .5 .5 0 0 1 -.335 -.005 c -2.085 -.72 -3.835 -1.97 -3.835 -4.47 V 14 a .5 .5 0 0 1 .5 -.499 c 1 0 2.25 -.6 3.12 -1.36 a .6 .6 0 0 1 .76 -.001 c .875 .765 2.12 1.36 3.12 1.36 a .5 .5 0 0 1 .5 .5 z M 3 15 h 7 M 3 9 h 12.142 M 8 15 v 6 M 8 3 v 6
Bridge	M 10 9.728 V 16 M 14 9.728 V 16 M 18 20 V 4 M 22 11 l -4 -4 A 7.5 7.5 0 0 1 6 7 l -4 4 M 22 16 H 2 M 6 20 V 4
Briefcase	M 16 20 V 4 a 2 2 0 0 0 -2 -2 h -4 a 2 2 0 0 0 -2 2 v 16 M 4 6 h 16 a 2 2 0 0 1 2 2 v 10 a 2 2 0 0 1 -2 2 h -16 a 2 2 0 0 1 -2 -2 v -10 a 2 2 0 0 1 2 -2 Z
BriefcaseBusiness	M 12 12 h .01 M 16 6 V 4 a 2 2 0 0 0 -2 -2 h -4 a 2 2 0 0 0 -2 2 v 2 M 22 13 a 18.15 18.15 0 0 1 -20 0 M 4 6 h 16 a 2 2 0 0 1 2 2 v 10 a 2 2 0 0 1 -2 2 h -16 a 2 2 0 0 1 -2 -2 v -10 a 2 2 0 0 1 2 -2 Z
BriefcaseConveyorBelt	M 10 20 v 2 M 14 20 v 2 M 18 20 v 2 M 21 20 H 3 M 6 20 v 2 M 8 16 V 4 a 2 2 0 0 1 2 -2 h 4 a 2 2 0 0 1 2 2 v 12 M 6 6 h 12 a 2 2 0 0 1 2 2 v 6 a 2 2 0 0 1 -2 2 h -12 a 2 2 0 0 1 -2 -2 v -6 a 2 2 0 0 1 2 -2 Z
BriefcaseMedical	M 12 11 v 4 M 14 13 h -4 M 16 6 V 4 a 2 2 0 0 0 -2 -2 h -4 a 2 2 0 0 0 -2 2 v 2 M 18 6 v 14 M 6 6 v 14 M 4 6 h 16 a 2 2 0 0 1 2 2 v 10 a 2 2 0 0 1 -2 2 h -16 a 2 2 0 0 1 -2 -2 v -10 a 2 2 0 0 1 2 -2 Z
BringToFront	M 10 8 h 4 a 2 2 0 0 1 2 2 v 4 a 2 2 0 0 1 -2 2 h -4 a 2 2 0 0 1 -2 -2 v -4 a 2 2 0 0 1 2 -2 Z M 4 10 a 2 2 0 0 1 -2 -2 V 4 a 2 2 0 0 1 2 -2 h 4 a 2 2 0 0 1 2 2 M 14 20 a 2 2 0 0 0 2 2 h 4 a 2 2 0 0 0 2 -2 v -4 a 2 2 0 0 0 -2 -2
Broccoli	M 10 13 a 3 3 0 0 1 -2.121 -5.121 M 15.606 14.204 c -3.5 1.5 -5.899 4.503 -8.899 7.503 A 1 1 0 0 1 6 22 c -2 0 -4 -2 -4 -4 a 1 1 0 0 1 .293 -.707 c 1.911 -1.911 3.823 -3.578 5.347 -5.441 M 16.573 14.737 A 4 4 0 0 1 14 11 M 7.14 10.907 a 4 4 0 1 1 2.756 -7.43 A 4 4 0 0 1 16.7 4.48 a 2 2 0 0 1 2.82 2.82 4 4 0 0 1 1.002 6.805 A 4 4 0 1 1 13 16
Broom	M 13.5 10.5 22 2 M 14.734 13.841 a 2 2 0 0 0 -.314 -2.42 L 12.58 9.58 a 2 2 0 0 0 -2.421 -.314 l -7.657 4.461 A 1 1 0 0 0 2.3 15.3 l 6.403 6.403 a 1 1 0 0 0 1.571 -.204 z M 5 18 l 2 -2 M 7.699 10.7 l 5.602 5.601
BroomSparkles	M 11 2 v 2 M 12 3 h -2 M 13.5 10.5 22 2 M 14.734 13.841 a 2 2 0 0 0 -.314 -2.42 L 12.58 9.58 a 2 2 0 0 0 -2.421 -.314 l -7.657 4.461 A 1 1 0 0 0 2.3 15.3 l 6.403 6.403 a 1 1 0 0 0 1.571 -.204 z M 20 15 v 4 M 22 17 h -4 M 4 4 v 4 M 5 18 l 2 -2 M 6 6 H 2 M 7.699 10.7 l 5.602 5.601
Brush	M 11 10 l 3 3 M 6.5 21 A 3.5 3.5 0 1 0 3 17.5 a 2.62 2.62 0 0 1 -.708 1.792 A 1 1 0 0 0 3 21 z M 9.969 17.031 21.378 5.624 a 1 1 0 0 0 -3.002 -3.002 L 6.967 14.031
BrushCleaning	M 16 22 l -1 -4 M 19 14 a 1 1 0 0 0 1 -1 v -1 a 2 2 0 0 0 -2 -2 h -3 a 1 1 0 0 1 -1 -1 V 4 a 2 2 0 0 0 -4 0 v 5 a 1 1 0 0 1 -1 1 H 6 a 2 2 0 0 0 -2 2 v 1 a 1 1 0 0 0 1 1 M 19 14 H 5 l -1.973 6.767 A 1 1 0 0 0 4 22 h 16 a 1 1 0 0 0 .973 -1.233 z M 8 22 l 1 -4
Bubbles	M 7.001 15.085 A 1.5 1.5 0 0 1 9 16.5 M 15 8.5 a 3.5 3.5 0 1 0 7 0 a 3.5 3.5 0 1 0 -7 0 Z M 2 16.5 a 5.5 5.5 0 1 0 11 0 a 5.5 5.5 0 1 0 -11 0 Z M 5 4.5 a 2.5 2.5 0 1 0 5 0 a 2.5 2.5 0 1 0 -5 0 Z
Bug	M 12 20 v -9 M 14 7 a 4 4 0 0 1 4 4 v 3 a 6 6 0 0 1 -12 0 v -3 a 4 4 0 0 1 4 -4 z M 14.12 3.88 16 2 M 21 21 a 4 4 0 0 0 -3.81 -4 M 21 5 a 4 4 0 0 1 -3.55 3.97 M 22 13 h -4 M 3 21 a 4 4 0 0 1 3.81 -4 M 3 5 a 4 4 0 0 0 3.55 3.97 M 6 13 H 2 M 8 2 l 1.88 1.88 M 9 7.13 V 6 a 3 3 0 1 1 6 0 v 1.13
BugOff	M 12 20 v -8 M 12.656 7 H 14 a 4 4 0 0 1 4 4 v 1.344 M 14.12 3.88 16 2 M 17.123 17.123 A 6 6 0 0 1 6 14 v -3 a 4 4 0 0 1 1.72 -3.287 M 2 2 l 20 20 M 21 5 a 4 4 0 0 1 -3.55 3.97 M 22 13 h -3.344 M 3 21 a 4 4 0 0 1 3.81 -4 M 3 5 a 4 4 0 0 0 3.55 3.97 M 6 13 H 2 M 8 2 l 1.88 1.88 M 9.712 4.06 A 3 3 0 0 1 15 6 v 1.13
BugPlay	M 10 19.655 A 6 6 0 0 1 6 14 v -3 a 4 4 0 0 1 4 -4 h 4 a 4 4 0 0 1 4 3.97 M 14 15.003 a 1 1 0 0 1 1.517 -.859 l 4.997 2.997 a 1 1 0 0 1 0 1.718 l -4.997 2.997 a 1 1 0 0 1 -1.517 -.86 z M 14.12 3.88 16 2 M 21 5 a 4 4 0 0 1 -3.55 3.97 M 3 21 a 4 4 0 0 1 3.81 -4 M 3 5 a 4 4 0 0 0 3.55 3.97 M 6 13 H 2 M 8 2 l 1.88 1.88 M 9 7.13 V 6 a 3 3 0 1 1 6 0 v 1.13
Building	M 12 10 h .01 M 12 14 h .01 M 12 6 h .01 M 16 10 h .01 M 16 14 h .01 M 16 6 h .01 M 8 10 h .01 M 8 14 h .01 M 8 6 h .01 M 9 22 v -3 a 1 1 0 0 1 1 -1 h 4 a 1 1 0 0 1 1 1 v 3 M 6 2 h 12 a 2 2 0 0 1 2 2 v 16 a 2 2 0 0 1 -2 2 h -12 a 2 2 0 0 1 -2 -2 v -16 a 2 2 0 0 1 2 -2 Z
BuildingComplex	M 10 12 h 4 M 10 8 h 4 M 14 21 v -3 a 2 2 0 0 0 -4 0 v 3 M 6 10 H 4 a 2 2 0 0 0 -2 2 v 7 a 2 2 0 0 0 2 2 h 16 a 2 2 0 0 0 2 -2 V 9 a 2 2 0 0 0 -2 -2 h -2 M 6 21 V 5 a 2 2 0 0 1 2 -2 h 8 a 2 2 0 0 1 2 2 v 16
BuildingComplexPlus	M 10 12 h 4 M 10 21 v -3 a 2 2 0 0 1 3.05 -1.702 M 10 8 h 4 M 16 19 h 6 M 18 7 h 2 a 2 2 0 0 1 2 2 v 4.355 M 19 16 v 6 M 6 10 H 4 a 2 2 0 0 0 -2 2 v 7 a 2 2 0 0 0 2 2 h 8.535 M 6 21 V 5 a 2 2 0 0 1 2 -2 h 8 a 2 2 0 0 1 2 2 v 7.126
Bus	M 8 6 v 6 M 15 6 v 6 M 2 12 h 19.6 M 18 18 h 3 s .5 -1.7 .8 -2.8 c .1 -.4 .2 -.8 .2 -1.2 0 -.4 -.1 -.8 -.2 -1.2 l -1.4 -5 C 20.1 6.8 19.1 6 18 6 H 4 a 2 2 0 0 0 -2 2 v 10 h 3 M 5 18 a 2 2 0 1 0 4 0 a 2 2 0 1 0 -4 0 Z M 9 18 h 5 M 14 18 a 2 2 0 1 0 4 0 a 2 2 0 1 0 -4 0 Z
BusFront	M 4 6 2 7 M 10 6 h 4 M 22 7 l -2 -1 M 6 3 h 12 a 2 2 0 0 1 2 2 v 12 a 2 2 0 0 1 -2 2 h -12 a 2 2 0 0 1 -2 -2 v -12 a 2 2 0 0 1 2 -2 Z M 4 11 h 16 M 8 15 h .01 M 16 15 h .01 M 6 19 v 2 M 18 21 v -2
Cable	M 17 19 a 1 1 0 0 1 -1 -1 v -2 a 2 2 0 0 1 2 -2 h 2 a 2 2 0 0 1 2 2 v 2 a 1 1 0 0 1 -1 1 z M 17 21 v -2 M 19 14 V 6.5 a 1 1 0 0 0 -7 0 v 11 a 1 1 0 0 1 -7 0 V 10 M 21 21 v -2 M 3 5 V 3 M 4 10 a 2 2 0 0 1 -2 -2 V 6 a 1 1 0 0 1 1 -1 h 4 a 1 1 0 0 1 1 1 v 2 a 2 2 0 0 1 -2 2 z M 7 5 V 3
CableCar	M 10 3 h .01 M 14 2 h .01 M 2 9 l 20 -5 M 12 12 V 6.5 M 7 12 h 10 a 3 3 0 0 1 3 3 v 4 a 3 3 0 0 1 -3 3 h -10 a 3 3 0 0 1 -3 -3 v -4 a 3 3 0 0 1 3 -3 Z M 9 12 v 5 M 15 12 v 5 M 4 17 h 16
Cake	M 20 21 v -8 a 2 2 0 0 0 -2 -2 H 6 a 2 2 0 0 0 -2 2 v 8 M 4 16 s .5 -1 2 -1 2.5 2 4 2 2.5 -2 4 -2 2.5 2 4 2 2 -1 2 -1 M 2 21 h 20 M 7 8 v 3 M 12 8 v 3 M 17 8 v 3 M 7 4 h .01 M 12 4 h .01 M 17 4 h .01
CakeSlice	M 16 13 H 3 M 16 17 H 3 M 7.2 7.9 l -3.388 2.5 A 2 2 0 0 0 3 12.01 V 20 a 1 1 0 0 0 1 1 h 16 a 1 1 0 0 0 1 -1 v -8.654 c 0 -2 -2.44 -6.026 -6.44 -8.026 a 1 1 0 0 0 -1.082 .057 L 10.4 5.6 M 7 7 a 2 2 0 1 0 4 0 a 2 2 0 1 0 -4 0 Z
Calculator	M 6 2 h 12 a 2 2 0 0 1 2 2 v 16 a 2 2 0 0 1 -2 2 h -12 a 2 2 0 0 1 -2 -2 v -16 a 2 2 0 0 1 2 -2 Z M 8 6 L 16 6 M 16 14 L 16 18 M 16 10 h .01 M 12 10 h .01 M 8 10 h .01 M 12 14 h .01 M 8 14 h .01 M 12 18 h .01 M 8 18 h .01
Calendar	M 8 2 v 3 M 16 2 v 3 M 5 3 h 14 a 2 2 0 0 1 2 2 v 14 a 2 2 0 0 1 -2 2 h -14 a 2 2 0 0 1 -2 -2 v -14 a 2 2 0 0 1 2 -2 Z M 3 9 h 18
Calendar1	M 11 13 h 1 v 4 M 16 2 v 3 M 3 9 h 18 M 8 2 v 3 M 5 3 h 14 a 2 2 0 0 1 2 2 v 14 a 2 2 0 0 1 -2 2 h -14 a 2 2 0 0 1 -2 -2 v -14 a 2 2 0 0 1 2 -2 Z
CalendarArrowDown	M 14 17 l 4 4 4 -4 M 16 2 v 3 M 18 13 v 8 M 21 10.354 V 5 a 2 2 0 0 0 -2 -2 H 5 a 2 2 0 0 0 -2 2 v 14 a 2 2 0 0 0 2 2 h 7.343 M 3 9 h 18 M 8 2 v 3
CalendarArrowUp	M 14 17 l 4 -4 4 4 M 16 2 v 3 M 18 21 v -8 M 21 10.343 V 5 a 2 2 0 0 0 -2 -2 H 5 a 2 2 0 0 0 -2 2 v 14 a 2 2 0 0 0 2 2 h 9 M 3 9 h 18 M 8 2 v 3
CalendarCheck	M 8 2 v 3 M 16 2 v 3 M 5 3 h 14 a 2 2 0 0 1 2 2 v 14 a 2 2 0 0 1 -2 2 h -14 a 2 2 0 0 1 -2 -2 v -14 a 2 2 0 0 1 2 -2 Z M 3 9 h 18 M 9 15 l 2 2 4 -4
CalendarCheck2	M 19 3 L 5 3 M 21 13 L 21 5 M 21 5 A 2 2 0 0 0 19 3 M 3 19 A 2 2 0 0 0 5 21 M 3 5 L 3 19 M 5 3 A 2 2 0 0 0 3 5 M 16 19 l 2 2 4 -4 M 16 2 v 3 M 3 9 h 18 M 5 21 L 12.5 21 M 8 2 v 3
CalendarChevronsRight	M 13 21 l 3 -3 -3 -3 M 16 2 v 3 M 19 21 l 3 -3 -3 -3 M 21 11.5 V 5.05 a 2 2 0 0 0 -2 -2 H 5 a 2 2 0 0 0 -2 2 v 14 a 2 2 0 0 0 2 2 L 9 21 M 3 9 h 18 M 8 2 v 3
CalendarClock	M 16 14 v 2.2 l 1.6 1 M 16 2 v 3 M 21 7.338 V 5 a 2 2 0 0 0 -2 -2 H 5 a 2 2 0 0 0 -2 2 v 14 a 2 2 0 0 0 2 2 h 2.338 M 3 9 h 5.859 M 8 2 v 3 M 10 16 a 6 6 0 1 0 12 0 a 6 6 0 1 0 -12 0 Z
CalendarCog	M 15.228 16.852 l -.923 -.383 M 15.228 19.148 l -.923 .383 M 16 2 v 3 M 16.47 14.305 l .382 .923 M 16.852 20.772 l -.383 .924 M 19.148 15.228 l .383 -.923 M 19.53 21.696 l -.382 -.924 M 20.773 16.852 l .924 -.383 M 20.773 19.148 l .924 .383 M 21 10.5 V 5 a 2 2 0 0 0 -2 -2 H 5 a 2 2 0 0 0 -2 2 v 14 a 2 2 0 0 0 2 2 h 5.5 M 3 9 h 18 M 8 2 v 3 M 15 18 a 3 3 0 1 0 6 0 a 3 3 0 1 0 -6 0 Z
CalendarDays	M 8 2 v 3 M 16 2 v 3 M 5 3 h 14 a 2 2 0 0 1 2 2 v 14 a 2 2 0 0 1 -2 2 h -14 a 2 2 0 0 1 -2 -2 v -14 a 2 2 0 0 1 2 -2 Z M 3 9 h 18 M 8 13 h .01 M 12 13 h .01 M 16 13 h .01 M 8 17 h .01 M 12 17 h .01 M 16 17 h .01
CalendarFold	M 16 2 v 3 M 21 15 V 5 a 2 2 0 0 0 -2 -2 H 5 a 2 2 0 0 0 -2 2 v 14 a 2 2 0 0 0 2 2 h 10 v -5 a 1 1 0 0 1 1 -1 z a 2.4 2.4 0 0 1 -.706 1.706 l -3.588 3.588 A 2.4 2.4 0 0 1 15 21 M 3 9 h 18 M 8 2 v 3
CalendarHeart	M 12.127 21 H 5 a 2 2 0 0 1 -2 -2 V 5 a 2 2 0 0 1 2 -2 h 14 a 2 2 0 0 1 2 2 v 5.125 M 14.62 17.8 A 2.25 2.25 0 1 1 18 14.836 a 2.25 2.25 0 1 1 3.38 2.966 l -2.626 2.856 a .998 .998 0 0 1 -1.507 0 z M 16 2 v 3 M 3 9 h 18 M 8 2 v 3
CalendarMinus	M 16 18 h 6 M 16 2 v 3 M 21 14 V 5 a 2 2 0 0 0 -2 -2 H 5 a 2 2 0 0 0 -2 2 v 14 a 2 2 0 0 0 2 2 h 8.3 M 3 9 h 18 M 8 2 v 3
CalendarMinus2	M 8 2 v 3 M 16 2 v 3 M 5 3 h 14 a 2 2 0 0 1 2 2 v 14 a 2 2 0 0 1 -2 2 h -14 a 2 2 0 0 1 -2 -2 v -14 a 2 2 0 0 1 2 -2 Z M 3 9 h 18 M 10 15 h 4
CalendarOff	M 16 2 v 3 M 2 2 l 20 20 M 21 9 h -5.5 M 3 9 h 6 M 3.586 3.586 A 2 2 0 0 0 3 5 v 14 a 2 2 0 0 0 2 2 h 14 a 2 2 0 0 0 1.414 -.586 M 8.656 3 H 19 a 2 2 0 0 1 2 2 v 10.344
CalendarPlus	M 16 18 h 6 M 16 2 v 3 M 19 15 v 6 M 21 11.5 V 5 a 2 2 0 0 0 -2 -2 H 5 a 2 2 0 0 0 -2 2 v 14 a 2 2 0 0 0 2 2 h 8.3 M 3 9 h 18 M 8 2 v 3
CalendarPlus2	M 8 2 v 3 M 16 2 v 3 M 5 3 h 14 a 2 2 0 0 1 2 2 v 14 a 2 2 0 0 1 -2 2 h -14 a 2 2 0 0 1 -2 -2 v -14 a 2 2 0 0 1 2 -2 Z M 3 9 h 18 M 10 15 h 4 M 12 13 v 4
CalendarRange	M 5 3 h 14 a 2 2 0 0 1 2 2 v 14 a 2 2 0 0 1 -2 2 h -14 a 2 2 0 0 1 -2 -2 v -14 a 2 2 0 0 1 2 -2 Z M 16 2 v 3 M 3 9 h 18 M 8 2 v 3 M 17 13 h -6 M 13 17 H 7 M 7 13 h .01 M 17 17 h .01
CalendarSearch	M 16 2 v 3 M 21 10.69 V 5 a 2 2 0 0 0 -2 -2 H 5 a 2 2 0 0 0 -2 2 v 14 a 2 2 0 0 0 2 2 h 7.25 M 22 21 l -1.875 -1.875 M 3 9 h 18 M 8 2 v 3 M 15 17 a 3 3 0 1 0 6 0 a 3 3 0 1 0 -6 0 Z
CalendarSync	M 11 10 v 4 h 4 M 11 14 l 1.535 -1.605 a 5 5 0 0 1 8 1.5 M 16 2 v 3 M 21 18 l -1.535 1.605 a 5 5 0 0 1 -8 -1.5 M 21 22 v -4 h -4 M 21 8.517 V 5 a 2 2 0 0 0 -2 -2 H 5 a 2 2 0 0 0 -2 2 v 14 a 2 2 0 0 0 2 2 h 3.517 M 3 9 h 4 M 8 2 v 3
CalendarX	M 8 2 v 3 M 16 2 v 3 M 5 3 h 14 a 2 2 0 0 1 2 2 v 14 a 2 2 0 0 1 -2 2 h -14 a 2 2 0 0 1 -2 -2 v -14 a 2 2 0 0 1 2 -2 Z M 3 9 h 18 M 14 13 l -4 4 M 10 13 l 4 4
CalendarX2	M 16 2 v 3 M 17 16 l 5 5 M 17 21 l 5 -5 M 21 12 V 5 a 2 2 0 0 0 -2 -2 H 5 a 2 2 0 0 0 -2 2 v 14 a 2 2 0 0 0 2 2 h 8 M 3 9 h 18 M 8 2 v 3
Calendars	M 12 2 v 2 M 15.726 21.01 A 2 2 0 0 1 14 22 H 4 a 2 2 0 0 1 -2 -2 V 10 a 2 2 0 0 1 2 -2 M 18 2 v 2 M 2 13 h 2 M 8 8 h 14 M 10 3 h 10 a 2 2 0 0 1 2 2 v 10 a 2 2 0 0 1 -2 2 h -10 a 2 2 0 0 1 -2 -2 v -10 a 2 2 0 0 1 2 -2 Z
Camera	M 13.997 4 a 2 2 0 0 1 1.76 1.05 l .486 .9 A 2 2 0 0 0 18.003 7 H 20 a 2 2 0 0 1 2 2 v 9 a 2 2 0 0 1 -2 2 H 4 a 2 2 0 0 1 -2 -2 V 9 a 2 2 0 0 1 2 -2 h 1.997 a 2 2 0 0 0 1.759 -1.048 l .489 -.904 A 2 2 0 0 1 10.004 4 z M 9 13 a 3 3 0 1 0 6 0 a 3 3 0 1 0 -6 0 Z
CameraOff	M 14.564 14.558 a 3 3 0 1 1 -4.122 -4.121 M 2 2 l 20 20 M 20 20 H 4 a 2 2 0 0 1 -2 -2 V 9 a 2 2 0 0 1 2 -2 h 1.997 a 2 2 0 0 0 .819 -.175 M 9.695 4.024 A 2 2 0 0 1 10.004 4 h 3.993 a 2 2 0 0 1 1.76 1.05 l .486 .9 A 2 2 0 0 0 18.003 7 H 20 a 2 2 0 0 1 2 2 v 7.344
Can	M 21 10.5 a 9 2.5 0 0 1 -18 0 v 8 a 9 2.5 0 0 0 18 0 z M 21 10.5 A 9 2.5 25.32 0 0 4.59 3.47 9 2.5 25.32 0 0 21 10.5 M 3 10.5 a 9 2.5 0 0 1 6.527 -2.405 M 9 16.858 a 31 31 0 0 0 6 0
CanSoda	M 17 22 l 1.664 -2.496 a 2 2 0 0 0 .336 -1.11 V 5.606 a 2 2 0 0 0 -.336 -1.11 L 17 2 M 18 22 H 6 M 18 2 H 6 M 5 17 h 14 M 5 7 h 14 M 7 22 l -1.664 -2.496 A 2 2 0 0 1 5 18.394 V 5.606 a 2 2 0 0 1 .336 -1.11 L 7 2
Candy	M 10 7 v 10.9 M 14 6.1 V 17 M 16 7 V 3 a 1 1 0 0 1 1.707 -.707 2.5 2.5 0 0 0 2.152 .717 1 1 0 0 1 1.131 1.131 2.5 2.5 0 0 0 .717 2.152 A 1 1 0 0 1 21 8 h -4 M 16.536 7.465 a 5 5 0 0 0 -7.072 0 l -2 2 a 5 5 0 0 0 0 7.07 5 5 0 0 0 7.072 0 l 2 -2 a 5 5 0 0 0 0 -7.07 M 8 17 v 4 a 1 1 0 0 1 -1.707 .707 2.5 2.5 0 0 0 -2.152 -.717 1 1 0 0 1 -1.131 -1.131 2.5 2.5 0 0 0 -.717 -2.152 A 1 1 0 0 1 3 16 h 4
CandyCane	M 10.8 5 l 2.111 4.223 M 17.75 7 15 2.1 M 4.874 14.647 l 2.12 4.24 M 5.7 21 a 2 2 0 0 1 -3.5 -2 l 8.6 -14 a 6 6 0 0 1 10.4 6 2 2 0 1 1 -3.464 -2 2 2 0 1 0 -3.464 -2 z M 7.906 9.712 l 2.005 4.411
CandyOff	M 10 10 v 7.9 M 11.802 6.145 a 5 5 0 0 1 6.053 6.053 M 14 6.1 v 2.243 M 15.5 15.571 l -.964 .964 a 5 5 0 0 1 -7.071 0 5 5 0 0 1 0 -7.07 l .964 -.965 M 16 7 V 3 a 1 1 0 0 1 1.707 -.707 2.5 2.5 0 0 0 2.152 .717 1 1 0 0 1 1.131 1.131 2.5 2.5 0 0 0 .717 2.152 A 1 1 0 0 1 21 8 h -4 M 2 2 l 20 20 M 8 17 v 4 a 1 1 0 0 1 -1.707 .707 2.5 2.5 0 0 0 -2.152 -.717 1 1 0 0 1 -1.131 -1.131 2.5 2.5 0 0 0 -.717 -2.152 A 1 1 0 0 1 3 16 h 4
Cannabis	M 12 22 v -4 M 7 12 c -1.5 0 -4.5 1.5 -5 3 3.5 1.5 6 1 6 1 -1.5 1.5 -2 3.5 -2 5 2.5 0 4.5 -1.5 6 -3 1.5 1.5 3.5 3 6 3 0 -1.5 -.5 -3.5 -2 -5 0 0 2.5 .5 6 -1 -.5 -1.5 -3.5 -3 -5 -3 1.5 -1 4 -4 4 -6 -2.5 0 -5.5 1.5 -7 3 0 -2.5 -.5 -5 -2 -7 -1.5 2 -2 4.5 -2 7 -1.5 -1.5 -4.5 -3 -7 -3 0 2 2.5 5 4 6
CannabisOff	M 12 22 v -4 c 1.5 1.5 3.5 3 6 3 0 -1.5 -.5 -3.5 -2 -5 M 13.988 8.327 C 13.902 6.054 13.365 3.82 12 2 a 9.3 9.3 0 0 0 -1.445 2.9 M 17.375 11.725 C 18.882 10.53 21 7.841 21 6 c -2.324 0 -5.08 1.296 -6.662 2.684 M 2 2 l 20 20 M 21.024 15.378 A 15 15 0 0 0 22 15 c -.426 -1.279 -2.67 -2.557 -4.25 -2.907 M 6.995 6.992 C 5.714 6.4 4.29 6 3 6 c 0 2 2.5 5 4 6 -1.5 0 -4.5 1.5 -5 3 3.5 1.5 6 1 6 1 -1.5 1.5 -2 3.5 -2 5 2.5 0 4.5 -1.5 6 -3
Captions	M 5 5 h 14 a 2 2 0 0 1 2 2 v 10 a 2 2 0 0 1 -2 2 h -14 a 2 2 0 0 1 -2 -2 v -10 a 2 2 0 0 1 2 -2 Z M 7 15 h 4 M 15 15 h 2 M 7 11 h 2 M 13 11 h 4
CaptionsOff	M 10.5 5 H 19 a 2 2 0 0 1 2 2 v 8.5 M 17 11 h -.5 M 19 19 H 5 a 2 2 0 0 1 -2 -2 V 7 a 2 2 0 0 1 2 -2 M 2 2 l 20 20 M 7 11 h 4 M 7 15 h 2.5
Car	M 19 17 h 2 c .6 0 1 -.4 1 -1 v -3 c 0 -.9 -.7 -1.7 -1.5 -1.9 C 18.7 10.6 16 10 16 10 s -1.3 -1.4 -2.2 -2.3 c -.5 -.4 -1.1 -.7 -1.8 -.7 H 5 c -.6 0 -1.1 .4 -1.4 .9 l -1.4 2.9 A 3.7 3.7 0 0 0 2 12 v 4 c 0 .6 .4 1 1 1 h 2 M 5 17 a 2 2 0 1 0 4 0 a 2 2 0 1 0 -4 0 Z M 9 17 h 6 M 15 17 a 2 2 0 1 0 4 0 a 2 2 0 1 0 -4 0 Z
CarBattery	M 14 13 h 4 M 16 15 v -4 M 18 5 v 2 M 6 13 h 4 M 6 5 v 2 M 4 7 h 16 a 2 2 0 0 1 2 2 v 8 a 2 2 0 0 1 -2 2 h -16 a 2 2 0 0 1 -2 -2 v -8 a 2 2 0 0 1 2 -2 Z
CarFront	M 21 8 l -2 2 -1.5 -3.7 A 2 2 0 0 0 15.646 5 H 8.4 a 2 2 0 0 0 -1.903 1.257 L 5 10 3 8 M 7 14 h .01 M 17 14 h .01 M 5 10 h 14 a 2 2 0 0 1 2 2 v 4 a 2 2 0 0 1 -2 2 h -14 a 2 2 0 0 1 -2 -2 v -4 a 2 2 0 0 1 2 -2 Z M 5 18 v 2 M 19 18 v 2
CarTaxiFront	M 10 2 h 4 M 21 8 l -2 2 -1.5 -3.7 A 2 2 0 0 0 15.646 5 H 8.4 a 2 2 0 0 0 -1.903 1.257 L 5 10 3 8 M 7 14 h .01 M 17 14 h .01 M 5 10 h 14 a 2 2 0 0 1 2 2 v 4 a 2 2 0 0 1 -2 2 h -14 a 2 2 0 0 1 -2 -2 v -4 a 2 2 0 0 1 2 -2 Z M 5 18 v 2 M 19 18 v 2
Caravan	M 18 19 V 9 a 4 4 0 0 0 -4 -4 H 6 a 4 4 0 0 0 -4 4 v 8 a 2 2 0 0 0 2 2 h 2 M 2 9 h 3 a 1 1 0 0 1 1 1 v 2 a 1 1 0 0 1 -1 1 H 2 M 22 17 v 1 a 1 1 0 0 1 -1 1 H 10 v -9 a 1 1 0 0 1 1 -1 h 2 a 1 1 0 0 1 1 1 v 9 M 6 19 a 2 2 0 1 0 4 0 a 2 2 0 1 0 -4 0 Z
CardSim	M 12 14 v 4 M 14.172 2 a 2 2 0 0 1 1.414 .586 l 3.828 3.828 A 2 2 0 0 1 20 7.828 V 20 a 2 2 0 0 1 -2 2 H 6 a 2 2 0 0 1 -2 -2 V 4 a 2 2 0 0 1 2 -2 z M 8 14 h 8 M 9 10 h 6 a 1 1 0 0 1 1 1 v 6 a 1 1 0 0 1 -1 1 h -6 a 1 1 0 0 1 -1 -1 v -6 a 1 1 0 0 1 1 -1 Z
Carrot	M 15 16 a 1 1 0 0 0 -7 -7 q -4 4 -5.987 12.385 a .5 .5 0 0 0 .602 .602 Q 11 20 15 16 l -3 -3 M 15 9 q 4 4 7 0 -3 -4 -7 0 4 -4 0 -7 -4 3 0 7 M 8 15 l -2.58 -2.58
Carton	M 13 22 V 10 a 2 2 0 0 1 .539 -1.367 L 16 6 H 8 L 5.539 8.633 A 2 2 0 0 0 5 10 v 10 a 2 2 0 0 0 2 2 h 10 a 2 2 0 0 0 2 -2 V 10 a 2 2 0 0 0 -.539 -1.367 L 16 6 V 3 a 1 1 0 0 0 -1 -1 H 9 a 1 1 0 0 0 -1 1 v 3 M 5 10 h 8
CartonOff	M 10 10 H 5 v 10 a 2 2 0 0 0 2 2 h 10 a 2 2 0 0 0 2 -2 v -1 M 13 22 v -9 M 13.902 8.245 16 6 h -4.343 M 19 13.343 V 10 a 2 2 0 0 0 -.539 -1.367 L 16 6 V 3 a 1 1 0 0 0 -1 -1 H 9 a 1 1 0 0 0 -.857 .486 M 2 2 l 20 20 M 7.034 7.034 5.539 8.633 A 2 2 0 0 0 5 10
CaseLower	M 10 9 v 7 M 14 6 v 10 M 14 12.5 a 3.5 3.5 0 1 0 7 0 a 3.5 3.5 0 1 0 -7 0 Z M 3 12.5 a 3.5 3.5 0 1 0 7 0 a 3.5 3.5 0 1 0 -7 0 Z
CaseSensitive	M 2 16 l 4.039 -9.69 a .5 .5 0 0 1 .923 0 L 11 16 M 22 9 v 7 M 3.304 13 h 6.392 M 15 12.5 a 3.5 3.5 0 1 0 7 0 a 3.5 3.5 0 1 0 -7 0 Z
CaseUpper	M 15 11 h 4.5 a 1 1 0 0 1 0 5 h -4 a .5 .5 0 0 1 -.5 -.5 v -9 a .5 .5 0 0 1 .5 -.5 h 3 a 1 1 0 0 1 0 5 M 2 16 l 4.039 -9.69 a .5 .5 0 0 1 .923 0 L 11 16 M 3.304 13 h 6.392
CassetteTape	M 4 4 h 16 a 2 2 0 0 1 2 2 v 12 a 2 2 0 0 1 -2 2 h -16 a 2 2 0 0 1 -2 -2 v -12 a 2 2 0 0 1 2 -2 Z M 6 10 a 2 2 0 1 0 4 0 a 2 2 0 1 0 -4 0 Z M 8 12 h 8 M 14 10 a 2 2 0 1 0 4 0 a 2 2 0 1 0 -4 0 Z M 6 20 l .7 -2.9 A 1.4 1.4 0 0 1 8.1 16 h 7.8 a 1.4 1.4 0 0 1 1.4 1 l .7 3
Cast	M 2 8 V 6 a 2 2 0 0 1 2 -2 h 16 a 2 2 0 0 1 2 2 v 12 a 2 2 0 0 1 -2 2 h -6 M 2 12 a 9 9 0 0 1 8 8 M 2 16 a 5 5 0 0 1 4 4 M 2 20 L 2.01 20
Castle	M 10 5 V 3 M 14 5 V 3 M 15 21 v -3 a 3 3 0 0 0 -6 0 v 3 M 18 3 v 8 M 18 5 H 6 M 22 11 H 2 M 22 9 v 10 a 2 2 0 0 1 -2 2 H 4 a 2 2 0 0 1 -2 -2 V 9 M 6 3 v 8
Cat	M 12 5 c .67 0 1.35 .09 2 .26 1.78 -2 5.03 -2.84 6.42 -2.26 1.4 .58 -.42 7 -.42 7 .57 1.07 1 2.24 1 3.44 C 21 17.9 16.97 21 12 21 s -9 -3 -9 -7.56 c 0 -1.25 .5 -2.4 1 -3.44 0 0 -1.89 -6.42 -.5 -7 1.39 -.58 4.72 .23 6.5 2.23 A 9.04 9.04 0 0 1 12 5 Z M 8 14 v .5 M 16 14 v .5 M 11.25 16.25 h 1.5 L 12 17 l -.75 -.75 Z
Cctv	M 16.75 12 h 3.632 a 1 1 0 0 1 .894 1.447 l -2.034 4.069 a 1 1 0 0 1 -1.708 .134 l -2.124 -2.97 M 17.106 9.053 a 1 1 0 0 1 .447 1.341 l -3.106 6.211 a 1 1 0 0 1 -1.342 .447 L 3.61 12.3 a 2.92 2.92 0 0 1 -1.3 -3.91 L 3.69 5.6 a 2.92 2.92 0 0 1 3.92 -1.3 z M 2 19 h 3.76 a 2 2 0 0 0 1.8 -1.1 L 9 15 M 2 21 v -4 M 7 9 h .01
CctvOff	M 12.309 6.652 l 4.797 2.401 a 1 1 0 0 1 .447 1.341 l -.501 1.001 .605 .605 h 2.725 a 1 1 0 0 1 .894 1.447 l -.724 1.448 M 15.166 15.166 l -.719 1.439 a 1 1 0 0 1 -1.342 .447 L 3.61 12.3 a 2.92 2.92 0 0 1 -1.3 -3.91 L 3.69 5.6 a 2.9 2.9 0 0 1 .873 -1.037 M 2 19 h 3.76 a 2 2 0 0 0 1.8 -1.1 l 1.441 -2.902 M 2 2 l 20 20 M 2 21 v -4 M 7 9 h .01
ChartArea	M 3 3 v 16 a 2 2 0 0 0 2 2 h 16 M 7 11.207 a .5 .5 0 0 1 .146 -.353 l 2 -2 a .5 .5 0 0 1 .708 0 l 3.292 3.292 a .5 .5 0 0 0 .708 0 l 4.292 -4.292 a .5 .5 0 0 1 .854 .353 V 16 a 1 1 0 0 1 -1 1 H 8 a 1 1 0 0 1 -1 -1 z
ChartBar	M 3 3 v 16 a 2 2 0 0 0 2 2 h 16 M 7 16 h 8 M 7 11 h 12 M 7 6 h 3
ChartBarBig	M 3 3 v 16 a 2 2 0 0 0 2 2 h 16 M 8 13 h 7 a 1 1 0 0 1 1 1 v 2 a 1 1 0 0 1 -1 1 h -7 a 1 1 0 0 1 -1 -1 v -2 a 1 1 0 0 1 1 -1 Z M 8 5 h 10 a 1 1 0 0 1 1 1 v 2 a 1 1 0 0 1 -1 1 h -10 a 1 1 0 0 1 -1 -1 v -2 a 1 1 0 0 1 1 -1 Z
ChartBarDecreasing	M 3 3 v 16 a 2 2 0 0 0 2 2 h 16 M 7 11 h 8 M 7 16 h 3 M 7 6 h 12
ChartBarIncreasing	M 3 3 v 16 a 2 2 0 0 0 2 2 h 16 M 7 11 h 8 M 7 16 h 12 M 7 6 h 3
ChartBarStacked	M 11 13 v 4 M 15 5 v 4 M 3 3 v 16 a 2 2 0 0 0 2 2 h 16 M 8 13 h 7 a 1 1 0 0 1 1 1 v 2 a 1 1 0 0 1 -1 1 h -7 a 1 1 0 0 1 -1 -1 v -2 a 1 1 0 0 1 1 -1 Z M 8 5 h 10 a 1 1 0 0 1 1 1 v 2 a 1 1 0 0 1 -1 1 h -10 a 1 1 0 0 1 -1 -1 v -2 a 1 1 0 0 1 1 -1 Z
ChartCandlestick	M 9 5 v 4 M 8 9 h 2 a 1 1 0 0 1 1 1 v 4 a 1 1 0 0 1 -1 1 h -2 a 1 1 0 0 1 -1 -1 v -4 a 1 1 0 0 1 1 -1 Z M 9 15 v 2 M 17 3 v 2 M 16 5 h 2 a 1 1 0 0 1 1 1 v 6 a 1 1 0 0 1 -1 1 h -2 a 1 1 0 0 1 -1 -1 v -6 a 1 1 0 0 1 1 -1 Z M 17 13 v 3 M 3 3 v 16 a 2 2 0 0 0 2 2 h 16
ChartColumn	M 3 3 v 16 a 2 2 0 0 0 2 2 h 16 M 18 17 V 9 M 13 17 V 5 M 8 17 v -3
ChartColumnBig	M 3 3 v 16 a 2 2 0 0 0 2 2 h 16 M 16 5 h 2 a 1 1 0 0 1 1 1 v 10 a 1 1 0 0 1 -1 1 h -2 a 1 1 0 0 1 -1 -1 v -10 a 1 1 0 0 1 1 -1 Z M 8 8 h 2 a 1 1 0 0 1 1 1 v 7 a 1 1 0 0 1 -1 1 h -2 a 1 1 0 0 1 -1 -1 v -7 a 1 1 0 0 1 1 -1 Z
ChartColumnDecreasing	M 13 17 V 9 M 18 17 v -3 M 3 3 v 16 a 2 2 0 0 0 2 2 h 16 M 8 17 V 5
ChartColumnIncreasing	M 13 17 V 9 M 18 17 V 5 M 3 3 v 16 a 2 2 0 0 0 2 2 h 16 M 8 17 v -3
ChartColumnStacked	M 11 13 H 7 M 19 9 h -4 M 3 3 v 16 a 2 2 0 0 0 2 2 h 16 M 16 5 h 2 a 1 1 0 0 1 1 1 v 10 a 1 1 0 0 1 -1 1 h -2 a 1 1 0 0 1 -1 -1 v -10 a 1 1 0 0 1 1 -1 Z M 8 8 h 2 a 1 1 0 0 1 1 1 v 7 a 1 1 0 0 1 -1 1 h -2 a 1 1 0 0 1 -1 -1 v -7 a 1 1 0 0 1 1 -1 Z
ChartGantt	M 10 6 h 8 M 12 16 h 6 M 3 3 v 16 a 2 2 0 0 0 2 2 h 16 M 8 11 h 7
ChartLine	M 3 3 v 16 a 2 2 0 0 0 2 2 h 16 M 19 9 l -5 5 -4 -4 -3 3
ChartNetwork	M 13.11 7.664 l 1.78 2.672 M 14.162 12.788 l -3.324 1.424 M 20 4 l -6.06 1.515 M 3 3 v 16 a 2 2 0 0 0 2 2 h 16 M 10 6 a 2 2 0 1 0 4 0 a 2 2 0 1 0 -4 0 Z M 14 12 a 2 2 0 1 0 4 0 a 2 2 0 1 0 -4 0 Z M 7 15 a 2 2 0 1 0 4 0 a 2 2 0 1 0 -4 0 Z
ChartNoAxesColumn	M 5 21 v -6 M 12 21 V 3 M 19 21 V 9
ChartNoAxesColumnDecreasing	M 5 21 V 3 M 12 21 V 9 M 19 21 v -6
ChartNoAxesColumnIncreasing	M 5 21 v -6 M 12 21 V 9 M 19 21 V 3
ChartNoAxesCombined	M 12 16 v 5 M 16 14.639 V 21 M 20 10.656 V 21 M 22 3 l -8.646 8.646 a .5 .5 0 0 1 -.708 0 L 9.354 8.354 a .5 .5 0 0 0 -.707 0 L 2 15 M 4 18.463 V 21 M 8 14.656 V 21
ChartNoAxesGantt	M 6 5 h 12 M 4 12 h 10 M 12 19 h 8
ChartPie	M 21 12 c .552 0 1.005 -.449 .95 -.998 a 10 10 0 0 0 -8.953 -8.951 c -.55 -.055 -.998 .398 -.998 .95 v 8 a 1 1 0 0 0 1 1 z M 21.21 15.89 A 10 10 0 1 1 8 2.83
ChartScatter	M 3 3 v 16 a 2 2 0 0 0 2 2 h 16	M 7 7.5 a 0.5 0.5 0 1 0 1 0 a 0.5 0.5 0 1 0 -1 0 Z M 18 5.5 a 0.5 0.5 0 1 0 1 0 a 0.5 0.5 0 1 0 -1 0 Z M 11 11.5 a 0.5 0.5 0 1 0 1 0 a 0.5 0.5 0 1 0 -1 0 Z M 7 16.5 a 0.5 0.5 0 1 0 1 0 a 0.5 0.5 0 1 0 -1 0 Z M 17 14.5 a 0.5 0.5 0 1 0 1 0 a 0.5 0.5 0 1 0 -1 0 Z
ChartSpline	M 3 3 v 16 a 2 2 0 0 0 2 2 h 16 M 7 16 c .5 -2 1.5 -7 4 -7 2 0 2 3 4 3 2.5 0 4.5 -5 5 -7
Check	M 20 6 9 17 l -5 -5
CheckCheck	M 18 6 7 17 l -5 -5 M 22 10 l -7.5 7.5 L 13 16
CheckLine	M 20 4 L 9 15 M 21 19 L 3 19 M 9 15 L 4 10
ChefHat	M 17 21 a 1 1 0 0 0 1 -1 v -5.35 c 0 -.457 .316 -.844 .727 -1.041 a 4 4 0 0 0 -2.134 -7.589 5 5 0 0 0 -9.186 0 4 4 0 0 0 -2.134 7.588 c .411 .198 .727 .585 .727 1.041 V 20 a 1 1 0 0 0 1 1 Z M 6 17 h 12
Cherry	M 2 17 a 5 5 0 0 0 10 0 c 0 -2.76 -2.5 -5 -5 -3 -2.5 -2 -5 .24 -5 3 Z M 12 17 a 5 5 0 0 0 10 0 c 0 -2.76 -2.5 -5 -5 -3 -2.5 -2 -5 .24 -5 3 Z M 7 14 c 3.22 -2.91 4.29 -8.75 5 -12 1.66 2.38 4.94 9 5 12 M 22 9 c -4.29 0 -7.14 -2.33 -10 -7 5.71 0 10 4.67 10 7 Z
ChessBishop	M 5 20 a 2 2 0 0 1 2 -2 h 10 a 2 2 0 0 1 2 2 v 1 a 1 1 0 0 1 -1 1 H 6 a 1 1 0 0 1 -1 -1 z M 15 18 c 1.5 -.615 3 -2.461 3 -4.923 C 18 8.769 14.5 4.462 12 2 9.5 4.462 6 8.77 6 13.077 6 15.539 7.5 17.385 9 18 M 16 7 l -2.5 2.5 M 9 2 h 6
ChessKing	M 4 20 a 2 2 0 0 1 2 -2 h 12 a 2 2 0 0 1 2 2 v 1 a 1 1 0 0 1 -1 1 H 5 a 1 1 0 0 1 -1 -1 z M 6.7 18 l -1 -1 C 4.35 15.682 3 14.09 3 12 a 5 5 0 0 1 4.95 -5 c 1.584 0 2.7 .455 4.05 1.818 C 13.35 7.455 14.466 7 16.05 7 A 5 5 0 0 1 21 12 c 0 2.082 -1.359 3.673 -2.7 5 l -1 1 M 10 4 h 4 M 12 2 v 6.818
ChessKnight	M 5 20 a 2 2 0 0 1 2 -2 h 10 a 2 2 0 0 1 2 2 v 1 a 1 1 0 0 1 -1 1 H 6 a 1 1 0 0 1 -1 -1 z M 16.5 18 c 1 -2 2.5 -5 2.5 -9 a 7 7 0 0 0 -7 -7 H 6.635 a 1 1 0 0 0 -.768 1.64 L 7 5 l -2.32 5.802 a 2 2 0 0 0 .95 2.526 l 2.87 1.456 M 15 5 l 1.425 -1.425 M 17 8 l 1.53 -1.53 M 9.713 12.185 7 18
ChessPawn	M 5 20 a 2 2 0 0 1 2 -2 h 10 a 2 2 0 0 1 2 2 v 1 a 1 1 0 0 1 -1 1 H 6 a 1 1 0 0 1 -1 -1 z M 14.5 10 l 1.5 8 M 7 10 h 10 M 8 18 l 1.5 -8 M 8 6 a 4 4 0 1 0 8 0 a 4 4 0 1 0 -8 0 Z
ChessQueen	M 4 20 a 2 2 0 0 1 2 -2 h 12 a 2 2 0 0 1 2 2 v 1 a 1 1 0 0 1 -1 1 H 5 a 1 1 0 0 1 -1 -1 z M 12.474 5.943 l 1.567 5.34 a 1 1 0 0 0 1.75 .328 l 2.616 -3.402 M 20 9 l -3 9 M 5.594 8.209 l 2.615 3.403 a 1 1 0 0 0 1.75 -.329 l 1.567 -5.34 M 7 18 4 9 M 10 4 a 2 2 0 1 0 4 0 a 2 2 0 1 0 -4 0 Z M 18 7 a 2 2 0 1 0 4 0 a 2 2 0 1 0 -4 0 Z M 2 7 a 2 2 0 1 0 4 0 a 2 2 0 1 0 -4 0 Z
ChessRook	M 5 20 a 2 2 0 0 1 2 -2 h 10 a 2 2 0 0 1 2 2 v 1 a 1 1 0 0 1 -1 1 H 6 a 1 1 0 0 1 -1 -1 z M 10 2 v 2 M 14 2 v 2 M 17 18 l -1 -9 M 6 2 v 5 a 2 2 0 0 0 2 2 h 8 a 2 2 0 0 0 2 -2 V 2 M 6 4 h 12 M 7 18 l 1 -9
ChevronDown	M 6 9 l 6 6 6 -6
ChevronFirst	M 17 18 l -6 -6 6 -6 M 7 6 v 12
ChevronLast	M 7 18 l 6 -6 -6 -6 M 17 6 v 12
ChevronLeft	M 15 18 l -6 -6 6 -6
ChevronRight	M 9 18 l 6 -6 -6 -6
ChevronUp	M 18 15 l -6 -6 -6 6
ChevronsDown	M 7 6 l 5 5 5 -5 M 7 13 l 5 5 5 -5
ChevronsDownUp	M 7 20 l 5 -5 5 5 M 7 4 l 5 5 5 -5
ChevronsLeft	M 11 17 l -5 -5 5 -5 M 18 17 l -5 -5 5 -5
ChevronsLeftRight	M 9 7 l -5 5 5 5 M 15 7 l 5 5 -5 5
ChevronsLeftRightEllipsis	M 12 12 h .01 M 16 12 h .01 M 17 7 l 5 5 -5 5 M 7 7 l -5 5 5 5 M 8 12 h .01
ChevronsRight	M 6 17 l 5 -5 -5 -5 M 13 17 l 5 -5 -5 -5
ChevronsRightLeft	M 20 17 l -5 -5 5 -5 M 4 17 l 5 -5 -5 -5
ChevronsUp	M 17 11 l -5 -5 -5 5 M 17 18 l -5 -5 -5 5
ChevronsUpDown	M 7 15 l 5 5 5 -5 M 7 9 l 5 -5 5 5
Church	M 10 9 h 4 M 12 7 v 5 M 14 21 v -3 a 2 2 0 0 0 -4 0 v 3 M 18 9 l 3.52 2.147 a 1 1 0 0 1 .48 .854 V 19 a 2 2 0 0 1 -2 2 H 4 a 2 2 0 0 1 -2 -2 v -6.999 a 1 1 0 0 1 .48 -.854 L 6 9 M 6 21 V 7 a 1 1 0 0 1 .376 -.782 l 5 -3.999 a 1 1 0 0 1 1.249 .001 l 5 4 A 1 1 0 0 1 18 7 v 14
Cigarette	M 17 12 H 3 a 1 1 0 0 0 -1 1 v 2 a 1 1 0 0 0 1 1 h 14 M 18 8 c 0 -2.5 -2 -2.5 -2 -5 M 21 16 a 1 1 0 0 0 1 -1 v -2 a 1 1 0 0 0 -1 -1 M 22 8 c 0 -2.5 -2 -2.5 -2 -5 M 7 12 v 4
CigaretteOff	M 12 12 H 3 a 1 1 0 0 0 -1 1 v 2 a 1 1 0 0 0 1 1 h 13 M 18 8 c 0 -2.5 -2 -2.5 -2 -5 M 2 2 l 20 20 M 21 12 a 1 1 0 0 1 1 1 v 2 a 1 1 0 0 1 -.5 .866 M 22 8 c 0 -2.5 -2 -2.5 -2 -5 M 7 12 v 4
Circle	M 2 12 a 10 10 0 1 0 20 0 a 10 10 0 1 0 -20 0 Z
CircleAlert	M 2 12 a 10 10 0 1 0 20 0 a 10 10 0 1 0 -20 0 Z M 12 8 L 12 12 M 12 16 L 12.01 16
CircleArrowDown	M 2 12 a 10 10 0 1 0 20 0 a 10 10 0 1 0 -20 0 Z M 12 8 v 8 M 8 12 l 4 4 4 -4
CircleArrowLeft	M 2 12 a 10 10 0 1 0 20 0 a 10 10 0 1 0 -20 0 Z M 12 8 l -4 4 4 4 M 16 12 H 8
CircleArrowOutDownLeft	M 2 12 a 10 10 0 1 1 10 10 M 2 22 l 10 -10 M 8 22 H 2 v -6
CircleArrowOutDownRight	M 12 22 a 10 10 0 1 1 10 -10 M 22 22 12 12 M 22 16 v 6 h -6
CircleArrowOutUpLeft	M 2 8 V 2 h 6 M 2 2 l 10 10 M 12 2 A 10 10 0 1 1 2 12
CircleArrowOutUpRight	M 22 12 A 10 10 0 1 1 12 2 M 22 2 12 12 M 16 2 h 6 v 6
CircleArrowRight	M 2 12 a 10 10 0 1 0 20 0 a 10 10 0 1 0 -20 0 Z M 12 16 l 4 -4 -4 -4 M 8 12 h 8
CircleArrowUp	M 2 12 a 10 10 0 1 0 20 0 a 10 10 0 1 0 -20 0 Z M 16 12 l -4 -4 -4 4 M 12 16 V 8
CircleCheck	M 2 12 a 10 10 0 1 0 20 0 a 10 10 0 1 0 -20 0 Z M 16 9 l -5.5 5.5 L 8 12
CircleCheckBig	M 21.801 10 A 10 10 0 1 1 17 3.335 M 9 11 l 3 3 L 22 4
CircleChevronDown	M 2 12 a 10 10 0 1 0 20 0 a 10 10 0 1 0 -20 0 Z M 16 10 l -4 4 -4 -4
CircleChevronLeft	M 2 12 a 10 10 0 1 0 20 0 a 10 10 0 1 0 -20 0 Z M 14 16 l -4 -4 4 -4
CircleChevronRight	M 2 12 a 10 10 0 1 0 20 0 a 10 10 0 1 0 -20 0 Z M 10 8 l 4 4 -4 4
CircleChevronUp	M 2 12 a 10 10 0 1 0 20 0 a 10 10 0 1 0 -20 0 Z M 8 14 l 4 -4 4 4
CircleDashed	M 10.1 2.182 a 10 10 0 0 1 3.8 0 M 13.9 21.818 a 10 10 0 0 1 -3.8 0 M 17.609 3.721 a 10 10 0 0 1 2.69 2.7 M 2.182 13.9 a 10 10 0 0 1 0 -3.8 M 20.279 17.609 a 10 10 0 0 1 -2.7 2.69 M 21.818 10.1 a 10 10 0 0 1 0 3.8 M 3.721 6.391 a 10 10 0 0 1 2.7 -2.69 M 6.391 20.279 a 10 10 0 0 1 -2.69 -2.7
CircleDashedCheck	M 10.1 2.182 a 10 10 0 0 1 3.8 0 M 13.9 21.818 a 10 10 0 0 1 -3.8 0 M 16 9 l -5.5 5.5 L 8 12 M 17.609 3.721 a 10 10 0 0 1 2.69 2.7 M 2.182 13.9 a 10 10 0 0 1 0 -3.8 M 20.279 17.609 a 10 10 0 0 1 -2.7 2.69 M 21.818 10.1 a 10 10 0 0 1 0 3.8 M 3.721 6.391 a 10 10 0 0 1 2.7 -2.69 M 6.391 20.279 a 10 10 0 0 1 -2.69 -2.7
CircleDivide	M 2 12 a 10 10 0 1 0 20 0 a 10 10 0 1 0 -20 0 Z M 8 12 L 16 12 M 12 16 L 12 16 M 12 8 L 12 8
CircleDollarSign	M 2 12 a 10 10 0 1 0 20 0 a 10 10 0 1 0 -20 0 Z M 16 8 h -6 a 2 2 0 1 0 0 4 h 4 a 2 2 0 1 1 0 4 H 8 M 12 18 V 6
CircleDot	M 11 12 a 1 1 0 1 0 2 0 a 1 1 0 1 0 -2 0 Z M 2 12 a 10 10 0 1 0 20 0 a 10 10 0 1 0 -20 0 Z
CircleDotDashed	M 10.1 2.18 a 9.93 9.93 0 0 1 3.8 0 M 17.6 3.71 a 9.95 9.95 0 0 1 2.69 2.7 M 21.82 10.1 a 9.93 9.93 0 0 1 0 3.8 M 20.29 17.6 a 9.95 9.95 0 0 1 -2.7 2.69 M 13.9 21.82 a 9.94 9.94 0 0 1 -3.8 0 M 6.4 20.29 a 9.95 9.95 0 0 1 -2.69 -2.7 M 2.18 13.9 a 9.93 9.93 0 0 1 0 -3.8 M 3.71 6.4 a 9.95 9.95 0 0 1 2.7 -2.69 M 11 12 a 1 1 0 1 0 2 0 a 1 1 0 1 0 -2 0 Z
CircleEllipsis	M 2 12 a 10 10 0 1 0 20 0 a 10 10 0 1 0 -20 0 Z M 17 12 h .01 M 12 12 h .01 M 7 12 h .01
CircleEqual	M 2 12 a 10 10 0 1 0 20 0 a 10 10 0 1 0 -20 0 Z M 7 10 h 10 M 7 14 h 10
CircleEuro	M 15 9.4 a 4 4 0 1 0 0 5.2 M 7 12 h 5 M 2 12 a 10 10 0 1 0 20 0 a 10 10 0 1 0 -20 0 Z
CircleFadingArrowUp	M 12 2 a 10 10 0 0 1 7.38 16.75 M 16 12 l -4 -4 -4 4 M 12 16 V 8 M 2.5 8.875 a 10 10 0 0 0 -.5 3 M 2.83 16 a 10 10 0 0 0 2.43 3.4 M 4.636 5.235 a 10 10 0 0 1 .891 -.857 M 8.644 21.42 a 10 10 0 0 0 7.631 -.38
CircleFadingPlus	M 12 2 a 10 10 0 0 1 7.38 16.75 M 12 8 v 8 M 16 12 H 8 M 2.5 8.875 a 10 10 0 0 0 -.5 3 M 2.83 16 a 10 10 0 0 0 2.43 3.4 M 4.636 5.235 a 10 10 0 0 1 .891 -.857 M 8.644 21.42 a 10 10 0 0 0 7.631 -.38
CircleGauge	M 15.6 2.7 a 10 10 0 1 0 5.7 5.7 M 10 12 a 2 2 0 1 0 4 0 a 2 2 0 1 0 -4 0 Z M 13.4 10.6 19 5
CircleMinus	M 2 12 a 10 10 0 1 0 20 0 a 10 10 0 1 0 -20 0 Z M 8 12 h 8
CircleOff	M 2 2 l 20 20 M 8.35 2.69 A 10 10 0 0 1 21.3 15.65 M 19.08 19.08 A 10 10 0 1 1 4.92 4.92
CircleParking	M 2 12 a 10 10 0 1 0 20 0 a 10 10 0 1 0 -20 0 Z M 9 17 V 7 h 4 a 3 3 0 0 1 0 6 H 9
CircleParkingOff	M 12.656 7 H 13 a 3 3 0 0 1 2.984 3.307 M 13 13 H 9 M 19.071 19.071 A 1 1 0 0 1 4.93 4.93 M 2 2 l 20 20 M 8.357 2.687 a 10 10 0 0 1 12.956 12.956 M 9 17 V 9
CirclePause	M 2 12 a 10 10 0 1 0 20 0 a 10 10 0 1 0 -20 0 Z M 10 15 L 10 9 M 14 15 L 14 9
CirclePercent	M 2 12 a 10 10 0 1 0 20 0 a 10 10 0 1 0 -20 0 Z M 15 9 l -6 6 M 9 9 h .01 M 15 15 h .01
CirclePile	M 10 19 a 2 2 0 1 0 4 0 a 2 2 0 1 0 -4 0 Z M 10 5 a 2 2 0 1 0 4 0 a 2 2 0 1 0 -4 0 Z M 14 12 a 2 2 0 1 0 4 0 a 2 2 0 1 0 -4 0 Z M 18 19 a 2 2 0 1 0 4 0 a 2 2 0 1 0 -4 0 Z M 2 19 a 2 2 0 1 0 4 0 a 2 2 0 1 0 -4 0 Z M 6 12 a 2 2 0 1 0 4 0 a 2 2 0 1 0 -4 0 Z
CirclePlay	M 9 9.003 a 1 1 0 0 1 1.517 -.859 l 4.997 2.997 a 1 1 0 0 1 0 1.718 l -4.997 2.997 A 1 1 0 0 1 9 14.996 z M 2 12 a 10 10 0 1 0 20 0 a 10 10 0 1 0 -20 0 Z
CirclePlus	M 2 12 a 10 10 0 1 0 20 0 a 10 10 0 1 0 -20 0 Z M 8 12 h 8 M 12 8 v 8
CirclePoundSterling	M 2 12 a 10 10 0 1 0 20 0 a 10 10 0 1 0 -20 0 Z M 10 16 V 9.5 a 1 1 0 0 1 5 0 M 8 12 h 4 M 8 16 h 7
CirclePower	M 2 12 a 10 10 0 1 0 20 0 a 10 10 0 1 0 -20 0 Z M 12 7 v 4 M 7.998 9.003 a 5 5 0 1 0 8 -.005
CircleQuestionMark	M 2 12 a 10 10 0 1 0 20 0 a 10 10 0 1 0 -20 0 Z M 9.09 9 a 3 3 0 0 1 5.83 1 c 0 2 -3 3 -3 3 M 12 17 h .01
CircleSlash	M 2 12 a 10 10 0 1 0 20 0 a 10 10 0 1 0 -20 0 Z M 9 15 L 15 9
CircleSlash2	M 2 12 a 10 10 0 1 0 20 0 a 10 10 0 1 0 -20 0 Z M 22 2 2 22
CircleSmall	M 6 12 a 6 6 0 1 0 12 0 a 6 6 0 1 0 -12 0 Z
CircleStar	M 2 12 a 10 10 0 1 0 20 0 a 10 10 0 1 0 -20 0 Z M 11.051 7.616 a 1 1 0 0 1 1.909 .024 l .737 1.452 a 1 1 0 0 0 .737 .535 l 1.634 .256 a 1 1 0 0 1 .588 1.806 l -1.172 1.168 a 1 1 0 0 0 -.282 .866 l .259 1.613 a 1 1 0 0 1 -1.541 1.134 l -1.465 -.75 a 1 1 0 0 0 -.912 0 l -1.465 .75 a 1 1 0 0 1 -1.539 -1.133 l .258 -1.613 a 1 1 0 0 0 -.282 -.867 l -1.156 -1.152 a 1 1 0 0 1 .572 -1.822 l 1.633 -.256 a 1 1 0 0 0 .737 -.535 z
CircleStop	M 2 12 a 10 10 0 1 0 20 0 a 10 10 0 1 0 -20 0 Z M 10 9 h 4 a 1 1 0 0 1 1 1 v 4 a 1 1 0 0 1 -1 1 h -4 a 1 1 0 0 1 -1 -1 v -4 a 1 1 0 0 1 1 -1 Z
CircleUser	M 2 12 a 10 10 0 1 0 20 0 a 10 10 0 1 0 -20 0 Z M 9 10 a 3 3 0 1 0 6 0 a 3 3 0 1 0 -6 0 Z M 7 20.662 V 19 a 2 2 0 0 1 2 -2 h 6 a 2 2 0 0 1 2 2 v 1.662
CircleUserRound	M 17.925 20.056 a 6 6 0 0 0 -11.851 .001 M 8 11 a 4 4 0 1 0 8 0 a 4 4 0 1 0 -8 0 Z M 2 12 a 10 10 0 1 0 20 0 a 10 10 0 1 0 -20 0 Z
CircleX	M 2 12 a 10 10 0 1 0 20 0 a 10 10 0 1 0 -20 0 Z M 15 9 l -6 6 M 9 9 l 6 6
CircuitBoard	M 5 3 h 14 a 2 2 0 0 1 2 2 v 14 a 2 2 0 0 1 -2 2 h -14 a 2 2 0 0 1 -2 -2 v -14 a 2 2 0 0 1 2 -2 Z M 11 9 h 4 a 2 2 0 0 0 2 -2 V 3 M 7 9 a 2 2 0 1 0 4 0 a 2 2 0 1 0 -4 0 Z M 7 21 v -4 a 2 2 0 0 1 2 -2 h 4 M 13 15 a 2 2 0 1 0 4 0 a 2 2 0 1 0 -4 0 Z
Citrus	M 21.66 17.67 a 1.08 1.08 0 0 1 -.04 1.6 A 12 12 0 0 1 4.73 2.38 a 1.1 1.1 0 0 1 1.61 -.04 z M 19.65 15.66 A 8 8 0 0 1 8.35 4.34 M 14 10 l -5.5 5.5 M 14 17.85 V 10 H 6.15
Clapperboard	M 12.296 3.464 l 3.02 3.956 M 20.2 6 3 11 l -.9 -2.4 c -.3 -1.1 .3 -2.2 1.3 -2.5 l 13.5 -4 c 1.1 -.3 2.2 .3 2.5 1.3 z M 3 11 h 18 v 8 a 2 2 0 0 1 -2 2 H 5 a 2 2 0 0 1 -2 -2 z M 6.18 5.276 l 3.1 3.899
ClefAlto	M 10 4 v 16 M 14 4.764 a 3 3 0 1 1 -.152 4.327 A 4 4 0 0 1 10 12 a 4 4 0 0 1 3.848 2.909 A 3 3 0 1 1 14 19.236 M 6 4 v 16
ClefBass	M 19 11 h .01 M 19 6 h .01 M 5 8 c 0 -4 4 -4 4 -4 6 0 6 6 6 6 0 7 -10 11 -10 11 M 5 8 a 2 2 0 1 0 4 0 a 2 2 0 1 0 -4 0 Z
ClefTreble	M 10.586 21.414 a 2 2 0 0 0 3.378 -1.791 L 11.036 4.377 a 2 2 0 1 1 3.378 1.037 C 12.414 7.414 7 8 7 13 a 5 5 0 0 0 5 5 5 4 0 0 0 5 -4 3 3 0 0 0 -3 -3 3 2 0 0 0 -3 2
Clipboard	M 9 2 h 6 a 1 1 0 0 1 1 1 v 2 a 1 1 0 0 1 -1 1 h -6 a 1 1 0 0 1 -1 -1 v -2 a 1 1 0 0 1 1 -1 Z M 16 4 h 2 a 2 2 0 0 1 2 2 v 14 a 2 2 0 0 1 -2 2 H 6 a 2 2 0 0 1 -2 -2 V 6 a 2 2 0 0 1 2 -2 h 2
ClipboardCheck	M 9 2 h 6 a 1 1 0 0 1 1 1 v 2 a 1 1 0 0 1 -1 1 h -6 a 1 1 0 0 1 -1 -1 v -2 a 1 1 0 0 1 1 -1 Z M 16 4 h 2 a 2 2 0 0 1 2 2 v 14 a 2 2 0 0 1 -2 2 H 6 a 2 2 0 0 1 -2 -2 V 6 a 2 2 0 0 1 2 -2 h 2 M 9 14 l 2 2 4 -4
ClipboardClock	M 16 14 v 2.2 l 1.6 1 M 16 4 h 2 a 2 2 0 0 1 2 2 v .832 M 8 4 H 6 a 2 2 0 0 0 -2 2 v 14 a 2 2 0 0 0 2 2 h 2 M 10 16 a 6 6 0 1 0 12 0 a 6 6 0 1 0 -12 0 Z M 9 2 h 6 a 1 1 0 0 1 1 1 v 2 a 1 1 0 0 1 -1 1 h -6 a 1 1 0 0 1 -1 -1 v -2 a 1 1 0 0 1 1 -1 Z
ClipboardCopy	M 9 2 h 6 a 1 1 0 0 1 1 1 v 2 a 1 1 0 0 1 -1 1 h -6 a 1 1 0 0 1 -1 -1 v -2 a 1 1 0 0 1 1 -1 Z M 8 4 H 6 a 2 2 0 0 0 -2 2 v 14 a 2 2 0 0 0 2 2 h 12 a 2 2 0 0 0 2 -2 v -2 M 16 4 h 2 a 2 2 0 0 1 2 2 v 4 M 21 14 H 11 M 15 10 l -4 4 4 4
ClipboardList	M 9 2 h 6 a 1 1 0 0 1 1 1 v 2 a 1 1 0 0 1 -1 1 h -6 a 1 1 0 0 1 -1 -1 v -2 a 1 1 0 0 1 1 -1 Z M 16 4 h 2 a 2 2 0 0 1 2 2 v 14 a 2 2 0 0 1 -2 2 H 6 a 2 2 0 0 1 -2 -2 V 6 a 2 2 0 0 1 2 -2 h 2 M 12 11 h 4 M 12 16 h 4 M 8 11 h .01 M 8 16 h .01
ClipboardMinus	M 9 2 h 6 a 1 1 0 0 1 1 1 v 2 a 1 1 0 0 1 -1 1 h -6 a 1 1 0 0 1 -1 -1 v -2 a 1 1 0 0 1 1 -1 Z M 16 4 h 2 a 2 2 0 0 1 2 2 v 14 a 2 2 0 0 1 -2 2 H 6 a 2 2 0 0 1 -2 -2 V 6 a 2 2 0 0 1 2 -2 h 2 M 9 14 h 6
ClipboardPaste	M 11 14 h 10 M 16 4 h 2 a 2 2 0 0 1 2 2 v 1.344 M 17 18 l 4 -4 -4 -4 M 8 4 H 6 a 2 2 0 0 0 -2 2 v 14 a 2 2 0 0 0 2 2 h 12 a 2 2 0 0 0 1.793 -1.113 M 9 2 h 6 a 1 1 0 0 1 1 1 v 2 a 1 1 0 0 1 -1 1 h -6 a 1 1 0 0 1 -1 -1 v -2 a 1 1 0 0 1 1 -1 Z
ClipboardPen	M 16 4 h 2 a 2 2 0 0 1 2 2 v 2 M 21.34 15.664 a 1 1 0 1 0 -3.004 -3.004 l -5.01 5.012 a 2 2 0 0 0 -.506 .854 l -.837 2.87 a .5 .5 0 0 0 .62 .62 l 2.87 -.837 a 2 2 0 0 0 .854 -.506 z M 8 22 H 6 a 2 2 0 0 1 -2 -2 V 6 a 2 2 0 0 1 2 -2 h 2 M 9 2 h 6 a 1 1 0 0 1 1 1 v 2 a 1 1 0 0 1 -1 1 h -6 a 1 1 0 0 1 -1 -1 v -2 a 1 1 0 0 1 1 -1 Z
ClipboardPenLine	M 9 2 h 6 a 1 1 0 0 1 1 1 v 2 a 1 1 0 0 1 -1 1 h -6 a 1 1 0 0 1 -1 -1 v -2 a 1 1 0 0 1 1 -1 Z M 8 4 H 6 a 2 2 0 0 0 -2 2 v 14 a 2 2 0 0 0 2 2 h 12 a 2 2 0 0 0 2 -2 v -.5 M 16 4 h 2 a 2 2 0 0 1 1.73 1 M 8 18 h 1 M 21.378 12.626 a 1 1 0 0 0 -3.004 -3.004 l -4.01 4.012 a 2 2 0 0 0 -.506 .854 l -.837 2.87 a .5 .5 0 0 0 .62 .62 l 2.87 -.837 a 2 2 0 0 0 .854 -.506 z
ClipboardPlus	M 9 2 h 6 a 1 1 0 0 1 1 1 v 2 a 1 1 0 0 1 -1 1 h -6 a 1 1 0 0 1 -1 -1 v -2 a 1 1 0 0 1 1 -1 Z M 16 4 h 2 a 2 2 0 0 1 2 2 v 14 a 2 2 0 0 1 -2 2 H 6 a 2 2 0 0 1 -2 -2 V 6 a 2 2 0 0 1 2 -2 h 2 M 9 14 h 6 M 12 17 v -6
ClipboardType	M 9 2 h 6 a 1 1 0 0 1 1 1 v 2 a 1 1 0 0 1 -1 1 h -6 a 1 1 0 0 1 -1 -1 v -2 a 1 1 0 0 1 1 -1 Z M 16 4 h 2 a 2 2 0 0 1 2 2 v 14 a 2 2 0 0 1 -2 2 H 6 a 2 2 0 0 1 -2 -2 V 6 a 2 2 0 0 1 2 -2 h 2 M 9 12 v -1 h 6 v 1 M 11 17 h 2 M 12 11 v 6
ClipboardX	M 9 2 h 6 a 1 1 0 0 1 1 1 v 2 a 1 1 0 0 1 -1 1 h -6 a 1 1 0 0 1 -1 -1 v -2 a 1 1 0 0 1 1 -1 Z M 16 4 h 2 a 2 2 0 0 1 2 2 v 14 a 2 2 0 0 1 -2 2 H 6 a 2 2 0 0 1 -2 -2 V 6 a 2 2 0 0 1 2 -2 h 2 M 14.5 11.5 l -5 5 M 9.5 11.5 l 5 5
Clock	M 2 12 a 10 10 0 1 0 20 0 a 10 10 0 1 0 -20 0 Z M 12 6 v 6 l 4 2
Clock1	M 2 12 a 10 10 0 1 0 20 0 a 10 10 0 1 0 -20 0 Z M 12 6 v 6 l 2 -4
Clock10	M 2 12 a 10 10 0 1 0 20 0 a 10 10 0 1 0 -20 0 Z M 12 6 v 6 l -4 -2
Clock11	M 2 12 a 10 10 0 1 0 20 0 a 10 10 0 1 0 -20 0 Z M 12 6 v 6 l -2 -4
Clock12	M 2 12 a 10 10 0 1 0 20 0 a 10 10 0 1 0 -20 0 Z M 12 6 v 6
Clock2	M 2 12 a 10 10 0 1 0 20 0 a 10 10 0 1 0 -20 0 Z M 12 6 v 6 l 4 -2
Clock3	M 2 12 a 10 10 0 1 0 20 0 a 10 10 0 1 0 -20 0 Z M 12 6 v 6 h 4
Clock4	M 2 12 a 10 10 0 1 0 20 0 a 10 10 0 1 0 -20 0 Z M 12 6 v 6 l 4 2
Clock5	M 2 12 a 10 10 0 1 0 20 0 a 10 10 0 1 0 -20 0 Z M 12 6 v 6 l 2 4
Clock6	M 2 12 a 10 10 0 1 0 20 0 a 10 10 0 1 0 -20 0 Z M 12 6 v 10
Clock7	M 2 12 a 10 10 0 1 0 20 0 a 10 10 0 1 0 -20 0 Z M 12 6 v 6 l -2 4
Clock8	M 2 12 a 10 10 0 1 0 20 0 a 10 10 0 1 0 -20 0 Z M 12 6 v 6 l -4 2
Clock9	M 2 12 a 10 10 0 1 0 20 0 a 10 10 0 1 0 -20 0 Z M 12 6 v 6 H 8
ClockAlert	M 12 6 v 6 l 4 2 M 20 12 v 5 M 20 21 h .01 M 21.25 8.2 A 10 10 0 1 0 16 21.16
ClockArrowDown	M 12 6 v 6 l 2 1 M 12.337 21.994 a 10 10 0 1 1 9.588 -8.767 M 14 18 l 4 4 4 -4 M 18 14 v 8
ClockArrowLeft	M 12 6 v 6 l 1.5 .8 M 12.338 21.994 a 10 10 0 1 1 9.587 -8.767 M 14 18 h 8 M 18 22 l -4 -4 4 -4
ClockArrowRight	M 12 6 v 6 l 2 1 M 13.5 21.885 A 10 10 0 1 1 22 12 M 14 18 h 8 M 18 22 l 4 -4 -4 -4
ClockArrowUp	M 12 6 v 6 l 1.56 .78 M 13.227 21.925 a 10 10 0 1 1 8.767 -9.588 M 14 18 l 4 -4 4 4 M 18 22 v -8
ClockCheck	M 21.95 13 a 10 10 0 1 0 -8.685 8.92 M 12 6 v 6 l 4 2 M 16 19 l 2 2 4 -4
ClockFading	M 12 2 a 10 10 0 0 1 7.38 16.75 M 12 6 v 6 l 4 2 M 2.5 8.875 a 10 10 0 0 0 -.5 3 M 2.83 16 a 10 10 0 0 0 2.43 3.4 M 4.636 5.235 a 10 10 0 0 1 .891 -.857 M 8.644 21.42 a 10 10 0 0 0 7.631 -.38
ClockPlus	M 12 6 v 6 l 3.644 1.822 M 16 19 h 6 M 19 16 v 6 M 21.92 13.267 a 10 10 0 1 0 -8.653 8.653
ClosedCaption	M 10 9.17 a 3 3 0 1 0 0 5.66 M 17 9.17 a 3 3 0 1 0 0 5.66 M 4 5 h 16 a 2 2 0 0 1 2 2 v 10 a 2 2 0 0 1 -2 2 h -16 a 2 2 0 0 1 -2 -2 v -10 a 2 2 0 0 1 2 -2 Z
Cloud	M 17.5 19 H 9 a 7 7 0 1 1 6.71 -9 h 1.79 a 4.5 4.5 0 1 1 0 9 Z
CloudAlert	M 12 12 v 4 M 12 20 h .01 M 8.128 16.949 A 7 7 0 1 1 15.71 8 h 1.79 a 1 1 0 0 1 0 9 h -1.642
CloudBackup	M 21 15.251 A 4.5 4.5 0 0 0 17.5 8 h -1.79 A 7 7 0 1 0 3 13.607 M 7 11 v 4 h 4 M 8 19 a 5 5 0 0 0 9 -3 4.5 4.5 0 0 0 -4.5 -4.5 4.82 4.82 0 0 0 -3.41 1.41 L 7 15
CloudCheck	M 17 15 l -5.5 5.5 L 9 18 M 5.516 16.07 A 7 7 0 1 1 15.71 8 h 1.79 a 4.5 4.5 0 0 1 3.501 7.327
CloudCog	M 10.852 19.772 l -.383 .924 M 13.148 14.228 l .383 -.923 M 13.148 19.772 a 3 3 0 1 0 -2.296 -5.544 l -.383 -.923 M 13.53 20.696 l -.382 -.924 a 3 3 0 1 1 -2.296 -5.544 M 14.772 15.852 l .923 -.383 M 14.772 18.148 l .923 .383 M 4.2 15.1 a 7 7 0 1 1 9.93 -9.858 A 7 7 0 0 1 15.71 8 h 1.79 a 4.5 4.5 0 0 1 2.5 8.2 M 9.228 15.852 l -.923 -.383 M 9.228 18.148 l -.923 .383
CloudDownload	M 12 13 v 8 l -4 -4 M 12 21 l 4 -4 M 4.393 15.269 A 7 7 0 1 1 15.71 8 h 1.79 a 4.5 4.5 0 0 1 2.436 8.284
CloudDrizzle	M 4 14.899 A 7 7 0 1 1 15.71 8 h 1.79 a 4.5 4.5 0 0 1 2.5 8.242 M 8 19 v 1 M 8 14 v 1 M 16 19 v 1 M 16 14 v 1 M 12 21 v 1 M 12 16 v 1
CloudFog	M 4 14.899 A 7 7 0 1 1 15.71 8 h 1.79 a 4.5 4.5 0 0 1 2.5 8.242 M 16 17 H 7 M 17 21 H 9
CloudHail	M 4 14.899 A 7 7 0 1 1 15.71 8 h 1.79 a 4.5 4.5 0 0 1 2.5 8.242 M 16 14 v 2 M 8 14 v 2 M 16 20 h .01 M 8 20 h .01 M 12 16 v 2 M 12 22 h .01
CloudLightning	M 6 16.326 A 7 7 0 1 1 15.71 8 h 1.79 a 4.5 4.5 0 0 1 .5 8.973 M 13 12 l -3 5 h 4 l -3 5
CloudMoon	M 13 16 a 3 3 0 0 1 0 6 H 7 a 5 5 0 1 1 4.9 -6 z M 18.376 14.512 a 6 6 0 0 0 3.461 -4.127 c .148 -.625 -.659 -.97 -1.248 -.714 a 4 4 0 0 1 -5.259 -5.26 c .255 -.589 -.09 -1.395 -.716 -1.248 a 6 6 0 0 0 -4.594 5.36
CloudMoonRain	M 11 20 v 2 M 18.376 14.512 a 6 6 0 0 0 3.461 -4.127 c .148 -.625 -.659 -.97 -1.248 -.714 a 4 4 0 0 1 -5.259 -5.26 c .255 -.589 -.09 -1.395 -.716 -1.248 a 6 6 0 0 0 -4.594 5.36 M 3 20 a 5 5 0 1 1 8.9 -4 H 13 a 3 3 0 0 1 2 5.24 M 7 19 v 2
CloudOff	M 10.94 5.274 A 7 7 0 0 1 15.71 10 h 1.79 a 4.5 4.5 0 0 1 4.222 6.057 M 18.796 18.81 A 4.5 4.5 0 0 1 17.5 19 H 9 A 7 7 0 0 1 5.79 5.78 M 2 2 l 20 20
CloudRain	M 4 14.899 A 7 7 0 1 1 15.71 8 h 1.79 a 4.5 4.5 0 0 1 2.5 8.242 M 16 14 v 6 M 8 14 v 6 M 12 16 v 6
CloudRainWind	M 4 14.899 A 7 7 0 1 1 15.71 8 h 1.79 a 4.5 4.5 0 0 1 2.5 8.242 M 9.2 22 l 3 -7 M 9 13 l -3 7 M 17 13 l -3 7
CloudSnow	M 4 14.899 A 7 7 0 1 1 15.71 8 h 1.79 a 4.5 4.5 0 0 1 2.5 8.242 M 8 15 h .01 M 8 19 h .01 M 12 17 h .01 M 12 21 h .01 M 16 15 h .01 M 16 19 h .01
CloudSun	M 12 2 v 2 M 4.93 4.93 l 1.41 1.41 M 20 12 h 2 M 19.07 4.93 l -1.41 1.41 M 15.947 12.65 a 4 4 0 0 0 -5.925 -4.128 M 13 22 H 7 a 5 5 0 1 1 4.9 -6 H 13 a 3 3 0 0 1 0 6 Z
CloudSunRain	M 12 2 v 2 M 4.93 4.93 l 1.41 1.41 M 20 12 h 2 M 19.07 4.93 l -1.41 1.41 M 15.947 12.65 a 4 4 0 0 0 -5.925 -4.128 M 3 20 a 5 5 0 1 1 8.9 -4 H 13 a 3 3 0 0 1 2 5.24 M 11 20 v 2 M 7 19 v 2
CloudSync	M 17 18 l -1.535 1.605 a 5 5 0 0 1 -8 -1.5 M 17 22 v -4 h -4 M 20.996 15.251 A 4.5 4.5 0 0 0 17.495 8 h -1.79 a 7 7 0 1 0 -12.709 5.607 M 7 10 v 4 h 4 M 7 14 l 1.535 -1.605 a 5 5 0 0 1 8 1.5
CloudUpload	M 12 13 v 8 M 4 14.899 A 7 7 0 1 1 15.71 8 h 1.79 a 4.5 4.5 0 0 1 2.5 8.242 M 8 17 l 4 -4 4 4
Cloudy	M 17.5 12 a 1 1 0 1 1 0 9 H 9.006 a 7 7 0 1 1 6.702 -9 z M 21.832 9 A 3 3 0 0 0 19 7 h -2.207 a 5.5 5.5 0 0 0 -10.72 .61
Clover	M 16.17 7.83 2 22 M 4.02 12 a 2.827 2.827 0 1 1 3.81 -4.17 A 2.827 2.827 0 1 1 12 4.02 a 2.827 2.827 0 1 1 4.17 3.81 A 2.827 2.827 0 1 1 19.98 12 a 2.827 2.827 0 1 1 -3.81 4.17 A 2.827 2.827 0 1 1 12 19.98 a 2.827 2.827 0 1 1 -4.17 -3.81 A 1 1 0 1 1 4 12 M 7.83 7.83 l 8.34 8.34
Club	M 17.28 9.05 a 5.5 5.5 0 1 0 -10.56 0 A 5.5 5.5 0 1 0 12 17.66 a 5.5 5.5 0 1 0 5.28 -8.6 Z M 12 17.66 L 12 22
Code	M 16 18 l 6 -6 -6 -6 M 8 6 l -6 6 6 6
CodeXml	M 18 16 l 4 -4 -4 -4 M 6 8 l -4 4 4 4 M 14.5 4 l -5 16
Coffee	M 10 2 v 2 M 14 2 v 2 M 16 8 a 1 1 0 0 1 1 1 v 8 a 4 4 0 0 1 -4 4 H 7 a 4 4 0 0 1 -4 -4 V 9 a 1 1 0 0 1 1 -1 h 14 a 4 4 0 1 1 0 8 h -1 M 6 2 v 2
Cog	M 11 10.27 7 3.34 M 11 13.73 l -4 6.93 M 12 22 v -2 M 12 2 v 2 M 14 12 h 8 M 17 20.66 l -1 -1.73 M 17 3.34 l -1 1.73 M 2 12 h 2 M 20.66 17 l -1.73 -1 M 20.66 7 l -1.73 1 M 3.34 17 l 1.73 -1 M 3.34 7 l 1.73 1 M 10 12 a 2 2 0 1 0 4 0 a 2 2 0 1 0 -4 0 Z M 4 12 a 8 8 0 1 0 16 0 a 8 8 0 1 0 -16 0 Z
Coins	M 13.744 17.736 a 6 6 0 1 1 -7.48 -7.48 M 15 6 h 1 v 4 M 6.134 14.768 l .866 -.5 2 3.464 M 10 8 a 6 6 0 1 0 12 0 a 6 6 0 1 0 -12 0 Z
Columns2	M 5 3 h 14 a 2 2 0 0 1 2 2 v 14 a 2 2 0 0 1 -2 2 h -14 a 2 2 0 0 1 -2 -2 v -14 a 2 2 0 0 1 2 -2 Z M 12 3 v 18
Columns3	M 5 3 h 14 a 2 2 0 0 1 2 2 v 14 a 2 2 0 0 1 -2 2 h -14 a 2 2 0 0 1 -2 -2 v -14 a 2 2 0 0 1 2 -2 Z M 9 3 v 18 M 15 3 v 18
Columns3Cog	M 10.6 21 H 5 a 2 2 0 0 1 -2 -2 V 5 a 2 2 0 0 1 2 -2 h 14 a 2 2 0 0 1 2 2 v 5.6 M 14.305 19.53 l .923 -.382 M 15 3 v 7.6 M 15.229 16.852 l -.924 -.383 M 16.852 15.228 l -.383 -.923 M 16.852 20.772 l -.383 .924 M 19.148 15.228 l .383 -.923 M 19.53 21.696 l -.382 -.924 M 20.773 16.852 l .922 -.383 M 20.773 19.148 l .922 .383 M 9 3 v 18 M 15 18 a 3 3 0 1 0 6 0 a 3 3 0 1 0 -6 0 Z
Columns4	M 5 3 h 14 a 2 2 0 0 1 2 2 v 14 a 2 2 0 0 1 -2 2 h -14 a 2 2 0 0 1 -2 -2 v -14 a 2 2 0 0 1 2 -2 Z M 7.5 3 v 18 M 12 3 v 18 M 16.5 3 v 18
Combine	M 14 3 a 1 1 0 0 1 1 1 v 5 a 1 1 0 0 1 -1 1 M 19 3 a 1 1 0 0 1 1 1 v 5 a 1 1 0 0 1 -1 1 M 7 15 l 3 3 M 7 21 l 3 -3 H 5 a 2 2 0 0 1 -2 -2 v -2 M 15 14 h 5 a 1 1 0 0 1 1 1 v 5 a 1 1 0 0 1 -1 1 h -5 a 1 1 0 0 1 -1 -1 v -5 a 1 1 0 0 1 1 -1 Z M 4 3 h 5 a 1 1 0 0 1 1 1 v 5 a 1 1 0 0 1 -1 1 h -5 a 1 1 0 0 1 -1 -1 v -5 a 1 1 0 0 1 1 -1 Z
Command	M 15 6 v 12 a 3 3 0 1 0 3 -3 H 6 a 3 3 0 1 0 3 3 V 6 a 3 3 0 1 0 -3 3 h 12 a 3 3 0 1 0 -3 -3
Compass	M 2 12 a 10 10 0 1 0 20 0 a 10 10 0 1 0 -20 0 Z M 16.24 7.76 l -1.804 5.411 a 2 2 0 0 1 -1.265 1.265 L 7.76 16.24 l 1.804 -5.411 a 2 2 0 0 1 1.265 -1.265 z
Component	M 15.536 11.293 a 1 1 0 0 0 0 1.414 l 2.376 2.377 a 1 1 0 0 0 1.414 0 l 2.377 -2.377 a 1 1 0 0 0 0 -1.414 l -2.377 -2.377 a 1 1 0 0 0 -1.414 0 z M 2.297 11.293 a 1 1 0 0 0 0 1.414 l 2.377 2.377 a 1 1 0 0 0 1.414 0 l 2.377 -2.377 a 1 1 0 0 0 0 -1.414 L 6.088 8.916 a 1 1 0 0 0 -1.414 0 z M 8.916 17.912 a 1 1 0 0 0 0 1.415 l 2.377 2.376 a 1 1 0 0 0 1.414 0 l 2.377 -2.376 a 1 1 0 0 0 0 -1.415 l -2.377 -2.376 a 1 1 0 0 0 -1.414 0 z M 8.916 4.674 a 1 1 0 0 0 0 1.414 l 2.377 2.376 a 1 1 0 0 0 1.414 0 l 2.377 -2.376 a 1 1 0 0 0 0 -1.414 l -2.377 -2.377 a 1 1 0 0 0 -1.414 0 z
Computer	M 12 18 h 6 M 6 18 h .01 M 8 6 h 1 M 4 14 h 16 a 2 2 0 0 1 2 2 v 4 a 2 2 0 0 1 -2 2 h -16 a 2 2 0 0 1 -2 -2 v -4 a 2 2 0 0 1 2 -2 Z M 6 2 h 12 a 2 2 0 0 1 2 2 v 8 a 2 2 0 0 1 -2 2 h -12 a 2 2 0 0 1 -2 -2 v -8 a 2 2 0 0 1 2 -2 Z
ConciergeBell	M 3 20 a 1 1 0 0 1 -1 -1 v -1 a 2 2 0 0 1 2 -2 h 16 a 2 2 0 0 1 2 2 v 1 a 1 1 0 0 1 -1 1 Z M 20 16 a 8 8 0 1 0 -16 0 M 12 4 v 4 M 10 4 h 4
Cone	M 20.9 18.55 l -8 -15.98 a 1 1 0 0 0 -1.8 0 l -8 15.98 M 3 19 a 9 3 0 1 0 18 0 a 9 3 0 1 0 -18 0 Z
Construction	M 3 6 h 18 a 1 1 0 0 1 1 1 v 6 a 1 1 0 0 1 -1 1 h -18 a 1 1 0 0 1 -1 -1 v -6 a 1 1 0 0 1 1 -1 Z M 17 14 v 7 M 7 14 v 7 M 17 3 v 3 M 7 3 v 3 M 10 14 2.3 6.3 M 14 6 l 7.7 7.7 M 8 6 l 8 8
Contact	M 16 2 v 2 M 7 21 v -2 a 2 2 0 0 1 2 -2 h 6 a 2 2 0 0 1 2 2 v 2 M 8 2 v 2 M 9 10 a 3 3 0 1 0 6 0 a 3 3 0 1 0 -6 0 Z M 5 3 h 14 a 2 2 0 0 1 2 2 v 14 a 2 2 0 0 1 -2 2 h -14 a 2 2 0 0 1 -2 -2 v -14 a 2 2 0 0 1 2 -2 Z
ContactRound	M 16 2 v 2 M 17.915 21 a 6 6 0 1 0 -12 0 M 8 2 v 2 M 8 11 a 4 4 0 1 0 8 0 a 4 4 0 1 0 -8 0 Z M 5 3 h 14 a 2 2 0 0 1 2 2 v 14 a 2 2 0 0 1 -2 2 h -14 a 2 2 0 0 1 -2 -2 v -14 a 2 2 0 0 1 2 -2 Z
Container	M 22 7.7 c 0 -.6 -.4 -1.2 -.8 -1.5 l -6.3 -3.9 a 1.72 1.72 0 0 0 -1.7 0 l -10.3 6 c -.5 .2 -.9 .8 -.9 1.4 v 6.6 c 0 .5 .4 1.2 .8 1.5 l 6.3 3.9 a 1.72 1.72 0 0 0 1.7 0 l 10.3 -6 c .5 -.3 .9 -1 .9 -1.5 Z M 10 21.9 V 14 L 2.1 9.1 M 10 14 l 11.9 -6.9 M 14 19.8 v -8.1 M 18 17.5 V 9.4
Contrast	M 2 12 a 10 10 0 1 0 20 0 a 10 10 0 1 0 -20 0 Z M 12 18 a 6 6 0 0 0 0 -12 v 12 z
Cookie	M 11 17 h .01 M 11.496 2 c .324 -.016 .558 .292 .529 .615 a 4 4 0 0 0 4.235 4.368 .713 .713 0 0 1 .758 .757 4 4 0 0 0 4.366 4.237 c .323 -.03 .63 .204 .614 .527 a 10 10 0 0 1 -2.915 6.566 A 1 1 0 1 1 4.93 4.918 10 10 0 0 1 11.496 2 M 12 12 h .01 M 16 16 h .01 M 16 3 h .01 M 21 4 h .01 M 21 8 h .01 M 7 14 h .01 M 9 8 h .01
CookingPot	M 2 12 h 20 M 20 12 v 8 a 2 2 0 0 1 -2 2 H 6 a 2 2 0 0 1 -2 -2 v -8 M 4 8 l 16 -4 M 8.86 6.78 l -.45 -1.81 a 2 2 0 0 1 1.45 -2.43 l 1.94 -.48 a 2 2 0 0 1 2.43 1.46 l .45 1.8
Copy	M 10 8 h 10 a 2 2 0 0 1 2 2 v 10 a 2 2 0 0 1 -2 2 h -10 a 2 2 0 0 1 -2 -2 v -10 a 2 2 0 0 1 2 -2 Z M 4 16 c -1.1 0 -2 -.9 -2 -2 V 4 c 0 -1.1 .9 -2 2 -2 h 10 c 1.1 0 2 .9 2 2
CopyCheck	M 12 15 l 2 2 4 -4 M 10 8 h 10 a 2 2 0 0 1 2 2 v 10 a 2 2 0 0 1 -2 2 h -10 a 2 2 0 0 1 -2 -2 v -10 a 2 2 0 0 1 2 -2 Z M 4 16 c -1.1 0 -2 -.9 -2 -2 V 4 c 0 -1.1 .9 -2 2 -2 h 10 c 1.1 0 2 .9 2 2
CopyMinus	M 12 15 L 18 15 M 10 8 h 10 a 2 2 0 0 1 2 2 v 10 a 2 2 0 0 1 -2 2 h -10 a 2 2 0 0 1 -2 -2 v -10 a 2 2 0 0 1 2 -2 Z M 4 16 c -1.1 0 -2 -.9 -2 -2 V 4 c 0 -1.1 .9 -2 2 -2 h 10 c 1.1 0 2 .9 2 2
CopyPlus	M 15 12 L 15 18 M 12 15 L 18 15 M 10 8 h 10 a 2 2 0 0 1 2 2 v 10 a 2 2 0 0 1 -2 2 h -10 a 2 2 0 0 1 -2 -2 v -10 a 2 2 0 0 1 2 -2 Z M 4 16 c -1.1 0 -2 -.9 -2 -2 V 4 c 0 -1.1 .9 -2 2 -2 h 10 c 1.1 0 2 .9 2 2
CopySlash	M 12 18 L 18 12 M 10 8 h 10 a 2 2 0 0 1 2 2 v 10 a 2 2 0 0 1 -2 2 h -10 a 2 2 0 0 1 -2 -2 v -10 a 2 2 0 0 1 2 -2 Z M 4 16 c -1.1 0 -2 -.9 -2 -2 V 4 c 0 -1.1 .9 -2 2 -2 h 10 c 1.1 0 2 .9 2 2
CopyX	M 4 16 a 2 2 0 0 1 -2 -2 V 4 a 2 2 0 0 1 2 -2 h 10 a 2 2 0 0 1 2 2 M 10 8 h 10 a 2 2 0 0 1 2 2 v 10 a 2 2 0 0 1 -2 2 h -10 a 2 2 0 0 1 -2 -2 v -10 a 2 2 0 0 1 2 -2 Z M 12.5 12.5 l 5 5 M 12.5 17.5 l 5 -5
Copyleft	M 2 12 a 10 10 0 1 0 20 0 a 10 10 0 1 0 -20 0 Z M 9.17 14.83 a 4 4 0 1 0 0 -5.66
Copyright	M 2 12 a 10 10 0 1 0 20 0 a 10 10 0 1 0 -20 0 Z M 14.83 14.83 a 4 4 0 1 1 0 -5.66
CornerDownLeft	M 20 4 v 7 a 4 4 0 0 1 -4 4 H 4 M 9 10 l -5 5 5 5
CornerDownRight	M 15 10 l 5 5 -5 5 M 4 4 v 7 a 4 4 0 0 0 4 4 h 12
CornerLeftDown	M 14 15 l -5 5 -5 -5 M 20 4 h -7 a 4 4 0 0 0 -4 4 v 12
CornerLeftUp	M 14 9 9 4 4 9 M 20 20 h -7 a 4 4 0 0 1 -4 -4 V 4
CornerRightDown	M 10 15 l 5 5 5 -5 M 4 4 h 7 a 4 4 0 0 1 4 4 v 12
CornerRightUp	M 10 9 l 5 -5 5 5 M 4 20 h 7 a 4 4 0 0 0 4 -4 V 4
CornerUpLeft	M 20 20 v -7 a 4 4 0 0 0 -4 -4 H 4 M 9 14 4 9 l 5 -5
CornerUpRight	M 15 14 l 5 -5 -5 -5 M 4 20 v -7 a 4 4 0 0 1 4 -4 h 12
Cpu	M 12 20 v 2 M 12 2 v 2 M 17 20 v 2 M 17 2 v 2 M 2 12 h 2 M 2 17 h 2 M 2 7 h 2 M 20 12 h 2 M 20 17 h 2 M 20 7 h 2 M 7 20 v 2 M 7 2 v 2 M 6 4 h 12 a 2 2 0 0 1 2 2 v 12 a 2 2 0 0 1 -2 2 h -12 a 2 2 0 0 1 -2 -2 v -12 a 2 2 0 0 1 2 -2 Z M 9 8 h 6 a 1 1 0 0 1 1 1 v 6 a 1 1 0 0 1 -1 1 h -6 a 1 1 0 0 1 -1 -1 v -6 a 1 1 0 0 1 1 -1 Z
CreativeCommons	M 2 12 a 10 10 0 1 0 20 0 a 10 10 0 1 0 -20 0 Z M 10 9.3 a 2.8 2.8 0 0 0 -3.5 1 3.1 3.1 0 0 0 0 3.4 2.7 2.7 0 0 0 3.5 1 M 17 9.3 a 2.8 2.8 0 0 0 -3.5 1 3.1 3.1 0 0 0 0 3.4 2.7 2.7 0 0 0 3.5 1
CreditCard	M 4 5 h 16 a 2 2 0 0 1 2 2 v 10 a 2 2 0 0 1 -2 2 h -16 a 2 2 0 0 1 -2 -2 v -10 a 2 2 0 0 1 2 -2 Z M 2 10 L 22 10 M 6 14 h 2
CreditCardCheck	M 12.5 19 H 4 a 2 2 0 0 1 -2 -2 V 7 a 2 2 0 0 1 2 -2 h 16 a 2 2 0 0 1 2 2 v 4 M 2 10 h 20 M 6 14 h 2 M 16 17 l 2 2 4 -4
CreditCardMinus	M 22 13 V 7 a 2 2 0 0 0 -2 -2 H 4 a 2 2 0 0 0 -2 2 v 10 a 2 2 0 0 0 2 2 h 8.536 M 22 10 H 2 M 6 14 h 2 M 16 17 h 6
CreditCardPlus	M 22 11.354 V 7 a 2 2 0 0 0 -2 -2 H 4 a 2 2 0 0 0 -2 2 v 10 a 2 2 0 0 0 2 2 h 8.536 M 22 10 H 2 M 6 14 h 2 M 16 17 h 6 M 19 14 v 6
CreditCardReader	M 15 16 v 1 M 16.963 7.734 A 1 1 0 0 0 15.999 7 H 8.003 a 1 1 0 0 0 -.964 .734 L 4.073 18.467 A 2 2 0 0 0 6 21 h 12 a 2 2 0 0 0 1.927 -2.532 z M 2.678 8.5 A 2 2 0 0 1 2 7 V 5 a 2 2 0 0 1 2 -2 h 16 a 2 2 0 0 1 2 2 v 2 a 2 2 0 0 1 -.676 1.499 M 9 21 l 2 -14
CreditCardX	M 12.5 19 H 4 a 2 2 0 0 1 -2 -2 V 7 a 2 2 0 0 1 2 -2 h 16 a 2 2 0 0 1 2 2 v 3.5 M 2 10 h 20 M 6 14 h 2 M 16.5 14.5 l 5 5 M 21.5 14.5 l -5 5
Croissant	M 10.2 18 H 4.774 a 1.5 1.5 0 0 1 -1.352 -.97 11 11 0 0 1 .132 -6.487 M 18 10.2 V 4.774 a 1.5 1.5 0 0 0 -.97 -1.352 11 11 0 0 0 -6.486 .132 M 18 5 a 4 3 0 0 1 4 3 2 2 0 0 1 -2 2 10 10 0 0 0 -5.139 1.42 M 5 18 a 3 4 0 0 0 3 4 2 2 0 0 0 2 -2 10 10 0 0 1 1.42 -5.14 M 8.709 2.554 a 10 10 0 0 0 -6.155 6.155 1.5 1.5 0 0 0 .676 1.626 l 9.807 5.42 a 2 2 0 0 0 2.718 -2.718 l -5.42 -9.807 a 1.5 1.5 0 0 0 -1.626 -.676
Crop	M 6 2 v 14 a 2 2 0 0 0 2 2 h 14 M 18 22 V 8 a 2 2 0 0 0 -2 -2 H 2
Cross	M 4 9 a 2 2 0 0 0 -2 2 v 2 a 2 2 0 0 0 2 2 h 4 a 1 1 0 0 1 1 1 v 4 a 2 2 0 0 0 2 2 h 2 a 2 2 0 0 0 2 -2 v -4 a 1 1 0 0 1 1 -1 h 4 a 2 2 0 0 0 2 -2 v -2 a 2 2 0 0 0 -2 -2 h -4 a 1 1 0 0 1 -1 -1 V 4 a 2 2 0 0 0 -2 -2 h -2 a 2 2 0 0 0 -2 2 v 4 a 1 1 0 0 1 -1 1 z
Crosshair	M 2 12 a 10 10 0 1 0 20 0 a 10 10 0 1 0 -20 0 Z M 22 12 L 18 12 M 6 12 L 2 12 M 12 6 L 12 2 M 12 22 L 12 18
Crown	M 11.562 3.266 a .5 .5 0 0 1 .876 0 L 15.39 8.87 a 1 1 0 0 0 1.516 .294 L 21.183 5.5 a .5 .5 0 0 1 .798 .519 l -2.834 10.246 a 1 1 0 0 1 -.956 .734 H 5.81 a 1 1 0 0 1 -.957 -.734 L 2.02 6.02 a .5 .5 0 0 1 .798 -.519 l 4.276 3.664 a 1 1 0 0 0 1.516 -.294 z M 5 21 h 14
Cuboid	M 10 22 v -8 M 2.336 8.89 10 14 l 11.715 -7.029 M 22 14 a 2 2 0 0 1 -.971 1.715 l -10 6 a 2 2 0 0 1 -2.138 -.05 l -6 -4 A 2 2 0 0 1 2 16 v -6 a 2 2 0 0 1 .971 -1.715 l 10 -6 a 2 2 0 0 1 2.138 .05 l 6 4 A 2 2 0 0 1 22 8 z
CupSoda	M 6 8 l 1.75 12.28 a 2 2 0 0 0 2 1.72 h 4.54 a 2 2 0 0 0 2 -1.72 L 18 8 M 5 8 h 14 M 7 15 a 6.47 6.47 0 0 1 5 0 6.47 6.47 0 0 0 5 0 M 12 8 l 1 -6 h 2
Currency	M 4 12 a 8 8 0 1 0 16 0 a 8 8 0 1 0 -16 0 Z M 3 3 L 6 6 M 21 3 L 18 6 M 3 21 L 6 18 M 21 21 L 18 18
Cylinder	M 3 5 a 9 3 0 1 0 18 0 a 9 3 0 1 0 -18 0 Z M 3 5 v 14 a 9 3 0 0 0 18 0 V 5
Dam	M 11 11.31 c 1.17 .56 1.54 1.69 3.5 1.69 2.5 0 2.5 -2 5 -2 1.3 0 1.9 .5 2.5 1 M 11.75 18 c .35 .5 1.45 1 2.75 1 2.5 0 2.5 -2 5 -2 1.3 0 1.9 .5 2.5 1 M 2 10 h 4 M 2 14 h 4 M 2 18 h 4 M 2 6 h 4 M 7 3 a 1 1 0 0 0 -1 1 v 16 a 1 1 0 0 0 1 1 h 4 a 1 1 0 0 0 1 -1 L 10 4 a 1 1 0 0 0 -1 -1 z
Database	M 3 5 a 9 3 0 1 0 18 0 a 9 3 0 1 0 -18 0 Z M 3 5 V 19 A 9 3 0 0 0 21 19 V 5 M 3 12 A 9 3 0 0 0 21 12
DatabaseArrowDown	M 16 19 l 3 3 3 -3 M 19 16 v 6 M 21 12.536 V 5 M 3 12 A 9 3 0 0 0 15.182 14.806 M 3 5 V 19 A 9 3 0 0 0 13.318 21.968 M 3 5 a 9 3 0 1 0 18 0 a 9 3 0 1 0 -18 0 Z
DatabaseArrowUp	M 19 22 v -6 M 21 12.536 V 5 M 22 19 l -3 -3 -3 3 M 3 12 A 9 3 0 0 0 14.457 14.886 M 3 5 V 19 A 9 3 0 0 0 13.318 21.968 M 3 5 a 9 3 0 1 0 18 0 a 9 3 0 1 0 -18 0 Z
DatabaseBackup	M 3 5 a 9 3 0 1 0 18 0 a 9 3 0 1 0 -18 0 Z M 3 12 a 9 3 0 0 0 5 2.69 M 21 9.3 V 5 M 3 5 v 14 a 9 3 0 0 0 6.47 2.88 M 12 12 v 4 h 4 M 13 20 a 5 5 0 0 0 9 -3 4.5 4.5 0 0 0 -4.5 -4.5 c -1.33 0 -2.54 .54 -3.41 1.41 L 12 16
DatabaseCheck	M 16 19 l 2 2 4 -4 M 21 13.127 V 5 M 3 12 A 9 3 0 0 0 21 12 M 3 5 V 19 A 9 3 0 0 0 13.318 21.968 M 3 5 a 9 3 0 1 0 18 0 a 9 3 0 1 0 -18 0 Z
DatabaseMinus	M 21 15 V 5 M 22 19 h -6 M 3 12 A 9 3 0 0 0 21 12 M 3 5 V 19 A 9 3 0 0 0 13.318 21.968 M 3 5 a 9 3 0 1 0 18 0 a 9 3 0 1 0 -18 0 Z
DatabasePlus	M 19 16 v 6 M 21 12.536 V 5 M 22 19 h -6 M 3 12 A 9 3 0 0 0 15.1824 14.8061 M 3 5 V 19 A 9 3 0 0 0 13.318 21.968 M 3 5 a 9 3 0 1 0 18 0 a 9 3 0 1 0 -18 0 Z
DatabaseSearch	M 21 11.693 V 5 M 22 22 l -1.875 -1.875 M 3 12 a 9 3 0 0 0 8.697 2.998 M 3 5 v 14 a 9 3 0 0 0 9.28 2.999 M 15 18 a 3 3 0 1 0 6 0 a 3 3 0 1 0 -6 0 Z M 3 5 a 9 3 0 1 0 18 0 a 9 3 0 1 0 -18 0 Z
DatabaseX	M 17 17 l 5 5 M 19.323 13.744 A 9 3 0 0 0 21 12 M 21 13.127 V 5 M 22 17 l -5 5 M 3 12 A 9 3 0 0 0 13.563 14.954 M 3 5 V 19 A 9 3 0 0 0 13 21.981 M 3 5 a 9 3 0 1 0 18 0 a 9 3 0 1 0 -18 0 Z
DatabaseZap	M 3 5 a 9 3 0 1 0 18 0 a 9 3 0 1 0 -18 0 Z M 3 5 V 19 A 9 3 0 0 0 15 21.84 M 21 5 V 8 M 21 12 L 18 17 H 22 L 19 22 M 3 12 A 9 3 0 0 0 14.59 14.87
DecimalsArrowLeft	M 13 21 l -3 -3 3 -3 M 20 18 H 10 M 3 11 h .01 M 8.5 3 h 0 a 2.5 2.5 0 0 1 2.5 2.5 v 3 a 2.5 2.5 0 0 1 -2.5 2.5 h 0 a 2.5 2.5 0 0 1 -2.5 -2.5 v -3 a 2.5 2.5 0 0 1 2.5 -2.5 Z
DecimalsArrowRight	M 10 18 h 10 M 17 21 l 3 -3 -3 -3 M 3 11 h .01 M 17.5 3 h 0 a 2.5 2.5 0 0 1 2.5 2.5 v 3 a 2.5 2.5 0 0 1 -2.5 2.5 h 0 a 2.5 2.5 0 0 1 -2.5 -2.5 v -3 a 2.5 2.5 0 0 1 2.5 -2.5 Z M 8.5 3 h 0 a 2.5 2.5 0 0 1 2.5 2.5 v 3 a 2.5 2.5 0 0 1 -2.5 2.5 h 0 a 2.5 2.5 0 0 1 -2.5 -2.5 v -3 a 2.5 2.5 0 0 1 2.5 -2.5 Z
Delete	M 10 5 a 2 2 0 0 0 -1.344 .519 l -6.328 5.74 a 1 1 0 0 0 0 1.481 l 6.328 5.741 A 2 2 0 0 0 10 19 h 10 a 2 2 0 0 0 2 -2 V 7 a 2 2 0 0 0 -2 -2 z M 12 9 l 6 6 M 18 9 l -6 6
Dessert	M 10.162 3.167 A 10 10 0 0 0 2 13 a 2 2 0 0 0 4 0 v -1 a 2 2 0 0 1 4 0 v 4 a 2 2 0 0 0 4 0 v -4 a 2 2 0 0 1 4 0 v 1 a 2 2 0 0 0 4 -.006 10 10 0 0 0 -8.161 -9.826 M 20.804 14.869 a 9 9 0 0 1 -17.608 0 M 10 4 a 2 2 0 1 0 4 0 a 2 2 0 1 0 -4 0 Z
Diameter	M 17 19 a 2 2 0 1 0 4 0 a 2 2 0 1 0 -4 0 Z M 3 5 a 2 2 0 1 0 4 0 a 2 2 0 1 0 -4 0 Z M 6.48 3.66 a 10 10 0 0 1 13.86 13.86 M 6.41 6.41 l 11.18 11.18 M 3.66 6.48 a 10 10 0 0 0 13.86 13.86
Diamond	M 2.7 10.3 a 2.41 2.41 0 0 0 0 3.41 l 7.59 7.59 a 2.41 2.41 0 0 0 3.41 0 l 7.59 -7.59 a 2.41 2.41 0 0 0 0 -3.41 l -7.59 -7.59 a 2.41 2.41 0 0 0 -3.41 0 Z
DiamondMinus	M 2.7 10.3 a 2.41 2.41 0 0 0 0 3.41 l 7.59 7.59 a 2.41 2.41 0 0 0 3.41 0 l 7.59 -7.59 a 2.41 2.41 0 0 0 0 -3.41 L 13.7 2.71 a 2.41 2.41 0 0 0 -3.41 0 z M 8 12 h 8
DiamondPercent	M 2.7 10.3 a 2.41 2.41 0 0 0 0 3.41 l 7.59 7.59 a 2.41 2.41 0 0 0 3.41 0 l 7.59 -7.59 a 2.41 2.41 0 0 0 0 -3.41 L 13.7 2.71 a 2.41 2.41 0 0 0 -3.41 0 Z M 9.2 9.2 h .01 M 14.5 9.5 l -5 5 M 14.7 14.8 h .01
DiamondPlus	M 12 8 v 8 M 2.7 10.3 a 2.41 2.41 0 0 0 0 3.41 l 7.59 7.59 a 2.41 2.41 0 0 0 3.41 0 l 7.59 -7.59 a 2.41 2.41 0 0 0 0 -3.41 L 13.7 2.71 a 2.41 2.41 0 0 0 -3.41 0 z M 8 12 h 8
Dice1	M 5 3 h 14 a 2 2 0 0 1 2 2 v 14 a 2 2 0 0 1 -2 2 h -14 a 2 2 0 0 1 -2 -2 v -14 a 2 2 0 0 1 2 -2 Z M 12 12 h .01
Dice2	M 5 3 h 14 a 2 2 0 0 1 2 2 v 14 a 2 2 0 0 1 -2 2 h -14 a 2 2 0 0 1 -2 -2 v -14 a 2 2 0 0 1 2 -2 Z M 15 9 h .01 M 9 15 h .01
Dice3	M 5 3 h 14 a 2 2 0 0 1 2 2 v 14 a 2 2 0 0 1 -2 2 h -14 a 2 2 0 0 1 -2 -2 v -14 a 2 2 0 0 1 2 -2 Z M 16 8 h .01 M 12 12 h .01 M 8 16 h .01
Dice4	M 5 3 h 14 a 2 2 0 0 1 2 2 v 14 a 2 2 0 0 1 -2 2 h -14 a 2 2 0 0 1 -2 -2 v -14 a 2 2 0 0 1 2 -2 Z M 16 8 h .01 M 8 8 h .01 M 8 16 h .01 M 16 16 h .01
Dice5	M 5 3 h 14 a 2 2 0 0 1 2 2 v 14 a 2 2 0 0 1 -2 2 h -14 a 2 2 0 0 1 -2 -2 v -14 a 2 2 0 0 1 2 -2 Z M 16 8 h .01 M 8 8 h .01 M 8 16 h .01 M 16 16 h .01 M 12 12 h .01
Dice6	M 5 3 h 14 a 2 2 0 0 1 2 2 v 14 a 2 2 0 0 1 -2 2 h -14 a 2 2 0 0 1 -2 -2 v -14 a 2 2 0 0 1 2 -2 Z M 16 8 h .01 M 16 12 h .01 M 16 16 h .01 M 8 8 h .01 M 8 12 h .01 M 8 16 h .01
Dices	M 4 10 h 8 a 2 2 0 0 1 2 2 v 8 a 2 2 0 0 1 -2 2 h -8 a 2 2 0 0 1 -2 -2 v -8 a 2 2 0 0 1 2 -2 Z M 17.92 14 l 3.5 -3.5 a 2.24 2.24 0 0 0 0 -3 l -5 -4.92 a 2.24 2.24 0 0 0 -3 0 L 10 6 M 6 18 h .01 M 10 14 h .01 M 15 6 h .01 M 18 9 h .01
Diff	M 12 3 v 14 M 5 10 h 14 M 5 21 h 14
Disc	M 2 12 a 10 10 0 1 0 20 0 a 10 10 0 1 0 -20 0 Z M 10 12 a 2 2 0 1 0 4 0 a 2 2 0 1 0 -4 0 Z
Disc2	M 2 12 a 10 10 0 1 0 20 0 a 10 10 0 1 0 -20 0 Z M 8 12 a 4 4 0 1 0 8 0 a 4 4 0 1 0 -8 0 Z M 12 12 h .01
Disc3	M 2 12 a 10 10 0 1 0 20 0 a 10 10 0 1 0 -20 0 Z M 6 12 c 0 -1.7 .7 -3.2 1.8 -4.2 M 10 12 a 2 2 0 1 0 4 0 a 2 2 0 1 0 -4 0 Z M 18 12 c 0 1.7 -.7 3.2 -1.8 4.2
DiscAlbum	M 5 3 h 14 a 2 2 0 0 1 2 2 v 14 a 2 2 0 0 1 -2 2 h -14 a 2 2 0 0 1 -2 -2 v -14 a 2 2 0 0 1 2 -2 Z M 7 12 a 5 5 0 1 0 10 0 a 5 5 0 1 0 -10 0 Z M 12 12 h .01
Divide	M 11 6 a 1 1 0 1 0 2 0 a 1 1 0 1 0 -2 0 Z M 5 12 L 19 12 M 11 18 a 1 1 0 1 0 2 0 a 1 1 0 1 0 -2 0 Z
Dna	M 10 16 l 1.5 1.5 M 14 8 l -1.5 -1.5 M 15 2 c -1.798 1.998 -2.518 3.995 -2.807 5.993 M 16.5 10.5 l 1 1 M 17 6 l -2.891 -2.891 M 2 15 c 6.667 -6 13.333 0 20 -6 M 20 9 l .891 .891 M 3.109 14.109 4 15 M 6.5 12.5 l 1 1 M 7 18 l 2.891 2.891 M 9 22 c 1.798 -1.998 2.518 -3.995 2.807 -5.993
DnaOff	M 15 2 c -1.35 1.5 -2.092 3 -2.5 4.5 L 14 8 M 17 6 l -2.891 -2.891 M 2 15 c 3.333 -3 6.667 -3 10 -3 M 2 2 l 20 20 M 20 9 l .891 .891 M 22 9 c -1.5 1.35 -3 2.092 -4.5 2.5 l -1 -1 M 3.109 14.109 4 15 M 6.5 12.5 l 1 1 M 7 18 l 2.891 2.891 M 9 22 c 1.35 -1.5 2.092 -3 2.5 -4.5 L 10 16
Dock	M 2 8 h 20 M 4 4 h 16 a 2 2 0 0 1 2 2 v 12 a 2 2 0 0 1 -2 2 h -16 a 2 2 0 0 1 -2 -2 v -12 a 2 2 0 0 1 2 -2 Z M 6 16 h 12
Dog	M 11.25 16.25 h 1.5 L 12 17 z M 16 14 v .5 M 4.42 11.247 A 13.152 13.152 0 0 0 4 14.556 C 4 18.728 7.582 21 12 21 s 8 -2.272 8 -6.444 a 11.702 11.702 0 0 0 -.493 -3.309 M 8 14 v .5 M 8.5 8.5 c -.384 1.05 -1.083 2.028 -2.344 2.5 -1.931 .722 -3.576 -.297 -3.656 -1 -.113 -.994 1.177 -6.53 4 -7 1.923 -.321 3.651 .845 3.651 2.235 A 7.497 7.497 0 0 1 14 5.277 c 0 -1.39 1.844 -2.598 3.767 -2.277 2.823 .47 4.113 6.006 4 7 -.08 .703 -1.725 1.722 -3.656 1 -1.261 -.472 -1.855 -1.45 -2.239 -2.5
DollarSign	M 12 2 L 12 22 M 17 5 H 9.5 a 3.5 3.5 0 0 0 0 7 h 5 a 3.5 3.5 0 0 1 0 7 H 6
Dome	M 10 21 v -3 a 2 2 0 0 1 4 0 v 3 M 12 2 v 2 M 18 12 v 9 M 22 19 a 2 2 0 0 1 -2 2 H 4 a 2 2 0 0 1 -2 -2 v -6 a 1 1 0 0 1 1 -1 h 18 a 1 1 0 0 1 1 1 z M 4 12 a 8 8 0 0 1 16 0 M 6 12 v 9
Donut	M 20.5 10 a 2.5 2.5 0 0 1 -2.4 -3 H 18 a 2.95 2.95 0 0 1 -2.6 -4.4 10 10 0 1 0 6.3 7.1 c -.3 .2 -.8 .3 -1.2 .3 M 9 12 a 3 3 0 1 0 6 0 a 3 3 0 1 0 -6 0 Z
DoorClosed	M 19 21 V 5 a 2 2 0 0 0 -2 -2 H 7 a 2 2 0 0 0 -2 2 v 16 M 2 21 h 20 M 9 12 h .01
DoorClosedLocked	M 19 8 V 5 a 2 2 0 0 0 -2 -2 H 7 a 2 2 0 0 0 -2 2 v 16 M 2 21 h 8 M 20 16 v -2 a 2 2 0 0 0 -4 0 v 2 M 9 12 h .01 M 15 16 h 6 a 1 1 0 0 1 1 1 v 3 a 1 1 0 0 1 -1 1 h -6 a 1 1 0 0 1 -1 -1 v -3 a 1 1 0 0 1 1 -1 Z
DoorOpen	M 10 21 H 2 M 10 3 H 7 a 2 2 0 0 0 -2 2 v 16 M 14 12 h .01 M 19 21 V 5 a 2 2 0 0 0 -1.675 -1.974 l -6.163 -1.013 A 1 1 0 0 0 10 3 v 18 a 1 1 0 0 0 1.124 .992 z M 22 21 h -3
DoorStairwell	M 12 17 v -3 a 1 1 0 0 1 1 -1 h 6 M 19 17 h -9 a 1 1 0 0 0 -1 1 v 3 M 19 21 V 5 a 2 2 0 0 0 -2 -2 H 7 a 2 2 0 0 0 -2 2 v 16 M 19 9 h -3 a 1 1 0 0 0 -1 1 v 3 M 22 21 H 2
Dot	M 11 12 a 1 1 0 1 0 2 0 a 1 1 0 1 0 -2 0 Z
Download	M 12 15 V 3 M 21 15 v 4 a 2 2 0 0 1 -2 2 H 5 a 2 2 0 0 1 -2 -2 v -4 M 7 10 l 5 5 5 -5
DraftingCompass	M 12.99 6.74 l 1.93 3.44 M 19.136 12 a 10 10 0 0 1 -14.271 0 M 21 21 l -2.16 -3.84 M 3 21 l 8.02 -14.26 M 10 5 a 2 2 0 1 0 4 0 a 2 2 0 1 0 -4 0 Z
Drama	M 10 11 h .01 M 14 6 h .01 M 18 6 h .01 M 6.5 13.1 h .01 M 22 5 c 0 9 -4 12 -6 12 s -6 -3 -6 -12 c 0 -2 2 -3 6 -3 s 6 1 6 3 M 17.4 9.9 c -.8 .8 -2 .8 -2.8 0 M 10.1 7.1 C 9 7.2 7.7 7.7 6 8.6 c -3.5 2 -4.7 3.9 -3.7 5.6 4.5 7.8 9.5 8.4 11.2 7.4 .9 -.5 1.9 -2.1 1.9 -4.7 M 9.1 16.5 c .3 -1.1 1.4 -1.7 2.4 -1.4
Drill	M 10 18 a 1 1 0 0 1 1 1 v 2 a 1 1 0 0 1 -1 1 H 5 a 3 3 0 0 1 -3 -3 1 1 0 0 1 1 -1 z M 13 10 H 4 a 2 2 0 0 1 -2 -2 V 4 a 2 2 0 0 1 2 -2 h 9 a 1 1 0 0 1 1 1 v 6 a 1 1 0 0 1 -1 1 l -.81 3.242 a 1 1 0 0 1 -.97 .758 H 8 M 14 4 h 3 a 1 1 0 0 1 1 1 v 2 a 1 1 0 0 1 -1 1 h -3 M 18 6 h 4 M 5 10 l -2 8 M 7 18 l 2 -8
Drone	M 10 10 7 7 M 10 14 l -3 3 M 14 10 l 3 -3 M 14 14 l 3 3 M 14.205 4.139 a 4 4 0 1 1 5.439 5.863 M 19.637 14 a 4 4 0 1 1 -5.432 5.868 M 4.367 10 a 4 4 0 1 1 5.438 -5.862 M 9.795 19.862 a 4 4 0 1 1 -5.429 -5.873 M 11 8 h 2 a 1 1 0 0 1 1 1 v 6 a 1 1 0 0 1 -1 1 h -2 a 1 1 0 0 1 -1 -1 v -6 a 1 1 0 0 1 1 -1 Z
Droplet	M 12 22 a 7 7 0 0 0 7 -7 c 0 -2 -1 -3.9 -3 -5.5 s -3.5 -4 -4 -6.5 c -.5 2.5 -2 4.9 -4 6.5 C 6 11.1 5 13 5 15 a 7 7 0 0 0 7 7 z
DropletOff	M 18.715 13.186 C 18.29 11.858 17.384 10.607 16 9.5 c -2 -1.6 -3.5 -4 -4 -6.5 a 10.7 10.7 0 0 1 -.884 2.586 M 2 2 l 20 20 M 8.795 8.797 A 11 11 0 0 1 8 9.5 C 6 11.1 5 13 5 15 a 7 7 0 0 0 13.222 3.208
Droplets	M 7 16.3 c 2.2 0 4 -1.83 4 -4.05 0 -1.16 -.57 -2.26 -1.71 -3.19 S 7.29 6.75 7 5.3 c -.29 1.45 -1.14 2.84 -2.29 3.76 S 3 11.1 3 12.25 c 0 2.22 1.8 4.05 4 4.05 z M 12.56 6.6 A 10.97 10.97 0 0 0 14 3.02 c .5 2.5 2 4.9 4 6.5 s 3 3.5 3 5.5 a 6.98 6.98 0 0 1 -11.91 4.97
Drum	M 2 2 l 8 8 M 22 2 l -8 8 M 2 9 a 10 5 0 1 0 20 0 a 10 5 0 1 0 -20 0 Z M 7 13.4 v 7.9 M 12 14 v 8 M 17 13.4 v 7.9 M 2 9 v 8 a 10 5 0 0 0 20 0 V 9
Drumstick	M 15.4 15.63 a 7.875 6 135 1 1 6.23 -6.23 4.5 3.43 135 0 0 -6.23 6.23 M 8.29 12.71 l -2.6 2.6 a 2.5 2.5 0 1 0 -1.65 4.65 A 2.5 2.5 0 1 0 8.7 18.3 l 2.59 -2.59
Dumbbell	M 17.596 12.768 a 2 2 0 1 0 2.829 -2.829 l -1.768 -1.767 a 2 2 0 0 0 2.828 -2.829 l -2.828 -2.828 a 2 2 0 0 0 -2.829 2.828 l -1.767 -1.768 a 2 2 0 1 0 -2.829 2.829 z M 2.5 21.5 l 1.4 -1.4 M 20.1 3.9 l 1.4 -1.4 M 5.343 21.485 a 2 2 0 1 0 2.829 -2.828 l 1.767 1.768 a 2 2 0 1 0 2.829 -2.829 l -6.364 -6.364 a 2 2 0 1 0 -2.829 2.829 l 1.768 1.767 a 2 2 0 0 0 -2.828 2.829 z M 9.6 14.4 l 4.8 -4.8
Ear	M 6 8.5 a 6.5 6.5 0 1 1 13 0 c 0 6 -6 6 -6 10 a 3.5 3.5 0 1 1 -7 0 M 15 8.5 a 2.5 2.5 0 0 0 -5 0 v 1 a 2 2 0 1 1 0 4
EarOff	M 6 18.5 a 3.5 3.5 0 1 0 7 0 c 0 -1.57 .92 -2.52 2.04 -3.46 M 6 8.5 c 0 -.75 .13 -1.47 .36 -2.14 M 8.8 3.15 A 6.5 6.5 0 0 1 19 8.5 c 0 1.63 -.44 2.81 -1.09 3.76 M 12.5 6 A 2.5 2.5 0 0 1 15 8.5 M 10 13 a 2 2 0 0 0 1.82 -1.18 M 2 2 L 22 22
Earth	M 21.54 15 H 17 a 2 2 0 0 0 -2 2 v 4.54 M 7 3.34 V 5 a 3 3 0 0 0 3 3 a 2 2 0 0 1 2 2 c 0 1.1 .9 2 2 2 a 2 2 0 0 0 2 -2 c 0 -1.1 .9 -2 2 -2 h 3.17 M 11 21.95 V 18 a 2 2 0 0 0 -2 -2 a 2 2 0 0 1 -2 -2 v -1 a 2 2 0 0 0 -2 -2 H 2.05 M 2 12 a 10 10 0 1 0 20 0 a 10 10 0 1 0 -20 0 Z
EarthLock	M 7 3.34 V 5 a 3 3 0 0 0 3 3 M 11 21.95 V 18 a 2 2 0 0 0 -2 -2 2 2 0 0 1 -2 -2 v -1 a 2 2 0 0 0 -2 -2 H 2.05 M 21.54 15 H 17 a 2 2 0 0 0 -2 2 v 4.54 M 12 2 a 10 10 0 1 0 9.54 13 M 20 6 V 4 a 2 2 0 1 0 -4 0 v 2 M 15 6 h 6 a 1 1 0 0 1 1 1 v 3 a 1 1 0 0 1 -1 1 h -6 a 1 1 0 0 1 -1 -1 v -3 a 1 1 0 0 1 1 -1 Z
Eclipse	M 2 12 a 10 10 0 1 0 20 0 a 10 10 0 1 0 -20 0 Z M 12 2 a 7 7 0 1 0 10 10
Egg	M 12 2 C 8 2 4 8 4 14 a 8 8 0 0 0 16 0 c 0 -6 -4 -12 -8 -12
EggFried	M 8 12.5 a 3.5 3.5 0 1 0 7 0 a 3.5 3.5 0 1 0 -7 0 Z M 3 8 c 0 -3.5 2.5 -6 6.5 -6 5 0 4.83 3 7.5 5 s 5 2 5 6 c 0 4.5 -2.5 6.5 -7 6.5 -2.5 0 -2.5 2.5 -6 2.5 s -7 -2 -7 -5.5 c 0 -3 1.5 -3 1.5 -5 C 3.5 10 3 9 3 8 Z
EggOff	M 2 2 l 20 20 M 20 14.347 V 14 c 0 -6 -4 -12 -8 -12 -1.078 0 -2.157 .436 -3.157 1.19 M 6.206 6.21 C 4.871 8.4 4 11.2 4 14 a 8 8 0 0 0 14.568 4.568
Eject	M 4 13 a 1 1 0 0 1 -.72 -1.695 l 7.257 -7.668 a 2 2 0 0 1 2.926 0 l 7.256 7.668 A 1 1 0 0 1 20 13 z M 4 17 h 16 a 1 1 0 0 1 1 1 v 2 a 1 1 0 0 1 -1 1 h -16 a 1 1 0 0 1 -1 -1 v -2 a 1 1 0 0 1 1 -1 Z
Ellipse	M 2 12 a 10 6 0 1 0 20 0 a 10 6 0 1 0 -20 0 Z
Ellipsis	M 11 12 a 1 1 0 1 0 2 0 a 1 1 0 1 0 -2 0 Z M 18 12 a 1 1 0 1 0 2 0 a 1 1 0 1 0 -2 0 Z M 4 12 a 1 1 0 1 0 2 0 a 1 1 0 1 0 -2 0 Z
EllipsisVertical	M 11 12 a 1 1 0 1 0 2 0 a 1 1 0 1 0 -2 0 Z M 11 5 a 1 1 0 1 0 2 0 a 1 1 0 1 0 -2 0 Z M 11 19 a 1 1 0 1 0 2 0 a 1 1 0 1 0 -2 0 Z
Engine	M 10 3 h 6 M 13 3 v 4 M 2 10 v 6 M 2 13 h 4 M 6 16 a 2 2 0 0 0 2 2 h 1 a 2 2 0 0 1 1.6 .8 l .3 .4 a 2 2 0 0 0 1.6 .8 h 2.264 a 2 2 0 0 0 1.789 -1.106 l 1.67 -3.341 a 1 1 0 0 1 .895 -.553 H 21 a 1 1 0 0 0 1 -1 v -4 a 1 1 0 0 0 -1 -1 h -3.5 a 1 1 0 0 1 -.8 -.4 l -.9 -1.2 A 1 1 0 0 0 15 7 h -4 a 1 1 0 0 0 -.8 .4 l -.9 1.2 a 1 1 0 0 1 -.8 .4 H 7 a 1 1 0 0 0 -1 1 z
Equal	M 5 9 L 19 9 M 5 15 L 19 15
EqualApproximately	M 5 15 a 6.5 6.5 0 0 1 7 0 6.5 6.5 0 0 0 7 0 M 5 9 a 6.5 6.5 0 0 1 7 0 6.5 6.5 0 0 0 7 0
EqualApproximatelyNot	M 5 15 a 6.5 6.5 0 0 1 7 0 6.5 6.5 0 0 0 7 0 M 5 9 a 6.5 6.5 0 0 1 7 0 6.5 6.5 0 0 0 7 0 M 19 5 L 5 19
EqualNot	M 5 9 L 19 9 M 5 15 L 19 15 M 19 5 L 5 19
Eraser	M 21 21 H 8 a 2 2 0 0 1 -1.42 -.587 l -3.994 -3.999 a 2 2 0 0 1 0 -2.828 l 10 -10 a 2 2 0 0 1 2.829 0 l 5.999 6 a 2 2 0 0 1 0 2.828 L 12.834 21 M 5.082 11.09 l 8.828 8.828
EthernetPort	M 10 8 v 1 M 14 8 v 1 M 18 8 v 1 M 19 17 a 2 2 0 0 0 -1.765 1.059 l -.47 .882 A 2 2 0 0 1 15 20 H 9 a 2 2 0 0 1 -1.765 -1.059 l -.47 -.882 A 2 2 0 0 0 5 17 H 4 a 2 2 0 0 1 -2 -2 V 6 a 2 2 0 0 1 2 -2 h 16 a 2 2 0 0 1 2 2 v 9 a 2 2 0 0 1 -2 2 z M 6 8 v 1
Euro	M 4 10 h 12 M 4 14 h 9 M 19 6 a 7.7 7.7 0 0 0 -5.2 -2 A 7.9 7.9 0 0 0 6 12 c 0 4.4 3.5 8 7.8 8 2 0 3.8 -.8 5.2 -2
EvCharger	M 14 13 h 2 a 2 2 0 0 1 2 2 v 2 a 2 2 0 0 0 4 0 v -6.998 a 2 2 0 0 0 -.59 -1.42 L 18 5 M 14 21 V 5 a 2 2 0 0 0 -2 -2 H 5 a 2 2 0 0 0 -2 2 v 16 M 2 21 h 13 M 3 7 h 11 M 9 11 l -2 3 h 3 l -2 3
Expand	M 15 15 l 6 6 M 15 9 l 6 -6 M 21 16 v 5 h -5 M 21 8 V 3 h -5 M 3 16 v 5 h 5 M 3 21 l 6 -6 M 3 8 V 3 h 5 M 9 9 3 3
ExternalLink	M 15 3 h 6 v 6 M 10 14 21 3 M 18 13 v 6 a 2 2 0 0 1 -2 2 H 5 a 2 2 0 0 1 -2 -2 V 8 a 2 2 0 0 1 2 -2 h 6
Eye	M 2.062 12.348 a 1 1 0 0 1 0 -.696 10.75 10.75 0 0 1 19.876 0 1 1 0 0 1 0 .696 10.75 10.75 0 0 1 -19.876 0 M 9 12 a 3 3 0 1 0 6 0 a 3 3 0 1 0 -6 0 Z
EyeClosed	M 15 18 l -.722 -3.25 M 2 8 a 10.645 10.645 0 0 0 20 0 M 20 15 l -1.726 -2.05 M 4 15 l 1.726 -2.05 M 9 18 l .722 -3.25
EyeDashed	M 13.054 18.946 a 11 11 0 0 1 -2.11 0 M 13.054 5.054 a 11 11 0 0 0 -2.11 -.001 M 17.072 6.274 a 11 11 0 0 1 1.753 1.173 M 18.825 16.552 a 11 11 0 0 1 -1.753 1.174 M 2.514 13.303 a 11 11 0 0 1 -.452 -.954 1 1 0 0 1 0 -.697 11 11 0 0 1 .45 -.955 M 21.485 10.697 a 11 11 0 0 1 .453 .955 1 1 0 0 1 0 .697 11 11 0 0 1 -.453 .954 M 5.173 7.448 a 11 11 0 0 1 1.753 -1.174 M 6.926 17.726 a 11 11 0 0 1 -1.753 -1.174 M 9 12 a 3 3 0 1 0 6 0 a 3 3 0 1 0 -6 0 Z
EyeOff	M 10.733 5.076 a 10.744 10.744 0 0 1 11.205 6.575 1 1 0 0 1 0 .696 10.747 10.747 0 0 1 -1.444 2.49 M 14.084 14.158 a 3 3 0 0 1 -4.242 -4.242 M 17.479 17.499 a 10.75 10.75 0 0 1 -15.417 -5.151 1 1 0 0 1 0 -.696 10.75 10.75 0 0 1 4.446 -5.143 M 2 2 l 20 20
FaceAngry	M 15 12 v -1.584 M 17 10 a 5 5 0 0 0 -3 1 M 7 10 a 5 5 0 0 1 3 1 M 9 12 v -1.584 M 9 17 a 5 5 0 0 1 6.001 0 M 2 12 a 10 10 0 1 0 20 0 a 10 10 0 1 0 -20 0 Z
FaceExpressionless	M 14 10 h 2 M 8 10 h 2 M 8 16 h 8 M 2 12 a 10 10 0 1 0 20 0 a 10 10 0 1 0 -20 0 Z
FaceGrinning	M 15 10 V 9 M 7.084 14.302 a 5.12 5.12 0 0 0 9.833 0 .24 .24 0 0 0 -.235 -.302 H 7.32 a .24 .24 0 0 0 -.235 .302 M 9 10 V 9 M 2 12 a 10 10 0 1 0 20 0 a 10 10 0 1 0 -20 0 Z
FaceNeutral	M 15 10 V 9 M 8 16 h 8 M 9 10 V 9 M 2 12 a 10 10 0 1 0 20 0 a 10 10 0 1 0 -20 0 Z
FaceSlightlyFrowning	M 15 10 V 9 M 9 10 V 9 M 9 16 a 5 5 0 0 1 6 0 M 2 12 a 10 10 0 1 0 20 0 a 10 10 0 1 0 -20 0 Z
FaceSlightlySmiling	M 15 10 V 9 M 16.472 15 a 6 6 0 0 1 -8.943 0 M 9 10 V 9 M 2 12 a 10 10 0 1 0 20 0 a 10 10 0 1 0 -20 0 Z
FaceSlightlySmilingPlus	M 13.267 2.08 a 10 10 0 1 0 8.653 8.653 M 15 10 V 9 M 16 5 h 6 M 16.472 15 a 6 6 0 0 1 -8.943 0 M 19 2 v 6 M 9 10 V 9
Factory	M 12 16 h .01 M 16 16 h .01 M 3 19 a 2 2 0 0 0 2 2 h 14 a 2 2 0 0 0 2 -2 V 8.5 a .5 .5 0 0 0 -.769 -.422 l -4.462 2.844 A .5 .5 0 0 1 15 10.5 v -2 a .5 .5 0 0 0 -.769 -.422 L 9.77 10.922 A .5 .5 0 0 1 9 10.5 V 5 a 2 2 0 0 0 -2 -2 H 5 a 2 2 0 0 0 -2 2 z M 8 16 h .01
Fan	M 10.827 16.379 a 6.082 6.082 0 0 1 -8.618 -7.002 l 5.412 1.45 a 6.082 6.082 0 0 1 7.002 -8.618 l -1.45 5.412 a 6.082 6.082 0 0 1 8.618 7.002 l -5.412 -1.45 a 6.082 6.082 0 0 1 -7.002 8.618 l 1.45 -5.412 Z M 12 12 v .01
FastForward	M 12 6 a 2 2 0 0 1 3.414 -1.414 l 6 6 a 2 2 0 0 1 0 2.828 l -6 6 A 2 2 0 0 1 12 18 z M 2 6 a 2 2 0 0 1 3.414 -1.414 l 6 6 a 2 2 0 0 1 0 2.828 l -6 6 A 2 2 0 0 1 2 18 z
Feather	M 14.086 18.412 A 2 2 0 0 1 12.67 19 H 5 v -7.672 a 2 2 0 0 1 .586 -1.414 L 11.75 3.75 a 6 6 0 1 1 8.49 8.49 z M 16 8 2 22 M 17.488 15 H 9
Fence	M 4 3 2 5 v 15 c 0 .6 .4 1 1 1 h 2 c .6 0 1 -.4 1 -1 V 5 Z M 6 8 h 4 M 6 18 h 4 M 12 3 l -2 2 v 15 c 0 .6 .4 1 1 1 h 2 c .6 0 1 -.4 1 -1 V 5 Z M 14 8 h 4 M 14 18 h 4 M 20 3 l -2 2 v 15 c 0 .6 .4 1 1 1 h 2 c .6 0 1 -.4 1 -1 V 5 Z
FerrisWheel	M 10 12 a 2 2 0 1 0 4 0 a 2 2 0 1 0 -4 0 Z M 12 2 v 4 M 6.8 15 l -3.5 2 M 20.7 7 l -3.5 2 M 6.8 9 3.3 7 M 20.7 17 l -3.5 -2 M 9 22 l 3 -8 3 8 M 8 22 h 8 M 18 18.7 a 9 9 0 1 0 -12 0
File	M 6 22 a 2 2 0 0 1 -2 -2 V 4 a 2 2 0 0 1 2 -2 h 8 a 2.4 2.4 0 0 1 1.704 .706 l 3.588 3.588 A 2.4 2.4 0 0 1 20 8 v 12 a 2 2 0 0 1 -2 2 z M 14 2 v 5 a 1 1 0 0 0 1 1 h 5
FileArchive	M 13.659 22 H 18 a 2 2 0 0 0 2 -2 V 8 a 2.4 2.4 0 0 0 -.706 -1.706 l -3.588 -3.588 A 2.4 2.4 0 0 0 14 2 H 6 a 2 2 0 0 0 -2 2 v 11.5 M 14 2 v 5 a 1 1 0 0 0 1 1 h 5 M 8 12 v -1 M 8 18 v -2 M 8 7 V 6 M 6 20 a 2 2 0 1 0 4 0 a 2 2 0 1 0 -4 0 Z
FileAxis3d	M 6 22 a 2 2 0 0 1 -2 -2 V 4 a 2 2 0 0 1 2 -2 h 8 a 2.4 2.4 0 0 1 1.704 .706 l 3.588 3.588 A 2.4 2.4 0 0 1 20 8 v 12 a 2 2 0 0 1 -2 2 z M 14 2 v 5 a 1 1 0 0 0 1 1 h 5 M 8 18 l 4 -4 M 8 10 v 8 h 8
FileBadge	M 13 22 h 5 a 2 2 0 0 0 2 -2 V 8 a 2.4 2.4 0 0 0 -.706 -1.706 l -3.588 -3.588 A 2.4 2.4 0 0 0 14 2 H 6 a 2 2 0 0 0 -2 2 v 3.3 M 14 2 v 5 a 1 1 0 0 0 1 1 h 5 M 7.69 16.479 l 1.29 4.88 a .5 .5 0 0 1 -.698 .591 l -1.843 -.849 a 1 1 0 0 0 -.879 .001 l -1.846 .85 a .5 .5 0 0 1 -.692 -.593 l 1.29 -4.88 M 3 14 a 3 3 0 1 0 6 0 a 3 3 0 1 0 -6 0 Z
FileBox	M 14 2 v 5 a 1 1 0 0 0 1 1 h 5 M 14.692 22 H 18 a 2 2 0 0 0 2 -2 V 8 a 2.4 2.4 0 0 0 -.706 -1.706 l -3.588 -3.588 A 2.4 2.4 0 0 0 14 2 H 6 a 2 2 0 0 0 -2 2 v 3.804 M 2.264 13.752 7 16.5 l 4.737 -2.748 M 2.995 13.014 A 2 2 0 0 0 2 14.744 v 3.516 a 2 2 0 0 0 .996 1.73 l 3 1.74 a 2 2 0 0 0 2.008 0 l 3 -1.74 A 2 2 0 0 0 12 18.26 v -3.517 a 2 2 0 0 0 -.995 -1.73 l -3 -1.742 a 2 2 0 0 0 -1.892 -.064 z M 7 16.5 V 22
FileBraces	M 6 22 a 2 2 0 0 1 -2 -2 V 4 a 2 2 0 0 1 2 -2 h 8 a 2.4 2.4 0 0 1 1.704 .706 l 3.588 3.588 A 2.4 2.4 0 0 1 20 8 v 12 a 2 2 0 0 1 -2 2 z M 14 2 v 5 a 1 1 0 0 0 1 1 h 5 M 10 12 a 1 1 0 0 0 -1 1 v 1 a 1 1 0 0 1 -1 1 1 1 0 0 1 1 1 v 1 a 1 1 0 0 0 1 1 M 14 18 a 1 1 0 0 0 1 -1 v -1 a 1 1 0 0 1 1 -1 1 1 0 0 1 -1 -1 v -1 a 1 1 0 0 0 -1 -1
FileBracesCorner	M 14 22 h 4 a 2 2 0 0 0 2 -2 V 8 a 2.4 2.4 0 0 0 -.706 -1.706 l -3.588 -3.588 A 2.4 2.4 0 0 0 14 2 H 6 a 2 2 0 0 0 -2 2 v 6 M 14 2 v 5 a 1 1 0 0 0 1 1 h 5 M 5 14 a 1 1 0 0 0 -1 1 v 2 a 1 1 0 0 1 -1 1 1 1 0 0 1 1 1 v 2 a 1 1 0 0 0 1 1 M 9 22 a 1 1 0 0 0 1 -1 v -2 a 1 1 0 0 1 1 -1 1 1 0 0 1 -1 -1 v -2 a 1 1 0 0 0 -1 -1
FileChartColumn	M 6 22 a 2 2 0 0 1 -2 -2 V 4 a 2 2 0 0 1 2 -2 h 8 a 2.4 2.4 0 0 1 1.704 .706 l 3.588 3.588 A 2.4 2.4 0 0 1 20 8 v 12 a 2 2 0 0 1 -2 2 z M 14 2 v 5 a 1 1 0 0 0 1 1 h 5 M 8 18 v -1 M 12 18 v -6 M 16 18 v -3
FileChartColumnIncreasing	M 6 22 a 2 2 0 0 1 -2 -2 V 4 a 2 2 0 0 1 2 -2 h 8 a 2.4 2.4 0 0 1 1.704 .706 l 3.588 3.588 A 2.4 2.4 0 0 1 20 8 v 12 a 2 2 0 0 1 -2 2 z M 14 2 v 5 a 1 1 0 0 0 1 1 h 5 M 8 18 v -2 M 12 18 v -4 M 16 18 v -6
FileChartLine	M 6 22 a 2 2 0 0 1 -2 -2 V 4 a 2 2 0 0 1 2 -2 h 8 a 2.4 2.4 0 0 1 1.704 .706 l 3.588 3.588 A 2.4 2.4 0 0 1 20 8 v 12 a 2 2 0 0 1 -2 2 z M 14 2 v 5 a 1 1 0 0 0 1 1 h 5 M 16 13 l -3.5 3.5 -2 -2 L 8 17
FileChartPie	M 15.941 22 H 18 a 2 2 0 0 0 2 -2 V 8 a 2.4 2.4 0 0 0 -.706 -1.704 l -3.588 -3.588 A 2.4 2.4 0 0 0 14 2 H 6 a 2 2 0 0 0 -2 2 v 3.512 M 14 2 v 5 a 1 1 0 0 0 1 1 h 5 M 4.017 11.512 a 6 6 0 1 0 8.466 8.475 M 9 16 a 1 1 0 0 1 -1 -1 v -4 c 0 -.552 .45 -1.008 .995 -.917 a 6 6 0 0 1 4.922 4.922 c .091 .544 -.365 .995 -.917 .995 z
FileCheck	M 6 22 a 2 2 0 0 1 -2 -2 V 4 a 2 2 0 0 1 2 -2 h 8 a 2.4 2.4 0 0 1 1.704 .706 l 3.588 3.588 A 2.4 2.4 0 0 1 20 8 v 12 a 2 2 0 0 1 -2 2 z M 14 2 v 5 a 1 1 0 0 0 1 1 h 5 M 9 15 l 2 2 4 -4
FileCheckCorner	M 10.5 22 H 6 a 2 2 0 0 1 -2 -2 V 4 a 2 2 0 0 1 2 -2 h 8 a 2.4 2.4 0 0 1 1.706 .706 l 3.588 3.588 A 2.4 2.4 0 0 1 20 8 v 6 M 14 2 v 5 a 1 1 0 0 0 1 1 h 5 M 14 20 l 2 2 4 -4
FileClock	M 16 22 h 2 a 2 2 0 0 0 2 -2 V 8 a 2.4 2.4 0 0 0 -.706 -1.706 l -3.588 -3.588 A 2.4 2.4 0 0 0 14 2 H 6 a 2 2 0 0 0 -2 2 v 2.85 M 14 2 v 5 a 1 1 0 0 0 1 1 h 5 M 8 14 v 2.2 l 1.6 1 M 2 16 a 6 6 0 1 0 12 0 a 6 6 0 1 0 -12 0 Z
FileCode	M 6 22 a 2 2 0 0 1 -2 -2 V 4 a 2 2 0 0 1 2 -2 h 8 a 2.4 2.4 0 0 1 1.704 .706 l 3.588 3.588 A 2.4 2.4 0 0 1 20 8 v 12 a 2 2 0 0 1 -2 2 z M 14 2 v 5 a 1 1 0 0 0 1 1 h 5 M 10 12.5 8 15 l 2 2.5 M 14 12.5 l 2 2.5 -2 2.5
FileCodeCorner	M 4 12.15 V 4 a 2 2 0 0 1 2 -2 h 8 a 2.4 2.4 0 0 1 1.706 .706 l 3.588 3.588 A 2.4 2.4 0 0 1 20 8 v 12 a 2 2 0 0 1 -2 2 h -3.35 M 14 2 v 5 a 1 1 0 0 0 1 1 h 5 M 5 16 l -3 3 3 3 M 9 22 l 3 -3 -3 -3
FileCog	M 15 8 a 1 1 0 0 1 -1 -1 V 2 a 2.4 2.4 0 0 1 1.704 .706 l 3.588 3.588 A 2.4 2.4 0 0 1 20 8 z M 20 8 v 12 a 2 2 0 0 1 -2 2 h -4.182 M 3.305 19.53 l .923 -.382 M 4 10.592 V 4 a 2 2 0 0 1 2 -2 h 8 M 4.228 16.852 l -.924 -.383 M 5.852 15.228 l -.383 -.923 M 5.852 20.772 l -.383 .924 M 8.148 15.228 l .383 -.923 M 8.53 21.696 l -.382 -.924 M 9.773 16.852 l .922 -.383 M 9.773 19.148 l .922 .383 M 4 18 a 3 3 0 1 0 6 0 a 3 3 0 1 0 -6 0 Z
FileDiff	M 6 22 a 2 2 0 0 1 -2 -2 V 4 a 2 2 0 0 1 2 -2 h 8 a 2.4 2.4 0 0 1 1.704 .706 l 3.588 3.588 A 2.4 2.4 0 0 1 20 8 v 12 a 2 2 0 0 1 -2 2 z M 9 10 h 6 M 12 13 V 7 M 9 17 h 6
FileDigit	M 4 12 V 4 a 2 2 0 0 1 2 -2 h 8 a 2.4 2.4 0 0 1 1.706 .706 l 3.588 3.588 A 2.4 2.4 0 0 1 20 8 v 12 a 2 2 0 0 1 -2 2 M 14 2 v 5 a 1 1 0 0 0 1 1 h 5 M 10 16 h 2 v 6 M 10 22 h 4 M 4 16 h 0 a 2 2 0 0 1 2 2 v 2 a 2 2 0 0 1 -2 2 h 0 a 2 2 0 0 1 -2 -2 v -2 a 2 2 0 0 1 2 -2 Z
FileDown	M 6 22 a 2 2 0 0 1 -2 -2 V 4 a 2 2 0 0 1 2 -2 h 8 a 2.4 2.4 0 0 1 1.704 .706 l 3.588 3.588 A 2.4 2.4 0 0 1 20 8 v 12 a 2 2 0 0 1 -2 2 z M 14 2 v 5 a 1 1 0 0 0 1 1 h 5 M 12 18 v -6 M 9 15 l 3 3 3 -3
FileExclamationPoint	M 6 22 a 2 2 0 0 1 -2 -2 V 4 a 2 2 0 0 1 2 -2 h 8 a 2.4 2.4 0 0 1 1.704 .706 l 3.588 3.588 A 2.4 2.4 0 0 1 20 8 v 12 a 2 2 0 0 1 -2 2 z M 12 9 v 4 M 12 17 h .01
FileHeadphone	M 4 6.835 V 4 a 2 2 0 0 1 2 -2 h 8 a 2.4 2.4 0 0 1 1.706 .706 l 3.588 3.588 A 2.4 2.4 0 0 1 20 8 v 12 a 2 2 0 0 1 -2 2 h -.343 M 14 2 v 5 a 1 1 0 0 0 1 1 h 5 M 2 19 a 2 2 0 0 1 4 0 v 1 a 2 2 0 0 1 -4 0 v -4 a 6 6 0 0 1 12 0 v 4 a 2 2 0 0 1 -4 0 v -1 a 2 2 0 0 1 4 0
FileHeart	M 13 22 h 5 a 2 2 0 0 0 2 -2 V 8 a 2.4 2.4 0 0 0 -.706 -1.706 l -3.588 -3.588 A 2.4 2.4 0 0 0 14 2 H 6 a 2 2 0 0 0 -2 2 v 7 M 14 2 v 5 a 1 1 0 0 0 1 1 h 5 M 3.62 18.8 A 2.25 2.25 0 1 1 7 15.836 a 2.25 2.25 0 1 1 3.38 2.966 l -2.626 2.856 a 1 1 0 0 1 -1.507 0 z
FileImage	M 6 22 a 2 2 0 0 1 -2 -2 V 4 a 2 2 0 0 1 2 -2 h 8 a 2.4 2.4 0 0 1 1.704 .706 l 3.588 3.588 A 2.4 2.4 0 0 1 20 8 v 12 a 2 2 0 0 1 -2 2 z M 14 2 v 5 a 1 1 0 0 0 1 1 h 5 M 8 12 a 2 2 0 1 0 4 0 a 2 2 0 1 0 -4 0 Z M 20 17 l -1.296 -1.296 a 2.41 2.41 0 0 0 -3.408 0 L 9 22
FileInput	M 4 11 V 4 a 2 2 0 0 1 2 -2 h 8 a 2.4 2.4 0 0 1 1.706 .706 l 3.588 3.588 A 2.4 2.4 0 0 1 20 8 v 12 a 2 2 0 0 1 -2 2 H 6 a 2 2 0 0 1 -2 -2 v -1 M 14 2 v 5 a 1 1 0 0 0 1 1 h 5 M 2 15 h 10 M 9 18 l 3 -3 -3 -3
FileKey	M 14 2 v 5 a 1 1 0 0 0 1 1 h 5 M 4 12 v 6 M 4 14 h 2 M 9.65 22 H 18 a 2 2 0 0 0 2 -2 V 8 a 2.4 2.4 0 0 0 -.706 -1.706 l -3.588 -3.588 A 2.4 2.4 0 0 0 14 2 H 6 a 2 2 0 0 0 -2 2 v 4 M 2 20 a 2 2 0 1 0 4 0 a 2 2 0 1 0 -4 0 Z
FileLock	M 4 9.8 V 4 a 2 2 0 0 1 2 -2 h 8 a 2.4 2.4 0 0 1 1.706 .706 l 3.588 3.588 A 2.4 2.4 0 0 1 20 8 v 12 a 2 2 0 0 1 -2 2 h -3 M 14 2 v 5 a 1 1 0 0 0 1 1 h 5 M 9 17 v -2 a 2 2 0 0 0 -4 0 v 2 M 4 17 h 6 a 1 1 0 0 1 1 1 v 3 a 1 1 0 0 1 -1 1 h -6 a 1 1 0 0 1 -1 -1 v -3 a 1 1 0 0 1 1 -1 Z
FileMinus	M 6 22 a 2 2 0 0 1 -2 -2 V 4 a 2 2 0 0 1 2 -2 h 8 a 2.4 2.4 0 0 1 1.704 .706 l 3.588 3.588 A 2.4 2.4 0 0 1 20 8 v 12 a 2 2 0 0 1 -2 2 z M 14 2 v 5 a 1 1 0 0 0 1 1 h 5 M 9 15 h 6
FileMinusCorner	M 20 14 V 8 a 2.4 2.4 0 0 0 -.706 -1.706 l -3.588 -3.588 A 2.4 2.4 0 0 0 14 2 H 6 a 2 2 0 0 0 -2 2 v 16 a 2 2 0 0 0 2 2 h 12 M 14 2 v 5 a 1 1 0 0 0 1 1 h 5 M 14 18 h 6
FileMusic	M 11.65 22 H 18 a 2 2 0 0 0 2 -2 V 8 a 2.4 2.4 0 0 0 -.706 -1.706 l -3.588 -3.588 A 2.4 2.4 0 0 0 14 2 H 6 a 2 2 0 0 0 -2 2 v 10.35 M 14 2 v 5 a 1 1 0 0 0 1 1 h 5 M 8 20 v -7 l 3 1.474 M 4 20 a 2 2 0 1 0 4 0 a 2 2 0 1 0 -4 0 Z
FileOutput	M 4.226 20.925 A 2 2 0 0 0 6 22 h 12 a 2 2 0 0 0 2 -2 V 8 a 2.4 2.4 0 0 0 -.706 -1.706 l -3.588 -3.588 A 2.4 2.4 0 0 0 14 2 H 6 a 2 2 0 0 0 -2 2 v 3.127 M 14 2 v 5 a 1 1 0 0 0 1 1 h 5 M 5 11 l -3 3 M 5 17 l -3 -3 h 10
FilePen	M 12.659 22 H 18 a 2 2 0 0 0 2 -2 V 8 a 2.4 2.4 0 0 0 -.706 -1.706 l -3.588 -3.588 A 2.4 2.4 0 0 0 14 2 H 6 a 2 2 0 0 0 -2 2 v 9.34 M 14 2 v 5 a 1 1 0 0 0 1 1 h 5 M 10.378 12.622 a 1 1 0 0 1 3 3.003 L 8.36 20.637 a 2 2 0 0 1 -.854 .506 l -2.867 .837 a .5 .5 0 0 1 -.62 -.62 l .836 -2.869 a 2 2 0 0 1 .506 -.853 z
FilePenLine	M 14.364 13.634 a 2 2 0 0 0 -.506 .854 l -.837 2.87 a .5 .5 0 0 0 .62 .62 l 2.87 -.837 a 2 2 0 0 0 .854 -.506 l 4.013 -4.009 a 1 1 0 0 0 -3.004 -3.004 z M 14.487 7.858 A 1 1 0 0 1 14 7 V 2 M 20 19.645 V 20 a 2 2 0 0 1 -2 2 H 6 a 2 2 0 0 1 -2 -2 V 4 a 2 2 0 0 1 2 -2 h 8 a 2.4 2.4 0 0 1 1.704 .706 l 2.516 2.516 M 8 18 h 1
FilePlay	M 6 22 a 2 2 0 0 1 -2 -2 V 4 a 2 2 0 0 1 2 -2 h 8 a 2.4 2.4 0 0 1 1.704 .706 l 3.588 3.588 A 2.4 2.4 0 0 1 20 8 v 12 a 2 2 0 0 1 -2 2 z M 14 2 v 5 a 1 1 0 0 0 1 1 h 5 M 15.033 13.44 a .647 .647 0 0 1 0 1.12 l -4.065 2.352 a .645 .645 0 0 1 -.968 -.56 v -4.704 a .645 .645 0 0 1 .967 -.56 z
FilePlus	M 6 22 a 2 2 0 0 1 -2 -2 V 4 a 2 2 0 0 1 2 -2 h 8 a 2.4 2.4 0 0 1 1.704 .706 l 3.588 3.588 A 2.4 2.4 0 0 1 20 8 v 12 a 2 2 0 0 1 -2 2 z M 14 2 v 5 a 1 1 0 0 0 1 1 h 5 M 9 15 h 6 M 12 18 v -6
FilePlusCorner	M 11.35 22 H 6 a 2 2 0 0 1 -2 -2 V 4 a 2 2 0 0 1 2 -2 h 8 a 2.4 2.4 0 0 1 1.706 .706 l 3.588 3.588 A 2.4 2.4 0 0 1 20 8 v 5.35 M 14 2 v 5 a 1 1 0 0 0 1 1 h 5 M 14 19 h 6 M 17 16 v 6
FileQuestionMark	M 6 22 a 2 2 0 0 1 -2 -2 V 4 a 2 2 0 0 1 2 -2 h 8 a 2.4 2.4 0 0 1 1.704 .706 l 3.588 3.588 A 2.4 2.4 0 0 1 20 8 v 12 a 2 2 0 0 1 -2 2 z M 12 17 h .01 M 9.1 9 a 3 3 0 0 1 5.82 1 c 0 2 -3 3 -3 3
FileScan	M 20 10 V 8 a 2.4 2.4 0 0 0 -.706 -1.704 l -3.588 -3.588 A 2.4 2.4 0 0 0 14 2 H 6 a 2 2 0 0 0 -2 2 v 16 a 2 2 0 0 0 2 2 h 4.35 M 14 2 v 5 a 1 1 0 0 0 1 1 h 5 M 16 14 a 2 2 0 0 0 -2 2 M 16 22 a 2 2 0 0 1 -2 -2 M 20 14 a 2 2 0 0 1 2 2 M 20 22 a 2 2 0 0 0 2 -2
FileSearch	M 6 22 a 2 2 0 0 1 -2 -2 V 4 a 2 2 0 0 1 2 -2 h 8 a 2.4 2.4 0 0 1 1.704 .706 l 3.588 3.588 A 2.4 2.4 0 0 1 20 8 v 12 a 2 2 0 0 1 -2 2 z M 14 2 v 5 a 1 1 0 0 0 1 1 h 5 M 9 14.5 a 2.5 2.5 0 1 0 5 0 a 2.5 2.5 0 1 0 -5 0 Z M 13.3 16.3 15 18
FileSearchCorner	M 11.1 22 H 6 a 2 2 0 0 1 -2 -2 V 4 a 2 2 0 0 1 2 -2 h 8 a 2.4 2.4 0 0 1 1.706 .706 l 3.589 3.588 A 2.4 2.4 0 0 1 20 8 v 3.25 M 14 2 v 5 a 1 1 0 0 0 1 1 h 5 M 21 22 l -2.88 -2.88 M 13 17 a 3 3 0 1 0 6 0 a 3 3 0 1 0 -6 0 Z
FileSignal	M 6 22 a 2 2 0 0 1 -2 -2 V 4 a 2 2 0 0 1 2 -2 h 8 a 2.4 2.4 0 0 1 1.704 .706 l 3.588 3.588 A 2.4 2.4 0 0 1 20 8 v 12 a 2 2 0 0 1 -2 2 z M 14 2 v 5 a 1 1 0 0 0 1 1 h 5 M 8 15 h .01 M 11.5 13.5 a 2.5 2.5 0 0 1 0 3 M 15 12 a 5 5 0 0 1 0 6
FileSliders	M 6 22 a 2 2 0 0 1 -2 -2 V 4 a 2 2 0 0 1 2 -2 h 8 a 2.4 2.4 0 0 1 1.704 .706 l 3.588 3.588 A 2.4 2.4 0 0 1 20 8 v 12 a 2 2 0 0 1 -2 2 z M 14 2 v 5 a 1 1 0 0 0 1 1 h 5 M 8 12 h 8 M 10 11 v 2 M 8 17 h 8 M 14 16 v 2
FileSpreadsheet	M 6 22 a 2 2 0 0 1 -2 -2 V 4 a 2 2 0 0 1 2 -2 h 8 a 2.4 2.4 0 0 1 1.704 .706 l 3.588 3.588 A 2.4 2.4 0 0 1 20 8 v 12 a 2 2 0 0 1 -2 2 z M 14 2 v 5 a 1 1 0 0 0 1 1 h 5 M 8 13 h 2 M 14 13 h 2 M 8 17 h 2 M 14 17 h 2
FileStack	M 11 21 a 1 1 0 0 1 -1 1 H 4 a 1 1 0 0 1 -1 -1 v -8 a 1 1 0 0 1 1 -1 M 16 16 a 1 1 0 0 1 -1 1 H 9 a 1 1 0 0 1 -1 -1 V 8 a 1 1 0 0 1 1 -1 M 21 6 a 2 2 0 0 0 -.586 -1.414 l -2 -2 A 2 2 0 0 0 17 2 h -3 a 1 1 0 0 0 -1 1 v 8 a 1 1 0 0 0 1 1 h 6 a 1 1 0 0 0 1 -1 z
FileSymlink	M 4 11 V 4 a 2 2 0 0 1 2 -2 h 8 a 2.4 2.4 0 0 1 1.706 .706 l 3.588 3.588 A 2.4 2.4 0 0 1 20 8 v 12 a 2 2 0 0 1 -2 2 H 6 a 2 2 0 0 1 -2 -2 v -3 a 2 2 0 0 1 2 -2 h 7 M 14 2 v 5 a 1 1 0 0 0 1 1 h 5 M 10 18 l 3 -3 -3 -3
FileTerminal	M 6 22 a 2 2 0 0 1 -2 -2 V 4 a 2 2 0 0 1 2 -2 h 8 a 2.4 2.4 0 0 1 1.704 .706 l 3.588 3.588 A 2.4 2.4 0 0 1 20 8 v 12 a 2 2 0 0 1 -2 2 z M 14 2 v 5 a 1 1 0 0 0 1 1 h 5 M 8 16 l 2 -2 -2 -2 M 12 18 h 4
FileText	M 6 22 a 2 2 0 0 1 -2 -2 V 4 a 2 2 0 0 1 2 -2 h 8 a 2.4 2.4 0 0 1 1.704 .706 l 3.588 3.588 A 2.4 2.4 0 0 1 20 8 v 12 a 2 2 0 0 1 -2 2 z M 14 2 v 5 a 1 1 0 0 0 1 1 h 5 M 10 9 H 8 M 16 13 H 8 M 16 17 H 8
FileType	M 6 22 a 2 2 0 0 1 -2 -2 V 4 a 2 2 0 0 1 2 -2 h 8 a 2.4 2.4 0 0 1 1.704 .706 l 3.588 3.588 A 2.4 2.4 0 0 1 20 8 v 12 a 2 2 0 0 1 -2 2 z M 14 2 v 5 a 1 1 0 0 0 1 1 h 5 M 11 18 h 2 M 12 12 v 6 M 9 13 v -.5 a .5 .5 0 0 1 .5 -.5 h 5 a .5 .5 0 0 1 .5 .5 v .5
FileTypeCorner	M 12 22 h 6 a 2 2 0 0 0 2 -2 V 8 a 2.4 2.4 0 0 0 -.706 -1.706 l -3.588 -3.588 A 2.4 2.4 0 0 0 14 2 H 6 a 2 2 0 0 0 -2 2 v 6 M 14 2 v 5 a 1 1 0 0 0 1 1 h 5 M 3 16 v -1.5 a .5 .5 0 0 1 .5 -.5 h 7 a .5 .5 0 0 1 .5 .5 V 16 M 6 22 h 2 M 7 14 v 8
FileUp	M 6 22 a 2 2 0 0 1 -2 -2 V 4 a 2 2 0 0 1 2 -2 h 8 a 2.4 2.4 0 0 1 1.704 .706 l 3.588 3.588 A 2.4 2.4 0 0 1 20 8 v 12 a 2 2 0 0 1 -2 2 z M 14 2 v 5 a 1 1 0 0 0 1 1 h 5 M 12 12 v 6 M 15 15 l -3 -3 -3 3
FileUser	M 6 22 a 2 2 0 0 1 -2 -2 V 4 a 2 2 0 0 1 2 -2 h 8 a 2.4 2.4 0 0 1 1.704 .706 l 3.588 3.588 A 2.4 2.4 0 0 1 20 8 v 12 a 2 2 0 0 1 -2 2 z M 14 2 v 5 a 1 1 0 0 0 1 1 h 5 M 16 22 a 4 4 0 0 0 -8 0 M 9 15 a 3 3 0 1 0 6 0 a 3 3 0 1 0 -6 0 Z
FileVideoCamera	M 4 12 V 4 a 2 2 0 0 1 2 -2 h 8 a 2.4 2.4 0 0 1 1.706 .706 l 3.588 3.588 A 2.4 2.4 0 0 1 20 8 v 12 a 2 2 0 0 1 -2 2 M 14 2 v 5 a 1 1 0 0 0 1 1 h 5 M 10 17.843 l 3.033 -1.755 a .64 .64 0 0 1 .967 .56 v 4.704 a .65 .65 0 0 1 -.967 .56 L 10 20.157 M 4 16 h 5 a 1 1 0 0 1 1 1 v 4 a 1 1 0 0 1 -1 1 h -5 a 1 1 0 0 1 -1 -1 v -4 a 1 1 0 0 1 1 -1 Z
FileVolume	M 4 11.55 V 4 a 2 2 0 0 1 2 -2 h 8 a 2.4 2.4 0 0 1 1.706 .706 l 3.588 3.588 A 2.4 2.4 0 0 1 20 8 v 12 a 2 2 0 0 1 -2 2 h -1.95 M 14 2 v 5 a 1 1 0 0 0 1 1 h 5 M 12 15 a 5 5 0 0 1 0 6 M 8 14.502 a .5 .5 0 0 0 -.826 -.381 l -1.893 1.631 a 1 1 0 0 1 -.651 .243 H 3.5 a .5 .5 0 0 0 -.5 .501 v 3.006 a .5 .5 0 0 0 .5 .501 h 1.129 a 1 1 0 0 1 .652 .243 l 1.893 1.633 a .5 .5 0 0 0 .826 -.38 z
FileX	M 6 22 a 2 2 0 0 1 -2 -2 V 4 a 2 2 0 0 1 2 -2 h 8 a 2.4 2.4 0 0 1 1.704 .706 l 3.588 3.588 A 2.4 2.4 0 0 1 20 8 v 12 a 2 2 0 0 1 -2 2 z M 14 2 v 5 a 1 1 0 0 0 1 1 h 5 M 14.5 12.5 l -5 5 M 9.5 12.5 l 5 5
FileXCorner	M 11 22 H 6 a 2 2 0 0 1 -2 -2 V 4 a 2 2 0 0 1 2 -2 h 8 a 2.4 2.4 0 0 1 1.706 .706 l 3.588 3.588 A 2.4 2.4 0 0 1 20 8 v 5 M 14 2 v 5 a 1 1 0 0 0 1 1 h 5 M 15 17 l 5 5 M 20 17 l -5 5
Files	M 15 2 h -4 a 2 2 0 0 0 -2 2 v 11 a 2 2 0 0 0 2 2 h 8 a 2 2 0 0 0 2 -2 V 8 M 16.706 2.706 A 2.4 2.4 0 0 0 15 2 v 5 a 1 1 0 0 0 1 1 h 5 a 2.4 2.4 0 0 0 -.706 -1.706 z M 5 7 a 2 2 0 0 0 -2 2 v 11 a 2 2 0 0 0 2 2 h 8 a 2 2 0 0 0 1.732 -1
Film	M 5 3 h 14 a 2 2 0 0 1 2 2 v 14 a 2 2 0 0 1 -2 2 h -14 a 2 2 0 0 1 -2 -2 v -14 a 2 2 0 0 1 2 -2 Z M 7 3 v 18 M 3 7.5 h 4 M 3 12 h 18 M 3 16.5 h 4 M 17 3 v 18 M 17 7.5 h 4 M 17 16.5 h 4
FingerprintPattern	M 12 10 a 2 2 0 0 0 -2 2 c 0 1.02 -.1 2.51 -.26 4 M 14 13.12 c 0 2.38 0 6.38 -1 8.88 M 17.29 21.02 c .12 -.6 .43 -2.3 .5 -3.02 M 2 12 a 10 10 0 0 1 18 -6 M 2 16 h .01 M 21.8 16 c .2 -2 .131 -5.354 0 -6 M 5 19.5 C 5.5 18 6 15 6 12 a 6 6 0 0 1 .34 -2 M 8.65 22 c .21 -.66 .45 -1.32 .57 -2 M 9 6.8 a 6 6 0 0 1 9 5.2 v 2
FireExtinguisher	M 15 6.5 V 3 a 1 1 0 0 0 -1 -1 h -2 a 1 1 0 0 0 -1 1 v 3.5 M 9 18 h 8 M 18 3 h -3 M 11 3 a 6 6 0 0 0 -6 6 v 11 M 5 13 h 4 M 17 10 a 4 4 0 0 0 -8 0 v 10 a 2 2 0 0 0 2 2 h 4 a 2 2 0 0 0 2 -2 Z
Fish	M 6.5 12 c .94 -3.46 4.94 -6 8.5 -6 3.56 0 6.06 2.54 7 6 -.94 3.47 -3.44 6 -7 6 s -7.56 -2.53 -8.5 -6 Z M 18 12 v .5 M 16 17.93 a 9.77 9.77 0 0 1 0 -11.86 M 7 10.67 C 7 8 5.58 5.97 2.73 5.5 c -1 1.5 -1 5 .23 6.5 -1.24 1.5 -1.24 5 -.23 6.5 C 5.58 18.03 7 16 7 13.33 M 10.46 7.26 C 10.2 5.88 9.17 4.24 8 3 h 5.8 a 2 2 0 0 1 1.98 1.67 l .23 1.4 M 16.01 17.93 l -.23 1.4 A 2 2 0 0 1 13.8 21 H 9.5 a 5.96 5.96 0 0 0 1.49 -3.98
FishOff	M 18 12.47 v .03 m 0 -.5 v .47 m -.475 5.056 A 6.744 6.744 0 0 1 15 18 c -3.56 0 -7.56 -2.53 -8.5 -6 .348 -1.28 1.114 -2.433 2.121 -3.38 m 3.444 -2.088 A 8.802 8.802 0 0 1 15 6 c 3.56 0 6.06 2.54 7 6 -.309 1.14 -.786 2.177 -1.413 3.058 M 7 10.67 C 7 8 5.58 5.97 2.73 5.5 c -1 1.5 -1 5 .23 6.5 -1.24 1.5 -1.24 5 -.23 6.5 C 5.58 18.03 7 16 7 13.33 m 7.48 -4.372 A 9.77 9.77 0 0 1 16 6.07 m 0 11.86 a 9.77 9.77 0 0 1 -1.728 -3.618 M 16.01 17.93 l -.23 1.4 A 2 2 0 0 1 13.8 21 H 9.5 a 5.96 5.96 0 0 0 1.49 -3.98 M 8.53 3 h 5.27 a 2 2 0 0 1 1.98 1.67 l .23 1.4 M 2 2 l 20 20
FishSymbol	M 2 16 s 9 -15 20 -4 C 11 23 2 8 2 8
FishingHook	M 17.586 11.414 l -5.93 5.93 a 1 1 0 0 1 -8 -8 l 3.137 -3.137 a .707 .707 0 0 1 1.207 .5 V 10 M 20.414 8.586 22 7 M 17 10 a 2 2 0 1 0 4 0 a 2 2 0 1 0 -4 0 Z
FishingRod	M 4 11 h 1 M 8 15 a 2 2 0 0 1 -4 0 V 3 a 1 1 0 0 1 1 -1 h .5 C 14 2 20 9 20 18 v 4 M 16 18 a 2 2 0 1 0 4 0 a 2 2 0 1 0 -4 0 Z
Flag	M 4 22 V 4 a 1 1 0 0 1 .4 -.8 A 6 6 0 0 1 8 2 c 3 0 5 2 7.333 2 q 2 0 3.067 -.8 A 1 1 0 0 1 20 4 v 10 a 1 1 0 0 1 -.4 .8 A 6 6 0 0 1 16 16 c -3 0 -5 -2 -8 -2 a 6 6 0 0 0 -4 1.528
FlagOff	M 16 16 c -3 0 -5 -2 -8 -2 a 6 6 0 0 0 -4 1.528 M 2 2 l 20 20 M 4 22 V 4 M 7.656 2 H 8 c 3 0 5 2 7.333 2 q 2 0 3.067 -.8 A 1 1 0 0 1 20 4 v 10.347
FlagTriangleLeft	M 18 22 V 2.8 a .8 .8 0 0 0 -1.17 -.71 L 5.45 7.78 a .8 .8 0 0 0 0 1.44 L 18 15.5
FlagTriangleRight	M 6 22 V 2.8 a .8 .8 0 0 1 1.17 -.71 l 11.38 5.69 a .8 .8 0 0 1 0 1.44 L 6 15.5
Flame	M 12 3 q 1 4 4 6.5 t 3 5.5 a 1 1 0 0 1 -14 0 5 5 0 0 1 1 -3 1 1 0 0 0 5 0 c 0 -2 -1.5 -3 -1.5 -5 q 0 -2 2.5 -4
FlameKindling	M 12 2 c 1 3 2.5 3.5 3.5 4.5 A 5 5 0 0 1 17 10 a 5 5 0 1 1 -10 0 c 0 -.3 0 -.6 .1 -.9 a 2 2 0 1 0 3.3 -2 C 8 4.5 11 2 12 2 Z M 5 22 l 14 -4 M 5 18 l 14 4
Flashlight	M 12 13 v 1 M 17 2 a 1 1 0 0 1 1 1 v 4 a 3 3 0 0 1 -.6 1.8 l -.6 .8 A 4 4 0 0 0 16 12 v 8 a 2 2 0 0 1 -2 2 H 10 a 2 2 0 0 1 -2 -2 v -8 a 4 4 0 0 0 -.8 -2.4 l -.6 -.8 A 3 3 0 0 1 6 7 V 3 a 1 1 0 0 1 1 -1 z M 6 6 h 12
FlashlightOff	M 11.652 6 H 18 M 12 13 v 1 M 16 16 v 4 a 2 2 0 0 1 -2 2 h -4 a 2 2 0 0 1 -2 -2 v -8 a 4 4 0 0 0 -.8 -2.4 l -.6 -.8 A 3 3 0 0 1 6 7 V 6 M 2 2 l 20 20 M 7.649 2 H 17 a 1 1 0 0 1 1 1 v 4 a 3 3 0 0 1 -.6 1.8 l -.6 .8 a 4 4 0 0 0 -.55 1.007
FlaskConical	M 14 2 v 6 a 2 2 0 0 0 .245 .96 l 5.51 10.08 A 2 2 0 0 1 18 22 H 6 a 2 2 0 0 1 -1.755 -2.96 l 5.51 -10.08 A 2 2 0 0 0 10 8 V 2 M 6.453 15 h 11.094 M 8.5 2 h 7
FlaskConicalOff	M 10 2 v 2.343 M 14 2 v 6.343 M 2 2 l 20 20 M 20 20 a 2 2 0 0 1 -2 2 H 6 a 2 2 0 0 1 -1.755 -2.96 l 5.227 -9.563 M 6.453 15 H 15 M 8.5 2 h 7
FlaskRound	M 10 2 v 6.292 a 7 7 0 1 0 4 0 V 2 M 5 15 h 14 M 8.5 2 h 7
Flower	M 9 12 a 3 3 0 1 0 6 0 a 3 3 0 1 0 -6 0 Z M 12 16.5 A 4.5 4.5 0 1 1 7.5 12 4.5 4.5 0 1 1 12 7.5 a 4.5 4.5 0 1 1 4.5 4.5 4.5 4.5 0 1 1 -4.5 4.5 M 12 7.5 V 9 M 7.5 12 H 9 M 16.5 12 H 15 M 12 16.5 V 15 M 8 8 l 1.88 1.88 M 14.12 9.88 16 8 M 8 16 l 1.88 -1.88 M 14.12 14.12 16 16
Flower2	M 12 5 a 3 3 0 1 1 3 3 m -3 -3 a 3 3 0 1 0 -3 3 m 3 -3 v 1 M 9 8 a 3 3 0 1 0 3 3 M 9 8 h 1 m 5 0 a 3 3 0 1 1 -3 3 m 3 -3 h -1 m -2 3 v -1 M 10 8 a 2 2 0 1 0 4 0 a 2 2 0 1 0 -4 0 Z M 12 10 v 12 M 12 22 c 4.2 0 7 -1.667 7 -5 -4.2 0 -7 1.667 -7 5 Z M 12 22 c -4.2 0 -7 -1.667 -7 -5 4.2 0 7 1.667 7 5 Z
Focus	M 9 12 a 3 3 0 1 0 6 0 a 3 3 0 1 0 -6 0 Z M 3 7 V 5 a 2 2 0 0 1 2 -2 h 2 M 17 3 h 2 a 2 2 0 0 1 2 2 v 2 M 21 17 v 2 a 2 2 0 0 1 -2 2 h -2 M 7 21 H 5 a 2 2 0 0 1 -2 -2 v -2
FoldHorizontal	M 2 12 h 6 M 22 12 h -6 M 12 2 v 2 M 12 8 v 2 M 12 14 v 2 M 12 20 v 2 M 19 9 l -3 3 3 3 M 5 15 l 3 -3 -3 -3
FoldVertical	M 12 22 v -6 M 12 8 V 2 M 4 12 H 2 M 10 12 H 8 M 16 12 h -2 M 22 12 h -2 M 15 19 l -3 -3 -3 3 M 15 5 l -3 3 -3 -3
Folder	M 20 20 a 2 2 0 0 0 2 -2 V 8 a 2 2 0 0 0 -2 -2 h -7.9 a 2 2 0 0 1 -1.69 -.9 L 9.6 3.9 A 2 2 0 0 0 7.93 3 H 4 a 2 2 0 0 0 -2 2 v 13 a 2 2 0 0 0 2 2 Z
FolderArchive	M 13 19 a 2 2 0 1 0 4 0 a 2 2 0 1 0 -4 0 Z M 20.9 19.8 A 2 2 0 0 0 22 18 V 8 a 2 2 0 0 0 -2 -2 h -7.9 a 2 2 0 0 1 -1.69 -.9 L 9.6 3.9 A 2 2 0 0 0 7.93 3 H 4 a 2 2 0 0 0 -2 2 v 13 a 2 2 0 0 0 2 2 h 5.1 M 15 11 v -1 M 15 17 v -2
FolderBookmark	M 12 6 v 7.751 a .25 .25 0 0 0 .407 .195 l 2.28 -1.834 a .5 .5 0 0 1 .627 0 l 2.28 1.834 a .25 .25 0 0 0 .406 -.195 V 6 M 20 20 a 2 2 0 0 0 2 -2 V 8 a 2 2 0 0 0 -2 -2 h -7.9 a 2 2 0 0 1 -1.69 -.9 L 9.6 3.9 A 2 2 0 0 0 7.93 3 H 4 a 2 2 0 0 0 -2 2 v 13 a 2 2 0 0 0 2 2 z
FolderCheck	M 20 20 a 2 2 0 0 0 2 -2 V 8 a 2 2 0 0 0 -2 -2 h -7.9 a 2 2 0 0 1 -1.69 -.9 L 9.6 3.9 A 2 2 0 0 0 7.93 3 H 4 a 2 2 0 0 0 -2 2 v 13 a 2 2 0 0 0 2 2 Z M 9 13 l 2 2 4 -4
FolderClock	M 16 14 v 2.2 l 1.6 1 M 7 20 H 4 a 2 2 0 0 1 -2 -2 V 5 a 2 2 0 0 1 2 -2 h 3.9 a 2 2 0 0 1 1.69 .9 l .81 1.2 a 2 2 0 0 0 1.67 .9 H 20 a 2 2 0 0 1 2 2 M 10 16 a 6 6 0 1 0 12 0 a 6 6 0 1 0 -12 0 Z
FolderClosed	M 20 20 a 2 2 0 0 0 2 -2 V 8 a 2 2 0 0 0 -2 -2 h -7.9 a 2 2 0 0 1 -1.69 -.9 L 9.6 3.9 A 2 2 0 0 0 7.93 3 H 4 a 2 2 0 0 0 -2 2 v 13 a 2 2 0 0 0 2 2 Z M 2 10 h 20
FolderCode	M 10 10.5 8 13 l 2 2.5 M 14 10.5 l 2 2.5 -2 2.5 M 20 20 a 2 2 0 0 0 2 -2 V 8 a 2 2 0 0 0 -2 -2 h -7.9 a 2 2 0 0 1 -1.69 -.9 L 9.6 3.9 A 2 2 0 0 0 7.93 3 H 4 a 2 2 0 0 0 -2 2 v 13 a 2 2 0 0 0 2 2 z
FolderCog	M 10.3 20 H 4 a 2 2 0 0 1 -2 -2 V 5 a 2 2 0 0 1 2 -2 h 3.98 a 2 2 0 0 1 1.69 .9 l .66 1.2 A 2 2 0 0 0 12 6 h 8 a 2 2 0 0 1 2 2 v 3.3 M 14.305 19.53 l .923 -.382 M 15.228 16.852 l -.923 -.383 M 16.852 15.228 l -.383 -.923 M 16.852 20.772 l -.383 .924 M 19.148 15.228 l .383 -.923 M 19.53 21.696 l -.382 -.924 M 20.772 16.852 l .924 -.383 M 20.772 19.148 l .924 .383 M 15 18 a 3 3 0 1 0 6 0 a 3 3 0 1 0 -6 0 Z
FolderDot	M 4 20 h 16 a 2 2 0 0 0 2 -2 V 8 a 2 2 0 0 0 -2 -2 h -7.93 a 2 2 0 0 1 -1.66 -.9 l -.82 -1.2 A 2 2 0 0 0 7.93 3 H 4 a 2 2 0 0 0 -2 2 v 13 c 0 1.1 .9 2 2 2 Z M 11 13 a 1 1 0 1 0 2 0 a 1 1 0 1 0 -2 0 Z
FolderDown	M 20 20 a 2 2 0 0 0 2 -2 V 8 a 2 2 0 0 0 -2 -2 h -7.9 a 2 2 0 0 1 -1.69 -.9 L 9.6 3.9 A 2 2 0 0 0 7.93 3 H 4 a 2 2 0 0 0 -2 2 v 13 a 2 2 0 0 0 2 2 Z M 12 10 v 6 M 15 13 l -3 3 -3 -3
FolderGit	M 10 13 a 2 2 0 1 0 4 0 a 2 2 0 1 0 -4 0 Z M 20 20 a 2 2 0 0 0 2 -2 V 8 a 2 2 0 0 0 -2 -2 h -7.9 a 2 2 0 0 1 -1.69 -.9 L 9.6 3.9 A 2 2 0 0 0 7.93 3 H 4 a 2 2 0 0 0 -2 2 v 13 a 2 2 0 0 0 2 2 Z M 14 13 h 3 M 7 13 h 3
FolderGit2	M 18 19 a 5 5 0 0 1 -5 -5 v 8 M 9 20 H 4 a 2 2 0 0 1 -2 -2 V 5 a 2 2 0 0 1 2 -2 h 3.9 a 2 2 0 0 1 1.69 .9 l .81 1.2 a 2 2 0 0 0 1.67 .9 H 20 a 2 2 0 0 1 2 2 v 5 M 11 12 a 2 2 0 1 0 4 0 a 2 2 0 1 0 -4 0 Z M 18 19 a 2 2 0 1 0 4 0 a 2 2 0 1 0 -4 0 Z
FolderHeart	M 10.638 20 H 4 a 2 2 0 0 1 -2 -2 V 5 a 2 2 0 0 1 2 -2 h 3.9 a 2 2 0 0 1 1.69 .9 l .81 1.2 a 2 2 0 0 0 1.67 .9 H 20 a 2 2 0 0 1 2 2 v 3.417 M 14.62 18.8 A 2.25 2.25 0 1 1 18 15.836 a 2.25 2.25 0 1 1 3.38 2.966 l -2.626 2.856 a .998 .998 0 0 1 -1.507 0 z
FolderInput	M 2 9 V 5 a 2 2 0 0 1 2 -2 h 3.9 a 2 2 0 0 1 1.69 .9 l .81 1.2 a 2 2 0 0 0 1.67 .9 H 20 a 2 2 0 0 1 2 2 v 10 a 2 2 0 0 1 -2 2 H 4 a 2 2 0 0 1 -2 -2 v -1 M 2 13 h 10 M 9 16 l 3 -3 -3 -3
FolderKanban	M 4 20 h 16 a 2 2 0 0 0 2 -2 V 8 a 2 2 0 0 0 -2 -2 h -7.93 a 2 2 0 0 1 -1.66 -.9 l -.82 -1.2 A 2 2 0 0 0 7.93 3 H 4 a 2 2 0 0 0 -2 2 v 13 c 0 1.1 .9 2 2 2 Z M 8 10 v 4 M 12 10 v 2 M 16 10 v 6
FolderKey	M 13 20 H 4 a 2 2 0 0 1 -2 -2 V 5 a 2 2 0 0 1 2 -2 h 3.9 a 2 2 0 0 1 1.69 .9 l .81 1.2 a 2 2 0 0 0 1.67 .9 H 20 a 2 2 0 0 1 2 2 v 1.36 M 19 12 v 6 M 19 14 h 2 M 17 20 a 2 2 0 1 0 4 0 a 2 2 0 1 0 -4 0 Z
FolderLock	M 15 17 h 6 a 1 1 0 0 1 1 1 v 3 a 1 1 0 0 1 -1 1 h -6 a 1 1 0 0 1 -1 -1 v -3 a 1 1 0 0 1 1 -1 Z M 10 20 H 4 a 2 2 0 0 1 -2 -2 V 5 a 2 2 0 0 1 2 -2 h 3.9 a 2 2 0 0 1 1.69 .9 l .81 1.2 a 2 2 0 0 0 1.67 .9 H 20 a 2 2 0 0 1 2 2 v 2.5 M 20 17 v -2 a 2 2 0 1 0 -4 0 v 2
FolderMinus	M 9 13 h 6 M 20 20 a 2 2 0 0 0 2 -2 V 8 a 2 2 0 0 0 -2 -2 h -7.9 a 2 2 0 0 1 -1.69 -.9 L 9.6 3.9 A 2 2 0 0 0 7.93 3 H 4 a 2 2 0 0 0 -2 2 v 13 a 2 2 0 0 0 2 2 Z
FolderOpen	M 6 14 l 1.5 -2.9 A 2 2 0 0 1 9.24 10 H 20 a 2 2 0 0 1 1.94 2.5 l -1.54 6 a 2 2 0 0 1 -1.95 1.5 H 4 a 2 2 0 0 1 -2 -2 V 5 a 2 2 0 0 1 2 -2 h 3.9 a 2 2 0 0 1 1.69 .9 l .81 1.2 a 2 2 0 0 0 1.67 .9 H 18 a 2 2 0 0 1 2 2 v 2
FolderOpenDot	M 6 14 l 1.45 -2.9 A 2 2 0 0 1 9.24 10 H 20 a 2 2 0 0 1 1.94 2.5 l -1.55 6 a 2 2 0 0 1 -1.94 1.5 H 4 a 2 2 0 0 1 -2 -2 V 5 c 0 -1.1 .9 -2 2 -2 h 3.93 a 2 2 0 0 1 1.66 .9 l .82 1.2 a 2 2 0 0 0 1.66 .9 H 18 a 2 2 0 0 1 2 2 v 2 M 13 15 a 1 1 0 1 0 2 0 a 1 1 0 1 0 -2 0 Z
FolderOutput	M 2 7.5 V 5 a 2 2 0 0 1 2 -2 h 3.9 a 2 2 0 0 1 1.69 .9 l .81 1.2 a 2 2 0 0 0 1.67 .9 H 20 a 2 2 0 0 1 2 2 v 10 a 2 2 0 0 1 -2 2 H 4 a 2 2 0 0 1 -2 -1.5 M 2 13 h 10 M 5 10 l -3 3 3 3
FolderPen	M 2 11.5 V 5 a 2 2 0 0 1 2 -2 h 3.9 c .7 0 1.3 .3 1.7 .9 l .8 1.2 c .4 .6 1 .9 1.7 .9 H 20 a 2 2 0 0 1 2 2 v 10 a 2 2 0 0 1 -2 2 h -9.5 M 11.378 13.626 a 1 1 0 1 0 -3.004 -3.004 l -5.01 5.012 a 2 2 0 0 0 -.506 .854 l -.837 2.87 a .5 .5 0 0 0 .62 .62 l 2.87 -.837 a 2 2 0 0 0 .854 -.506 z
FolderPlus	M 12 10 v 6 M 9 13 h 6 M 20 20 a 2 2 0 0 0 2 -2 V 8 a 2 2 0 0 0 -2 -2 h -7.9 a 2 2 0 0 1 -1.69 -.9 L 9.6 3.9 A 2 2 0 0 0 7.93 3 H 4 a 2 2 0 0 0 -2 2 v 13 a 2 2 0 0 0 2 2 Z
FolderRoot	M 4 20 h 16 a 2 2 0 0 0 2 -2 V 8 a 2 2 0 0 0 -2 -2 h -7.93 a 2 2 0 0 1 -1.66 -.9 l -.82 -1.2 A 2 2 0 0 0 7.93 3 H 4 a 2 2 0 0 0 -2 2 v 13 c 0 1.1 .9 2 2 2 Z M 10 13 a 2 2 0 1 0 4 0 a 2 2 0 1 0 -4 0 Z M 12 15 v 5
FolderSearch	M 10.7 20 H 4 a 2 2 0 0 1 -2 -2 V 5 a 2 2 0 0 1 2 -2 h 3.9 a 2 2 0 0 1 1.69 .9 l .81 1.2 a 2 2 0 0 0 1.67 .9 H 20 a 2 2 0 0 1 2 2 v 4.1 M 21 21 l -1.9 -1.9 M 14 17 a 3 3 0 1 0 6 0 a 3 3 0 1 0 -6 0 Z
FolderSearch2	M 9 12.5 a 2.5 2.5 0 1 0 5 0 a 2.5 2.5 0 1 0 -5 0 Z M 20 20 a 2 2 0 0 0 2 -2 V 8 a 2 2 0 0 0 -2 -2 h -7.9 a 2 2 0 0 1 -1.69 -.9 L 9.6 3.9 A 2 2 0 0 0 7.93 3 H 4 a 2 2 0 0 0 -2 2 v 13 a 2 2 0 0 0 2 2 Z M 13.3 14.3 15 16
FolderSymlink	M 2 9.35 V 5 a 2 2 0 0 1 2 -2 h 3.9 a 2 2 0 0 1 1.69 .9 l .81 1.2 a 2 2 0 0 0 1.67 .9 H 20 a 2 2 0 0 1 2 2 v 10 a 2 2 0 0 1 -2 2 H 4 a 2 2 0 0 1 -2 -2 v -3 a 2 2 0 0 1 2 -2 h 7 M 8 16 l 3 -3 -3 -3
FolderSync	M 9 20 H 4 a 2 2 0 0 1 -2 -2 V 5 a 2 2 0 0 1 2 -2 h 3.9 a 2 2 0 0 1 1.69 .9 l .81 1.2 a 2 2 0 0 0 1.67 .9 H 20 a 2 2 0 0 1 2 2 v .5 M 12 10 v 4 h 4 M 12 14 l 1.535 -1.605 a 5 5 0 0 1 8 1.5 M 22 22 v -4 h -4 M 22 18 l -1.535 1.605 a 5 5 0 0 1 -8 -1.5
FolderTree	M 20 10 a 1 1 0 0 0 1 -1 V 6 a 1 1 0 0 0 -1 -1 h -2.5 a 1 1 0 0 1 -.8 -.4 l -.9 -1.2 A 1 1 0 0 0 15 3 h -2 a 1 1 0 0 0 -1 1 v 5 a 1 1 0 0 0 1 1 Z M 20 21 a 1 1 0 0 0 1 -1 v -3 a 1 1 0 0 0 -1 -1 h -2.9 a 1 1 0 0 1 -.88 -.55 l -.42 -.85 a 1 1 0 0 0 -.92 -.6 H 13 a 1 1 0 0 0 -1 1 v 5 a 1 1 0 0 0 1 1 Z M 3 5 a 2 2 0 0 0 2 2 h 3 M 3 3 v 13 a 2 2 0 0 0 2 2 h 3
FolderUp	M 20 20 a 2 2 0 0 0 2 -2 V 8 a 2 2 0 0 0 -2 -2 h -7.9 a 2 2 0 0 1 -1.69 -.9 L 9.6 3.9 A 2 2 0 0 0 7.93 3 H 4 a 2 2 0 0 0 -2 2 v 13 a 2 2 0 0 0 2 2 Z M 12 10 v 6 M 9 13 l 3 -3 3 3
FolderX	M 20 20 a 2 2 0 0 0 2 -2 V 8 a 2 2 0 0 0 -2 -2 h -7.9 a 2 2 0 0 1 -1.69 -.9 L 9.6 3.9 A 2 2 0 0 0 7.93 3 H 4 a 2 2 0 0 0 -2 2 v 13 a 2 2 0 0 0 2 2 Z M 9.5 10.5 l 5 5 M 14.5 10.5 l -5 5
Folders	M 20 5 a 2 2 0 0 1 2 2 v 7 a 2 2 0 0 1 -2 2 H 9 a 2 2 0 0 1 -2 -2 V 5 a 2 2 0 0 1 2 -2 h 2.5 a 1.5 1.5 0 0 1 1.2 .6 l .6 .8 a 1.5 1.5 0 0 0 1.2 .6 z M 3 8.268 a 2 2 0 0 0 -1 1.738 V 19 a 2 2 0 0 0 2 2 h 11 a 2 2 0 0 0 1.732 -1
Footprints	M 4 16 v -2.38 C 4 11.5 2.97 10.5 3 8 c .03 -2.72 1.49 -6 4.5 -6 C 9.37 2 10 3.8 10 5.5 c 0 3.11 -2 5.66 -2 8.68 V 16 a 2 2 0 1 1 -4 0 Z M 20 20 v -2.38 c 0 -2.12 1.03 -3.12 1 -5.62 -.03 -2.72 -1.49 -6 -4.5 -6 C 14.63 6 14 7.8 14 9.5 c 0 3.11 2 5.66 2 8.68 V 20 a 2 2 0 1 0 4 0 Z M 16 17 h 4 M 4 13 h 4
Forklift	M 12 12 H 5 a 2 2 0 0 0 -2 2 v 5 M 15 19 h 7 M 16 19 V 2 M 6 12 V 7 a 2 2 0 0 1 2 -2 h 2.172 a 2 2 0 0 1 1.414 .586 l 3.828 3.828 A 2 2 0 0 1 16 10.828 M 7 19 h 4 M 11 19 a 2 2 0 1 0 4 0 a 2 2 0 1 0 -4 0 Z M 3 19 a 2 2 0 1 0 4 0 a 2 2 0 1 0 -4 0 Z
Form	M 4 14 h 6 M 4 2 h 10 M 5 18 h 14 a 1 1 0 0 1 1 1 v 2 a 1 1 0 0 1 -1 1 h -14 a 1 1 0 0 1 -1 -1 v -2 a 1 1 0 0 1 1 -1 Z M 5 6 h 14 a 1 1 0 0 1 1 1 v 2 a 1 1 0 0 1 -1 1 h -14 a 1 1 0 0 1 -1 -1 v -2 a 1 1 0 0 1 1 -1 Z
Forward	M 15 17 l 5 -5 -5 -5 M 4 18 v -2 a 4 4 0 0 1 4 -4 h 12
Frame	M 22 6 L 2 6 M 22 18 L 2 18 M 6 2 L 6 22 M 18 2 L 18 22
Fuel	M 14 13 h 2 a 2 2 0 0 1 2 2 v 2 a 2 2 0 0 0 4 0 v -6.998 a 2 2 0 0 0 -.59 -1.42 L 18 5 M 14 21 V 5 a 2 2 0 0 0 -2 -2 H 5 a 2 2 0 0 0 -2 2 v 16 M 2 21 h 13 M 3 9 h 11
Fullscreen	M 3 7 V 5 a 2 2 0 0 1 2 -2 h 2 M 17 3 h 2 a 2 2 0 0 1 2 2 v 2 M 21 17 v 2 a 2 2 0 0 1 -2 2 h -2 M 7 21 H 5 a 2 2 0 0 1 -2 -2 v -2 M 8 8 h 8 a 1 1 0 0 1 1 1 v 6 a 1 1 0 0 1 -1 1 h -8 a 1 1 0 0 1 -1 -1 v -6 a 1 1 0 0 1 1 -1 Z
Funnel	M 10 20 a 1 1 0 0 0 .553 .895 l 2 1 A 1 1 0 0 0 14 21 v -7 a 2 2 0 0 1 .517 -1.341 L 21.74 4.67 A 1 1 0 0 0 21 3 H 3 a 1 1 0 0 0 -.742 1.67 l 7.225 7.989 A 2 2 0 0 1 10 14 z
FunnelPlus	M 13.354 3 H 3 a 1 1 0 0 0 -.742 1.67 l 7.225 7.989 A 2 2 0 0 1 10 14 v 6 a 1 1 0 0 0 .553 .895 l 2 1 A 1 1 0 0 0 14 21 v -7 a 2 2 0 0 1 .517 -1.341 l 1.218 -1.348 M 16 6 h 6 M 19 3 v 6
FunnelX	M 12.531 3 H 3 a 1 1 0 0 0 -.742 1.67 l 7.225 7.989 A 2 2 0 0 1 10 14 v 6 a 1 1 0 0 0 .553 .895 l 2 1 A 1 1 0 0 0 14 21 v -7 a 2 2 0 0 1 .517 -1.341 l .427 -.473 M 16.5 3.5 l 5 5 M 21.5 3.5 l -5 5
Galaxy	M 16.005 15.108 a 5.041 6.52 28.25 0 0 -8.008 -6.217 5.041 6.52 28.25 0 0 8.008 6.217 A 11.884 7.288 -60.76 0 1 4.029 7.001 M 17 21 h .01 M 7 3 h .01 M 7.997 8.891 a 11.885 7.288 -60.756 0 1 11.977 8.107	M 11 12 a 1 1 0 1 0 2 0 a 1 1 0 1 0 -2 0 Z
GalleryHorizontal	M 2 3 v 18 M 8 3 h 8 a 2 2 0 0 1 2 2 v 14 a 2 2 0 0 1 -2 2 h -8 a 2 2 0 0 1 -2 -2 v -14 a 2 2 0 0 1 2 -2 Z M 22 3 v 18
GalleryHorizontalEnd	M 2 7 v 10 M 6 5 v 14 M 12 3 h 8 a 2 2 0 0 1 2 2 v 14 a 2 2 0 0 1 -2 2 h -8 a 2 2 0 0 1 -2 -2 v -14 a 2 2 0 0 1 2 -2 Z
GalleryThumbnails	M 5 3 h 14 a 2 2 0 0 1 2 2 v 10 a 2 2 0 0 1 -2 2 h -14 a 2 2 0 0 1 -2 -2 v -10 a 2 2 0 0 1 2 -2 Z M 4 21 h 1 M 9 21 h 1 M 14 21 h 1 M 19 21 h 1
GalleryVertical	M 3 2 h 18 M 5 6 h 14 a 2 2 0 0 1 2 2 v 8 a 2 2 0 0 1 -2 2 h -14 a 2 2 0 0 1 -2 -2 v -8 a 2 2 0 0 1 2 -2 Z M 3 22 h 18
GalleryVerticalEnd	M 7 2 h 10 M 5 6 h 14 M 5 10 h 14 a 2 2 0 0 1 2 2 v 8 a 2 2 0 0 1 -2 2 h -14 a 2 2 0 0 1 -2 -2 v -8 a 2 2 0 0 1 2 -2 Z
Gamepad	M 6 12 L 10 12 M 8 10 L 8 14 M 15 13 L 15.01 13 M 18 11 L 18.01 11 M 4 6 h 16 a 2 2 0 0 1 2 2 v 8 a 2 2 0 0 1 -2 2 h -16 a 2 2 0 0 1 -2 -2 v -8 a 2 2 0 0 1 2 -2 Z
Gamepad2	M 6 11 L 10 11 M 8 9 L 8 13 M 15 12 L 15.01 12 M 18 10 L 18.01 10 M 17.32 5 H 6.68 a 4 4 0 0 0 -3.978 3.59 c -.006 .052 -.01 .101 -.017 .152 C 2.604 9.416 2 14.456 2 16 a 3 3 0 0 0 3 3 c 1 0 1.5 -.5 2 -1 l 1.414 -1.414 A 2 2 0 0 1 9.828 16 h 4.344 a 2 2 0 0 1 1.414 .586 L 17 18 c .5 .5 1 1 2 1 a 3 3 0 0 0 3 -3 c 0 -1.545 -.604 -6.584 -.685 -7.258 -.007 -.05 -.011 -.1 -.017 -.151 A 4 4 0 0 0 17.32 5 z
GamepadDirectional	M 11.146 15.854 a 1.207 1.207 0 0 1 1.708 0 l 1.56 1.56 A 2 2 0 0 1 15 18.828 V 21 a 1 1 0 0 1 -1 1 h -4 a 1 1 0 0 1 -1 -1 v -2.172 a 2 2 0 0 1 .586 -1.414 z M 18.828 15 a 2 2 0 0 1 -1.414 -.586 l -1.56 -1.56 a 1.207 1.207 0 0 1 0 -1.708 l 1.56 -1.56 A 2 2 0 0 1 18.828 9 H 21 a 1 1 0 0 1 1 1 v 4 a 1 1 0 0 1 -1 1 z M 6.586 14.414 A 2 2 0 0 1 5.172 15 H 3 a 1 1 0 0 1 -1 -1 v -4 a 1 1 0 0 1 1 -1 h 2.172 a 2 2 0 0 1 1.414 .586 l 1.56 1.56 a 1.207 1.207 0 0 1 0 1.708 z M 9 3 a 1 1 0 0 1 1 -1 h 4 a 1 1 0 0 1 1 1 v 2.172 a 2 2 0 0 1 -.586 1.414 l -1.56 1.56 a 1.207 1.207 0 0 1 -1.708 0 l -1.56 -1.56 A 2 2 0 0 1 9 5.172 z
GapHorizontal	M 12 2 v 2 M 12 8 v 2 M 12 14 v 2 M 12 20 v 2 M 21 3 h -3 a 2 2 0 0 0 -2 2 v 14 a 2 2 0 0 0 2 2 h 3 M 3 3 h 3 a 2 2 0 0 1 2 2 v 14 a 2 2 0 0 1 -2 2 H 3
GapVertical	M 2 12 h 2 M 8 12 h 2 M 14 12 h 2 M 20 12 h 2 M 3 21 v -3 a 2 2 0 0 1 2 -2 h 14 a 2 2 0 0 1 2 2 v 3 M 3 3 v 3 a 2 2 0 0 0 2 2 h 14 a 2 2 0 0 0 2 -2 V 3
Gauge	M 12 14 l 4 -4 M 3.34 19 a 10 10 0 1 1 17.32 0
Gavel	M 14 13 l -8.381 8.38 a 1 1 0 0 1 -3.001 -3 l 8.384 -8.381 M 16 16 l 6 -6 M 21.5 10.5 l -8 -8 M 8 8 l 6 -6 M 8.5 7.5 l 8 8
Gem	M 10.5 3 8 9 l 4 13 4 -13 -2.5 -6 M 17 3 a 2 2 0 0 1 1.6 .8 l 3 4 a 2 2 0 0 1 .013 2.382 l -7.99 10.986 a 2 2 0 0 1 -3.247 0 l -7.99 -10.986 A 2 2 0 0 1 2.4 7.8 l 2.998 -3.997 A 2 2 0 0 1 7 3 z M 2 9 h 20
GeorgianLari	M 11.5 21 a 7.5 7.5 0 1 1 7.35 -9 M 13 12 V 3 M 4 21 h 16 M 9 12 V 3
Germ	M 11 2 l .925 1.848 M 13 15 h .01 M 16 21 l -1 -2.472 M 19 2 l -1 1.804 M 2 19 l 2.746 -1.373 M 22 16 l -2.474 -2.13 M 22 5 l -1.804 1 M 3 10 l 2 2 M 9 16 h .01 M 9 20 v 2 M 9.33 7.035 c -.51 1.478 -1.786 2.93 -3.09 3.794 A 5 5 0 0 0 9 20 a 12.1 12.1 0 0 0 11.902 -9.916 A 6 6 0 0 0 9.33 7.035 M 13 9 a 2 2 0 1 0 4 0 a 2 2 0 1 0 -4 0 Z
GermOff	M 11 2 l .925 1.848 M 13 15 h .01 M 13.424 7.768 a 2 2 0 1 1 2.808 2.808 M 16 21 l -1 -2.472 M 16.988 16.988 A 12 12 0 0 1 9 20 a 5 5 0 0 1 -2.759 -9.171 8.8 8.8 0 0 0 2.307 -2.28 M 19 2 l -1 1.804 M 2 19 l 2.746 -1.373 M 2 2 l 20 20 M 22 16 l -2.474 -2.13 a 12 12 0 0 0 1.376 -3.786 6 6 0 0 0 -10.313 -5.151 M 22 5 l -1.804 1 M 3 10 l 2 2 M 9 16 h .01 M 9 20 v 2
Ghost	M 15 10 v 1 M 7.528 20.472 a 1.6 1.6 0 0 1 2.277 0 l 1.057 1.056 a 1.6 1.6 0 0 0 2.276 0 l 1.057 -1.056 a 1.6 1.6 0 0 1 2.277 0 l 1.114 1.114 a 1.4 1.4 0 0 0 2.414 -1 V 10 a 8 8 0 0 0 -16 0 v 10.586 a 1.4 1.4 0 0 0 2.414 1 z M 9 10 v 1
Gift	M 12 7 v 14 M 20 11 v 8 a 2 2 0 0 1 -2 2 H 6 a 2 2 0 0 1 -2 -2 v -8 M 7.5 7 a 1 1 0 0 1 0 -5 A 4.8 8 0 0 1 12 7 a 4.8 8 0 0 1 4.5 -5 1 1 0 0 1 0 5 M 4 7 h 16 a 1 1 0 0 1 1 1 v 2 a 1 1 0 0 1 -1 1 h -16 a 1 1 0 0 1 -1 -1 v -2 a 1 1 0 0 1 1 -1 Z
GitBranch	M 15 6 a 9 9 0 0 0 -9 9 V 3 M 15 6 a 3 3 0 1 0 6 0 a 3 3 0 1 0 -6 0 Z M 3 18 a 3 3 0 1 0 6 0 a 3 3 0 1 0 -6 0 Z
GitBranchMinus	M 15 6 a 9 9 0 0 0 -9 9 V 3 M 21 18 h -6 M 15 6 a 3 3 0 1 0 6 0 a 3 3 0 1 0 -6 0 Z M 3 18 a 3 3 0 1 0 6 0 a 3 3 0 1 0 -6 0 Z
GitBranchPlus	M 6 3 v 12 M 18 9 a 3 3 0 1 0 0 -6 3 3 0 0 0 0 6 z M 6 21 a 3 3 0 1 0 0 -6 3 3 0 0 0 0 6 z M 15 6 a 9 9 0 0 0 -9 9 M 18 15 v 6 M 21 18 h -6
GitCommitHorizontal	M 9 12 a 3 3 0 1 0 6 0 a 3 3 0 1 0 -6 0 Z M 3 12 L 9 12 M 15 12 L 21 12
GitCommitVertical	M 12 3 v 6 M 9 12 a 3 3 0 1 0 6 0 a 3 3 0 1 0 -6 0 Z M 12 15 v 6
GitCompare	M 15 18 a 3 3 0 1 0 6 0 a 3 3 0 1 0 -6 0 Z M 3 6 a 3 3 0 1 0 6 0 a 3 3 0 1 0 -6 0 Z M 13 6 h 3 a 2 2 0 0 1 2 2 v 7 M 11 18 H 8 a 2 2 0 0 1 -2 -2 V 9
GitCompareArrows	M 2 6 a 3 3 0 1 0 6 0 a 3 3 0 1 0 -6 0 Z M 12 6 h 5 a 2 2 0 0 1 2 2 v 7 M 15 9 l -3 -3 3 -3 M 16 18 a 3 3 0 1 0 6 0 a 3 3 0 1 0 -6 0 Z M 12 18 H 7 a 2 2 0 0 1 -2 -2 V 9 M 9 15 l 3 3 -3 3
GitFork	M 9 18 a 3 3 0 1 0 6 0 a 3 3 0 1 0 -6 0 Z M 3 6 a 3 3 0 1 0 6 0 a 3 3 0 1 0 -6 0 Z M 15 6 a 3 3 0 1 0 6 0 a 3 3 0 1 0 -6 0 Z M 18 9 v 2 c 0 .6 -.4 1 -1 1 H 7 c -.6 0 -1 -.4 -1 -1 V 9 M 12 12 v 3
GitGraph	M 2 6 a 3 3 0 1 0 6 0 a 3 3 0 1 0 -6 0 Z M 5 9 v 6 M 2 18 a 3 3 0 1 0 6 0 a 3 3 0 1 0 -6 0 Z M 12 3 v 18 M 16 6 a 3 3 0 1 0 6 0 a 3 3 0 1 0 -6 0 Z M 16 15.7 A 9 9 0 0 0 19 9
GitMerge	M 15 18 a 3 3 0 1 0 6 0 a 3 3 0 1 0 -6 0 Z M 3 6 a 3 3 0 1 0 6 0 a 3 3 0 1 0 -6 0 Z M 6 21 V 9 a 9 9 0 0 0 9 9
GitMergeConflict	M 12 6 h 4 a 2 2 0 0 1 2 2 v 7 M 6 12 v 9 M 8.5 3.5 l -5 5 M 8.5 8.5 l -5 -5 M 15 18 a 3 3 0 1 0 6 0 a 3 3 0 1 0 -6 0 Z
GitPullRequest	M 15 18 a 3 3 0 1 0 6 0 a 3 3 0 1 0 -6 0 Z M 3 6 a 3 3 0 1 0 6 0 a 3 3 0 1 0 -6 0 Z M 13 6 h 3 a 2 2 0 0 1 2 2 v 7 M 6 9 L 6 21
GitPullRequestArrow	M 2 6 a 3 3 0 1 0 6 0 a 3 3 0 1 0 -6 0 Z M 5 9 v 12 M 16 18 a 3 3 0 1 0 6 0 a 3 3 0 1 0 -6 0 Z M 15 9 l -3 -3 3 -3 M 12 6 h 5 a 2 2 0 0 1 2 2 v 7
GitPullRequestClosed	M 15.5 3.5 l 5 5 M 15.5 8.5 l 5 -5 M 18 11.62 V 15 M 6 9 v 12 M 15 18 a 3 3 0 1 0 6 0 a 3 3 0 1 0 -6 0 Z M 3 6 a 3 3 0 1 0 6 0 a 3 3 0 1 0 -6 0 Z
GitPullRequestCreate	M 3 6 a 3 3 0 1 0 6 0 a 3 3 0 1 0 -6 0 Z M 6 9 v 12 M 13 6 h 3 a 2 2 0 0 1 2 2 v 3 M 18 15 v 6 M 21 18 h -6
GitPullRequestCreateArrow	M 2 6 a 3 3 0 1 0 6 0 a 3 3 0 1 0 -6 0 Z M 5 9 v 12 M 15 9 l -3 -3 3 -3 M 12 6 h 5 a 2 2 0 0 1 2 2 v 3 M 19 15 v 6 M 22 18 h -6
GitPullRequestDraft	M 15 18 a 3 3 0 1 0 6 0 a 3 3 0 1 0 -6 0 Z M 3 6 a 3 3 0 1 0 6 0 a 3 3 0 1 0 -6 0 Z M 18 6 V 5 M 18 11 v -1 M 6 9 L 6 21
GlassWater	M 5.116 4.104 A 1 1 0 0 1 6.11 3 h 11.78 a 1 1 0 0 1 .994 1.105 L 17.19 20.21 A 2 2 0 0 1 15.2 22 H 8.8 a 2 2 0 0 1 -2 -1.79 z M 6 12 a 5 5 0 0 1 6 0 5 5 0 0 0 6 0
Glasses	M 2 15 a 4 4 0 1 0 8 0 a 4 4 0 1 0 -8 0 Z M 14 15 a 4 4 0 1 0 8 0 a 4 4 0 1 0 -8 0 Z M 14 15 a 2 2 0 0 0 -2 -2 2 2 0 0 0 -2 2 M 2.5 13 5 7 c .7 -1.3 1.4 -2 3 -2 M 21.5 13 19 7 c -.7 -1.3 -1.5 -2 -3 -2
Globe	M 2 12 a 10 10 0 1 0 20 0 a 10 10 0 1 0 -20 0 Z M 12 2 a 14.5 14.5 0 0 0 0 20 14.5 14.5 0 0 0 0 -20 M 2 12 h 20
GlobeCheck	M 15 6 l 2 2 4 -4 M 2 12 h 20 A 10 10 0 1 1 12 2 a 14.5 14.5 0 0 0 0 20 14.5 14.5 0 0 0 4 -10
GlobeCode	M 15.5 10 13 7.5 15.5 5 M 15.861 14 A 14.5 14.5 0 0 1 12 22 a 14.48 14.48 0 0 1 0 -20 10 10 0 1 0 9.888 11.5 M 19.5 5 22 7.5 19.5 10 M 2 12 h 8.5
GlobeLock	M 15.686 15 A 14.5 14.5 0 0 1 12 22 a 14.5 14.5 0 0 1 0 -20 10 10 0 1 0 9.542 13 M 2 12 h 8.5 M 20 6 V 4 a 2 2 0 1 0 -4 0 v 2 M 15 6 h 6 a 1 1 0 0 1 1 1 v 3 a 1 1 0 0 1 -1 1 h -6 a 1 1 0 0 1 -1 -1 v -3 a 1 1 0 0 1 1 -1 Z
GlobeOff	M 10.114 4.462 A 14.5 14.5 0 0 1 12 2 a 10 10 0 0 1 9.313 13.643 M 15.557 15.556 A 14.5 14.5 0 0 1 12 22 10 10 0 0 1 4.929 4.929 M 15.892 10.234 A 14.5 14.5 0 0 0 12 2 a 10 10 0 0 0 -3.643 .687 M 17.656 12 H 22 M 19.071 19.071 A 10 10 0 0 1 12 22 14.5 14.5 0 0 1 8.44 8.45 M 2 12 h 10 M 2 2 l 20 20
GlobeX	M 16 3 l 5 5 M 2 12 h 20 A 10 10 0 1 1 12 2 a 14.5 14.5 0 0 0 0 20 14.5 14.5 0 0 0 4 -10 M 21 3 l -5 5
Goal	M 12 13 V 2 l 8 4 -8 4 M 20.561 10.222 a 9 9 0 1 1 -12.55 -5.29 M 8.002 9.997 a 5 5 0 1 0 8.9 2.02
Gpu	M 2 17 h 18 a 2 2 0 0 0 2 -2 V 7 a 2 2 0 0 0 -2 -2 H 2 M 2 21 V 3 M 7 17 v 3 a 1 1 0 0 0 1 1 h 5 a 1 1 0 0 0 1 -1 v -3 M 14 11 a 2 2 0 1 0 4 0 a 2 2 0 1 0 -4 0 Z M 6 11 a 2 2 0 1 0 4 0 a 2 2 0 1 0 -4 0 Z
GraduationCap	M 21.42 10.922 a 1 1 0 0 0 -.019 -1.838 L 12.83 5.18 a 2 2 0 0 0 -1.66 0 L 2.6 9.08 a 1 1 0 0 0 0 1.832 l 8.57 3.908 a 2 2 0 0 0 1.66 0 z M 22 10 v 6 M 6 12.5 V 16 a 6 3 0 0 0 12 0 v -3.5
Grape	M 22 5 V 2 l -5.89 5.89 M 13.6 15.89 a 3 3 0 1 0 6 0 a 3 3 0 1 0 -6 0 Z M 5.11 7.4 a 3 3 0 1 0 6 0 a 3 3 0 1 0 -6 0 Z M 9.35 11.65 a 3 3 0 1 0 6 0 a 3 3 0 1 0 -6 0 Z M 10.91 5.85 a 3 3 0 1 0 6 0 a 3 3 0 1 0 -6 0 Z M 15.15 10.09 a 3 3 0 1 0 6 0 a 3 3 0 1 0 -6 0 Z M 3.56 13.2 a 3 3 0 1 0 6 0 a 3 3 0 1 0 -6 0 Z M 7.8 17.44 a 3 3 0 1 0 6 0 a 3 3 0 1 0 -6 0 Z M 2 19 a 3 3 0 1 0 6 0 a 3 3 0 1 0 -6 0 Z
Grid2x2	M 12 3 v 18 M 3 12 h 18 M 5 3 h 14 a 2 2 0 0 1 2 2 v 14 a 2 2 0 0 1 -2 2 h -14 a 2 2 0 0 1 -2 -2 v -14 a 2 2 0 0 1 2 -2 Z
Grid2x2Check	M 12 3 v 17 a 1 1 0 0 1 -1 1 H 5 a 2 2 0 0 1 -2 -2 V 5 a 2 2 0 0 1 2 -2 h 14 a 2 2 0 0 1 2 2 v 6 a 1 1 0 0 1 -1 1 H 3 M 16 19 l 2 2 4 -4
Grid2x2Plus	M 12 3 v 17 a 1 1 0 0 1 -1 1 H 5 a 2 2 0 0 1 -2 -2 V 5 a 2 2 0 0 1 2 -2 h 14 a 2 2 0 0 1 2 2 v 6 a 1 1 0 0 1 -1 1 H 3 M 16 19 h 6 M 19 22 v -6
Grid2x2X	M 12 3 v 17 a 1 1 0 0 1 -1 1 H 5 a 2 2 0 0 1 -2 -2 V 5 a 2 2 0 0 1 2 -2 h 14 a 2 2 0 0 1 2 2 v 6 a 1 1 0 0 1 -1 1 H 3 M 16.5 16.5 l 5 5 M 16.5 21.5 l 5 -5
Grid3x2	M 15 3 v 18 M 3 12 h 18 M 9 3 v 18 M 5 3 h 14 a 2 2 0 0 1 2 2 v 14 a 2 2 0 0 1 -2 2 h -14 a 2 2 0 0 1 -2 -2 v -14 a 2 2 0 0 1 2 -2 Z
Grid3x3	M 5 3 h 14 a 2 2 0 0 1 2 2 v 14 a 2 2 0 0 1 -2 2 h -14 a 2 2 0 0 1 -2 -2 v -14 a 2 2 0 0 1 2 -2 Z M 3 9 h 18 M 3 15 h 18 M 9 3 v 18 M 15 3 v 18
Grip	M 11 5 a 1 1 0 1 0 2 0 a 1 1 0 1 0 -2 0 Z M 18 5 a 1 1 0 1 0 2 0 a 1 1 0 1 0 -2 0 Z M 4 5 a 1 1 0 1 0 2 0 a 1 1 0 1 0 -2 0 Z M 11 12 a 1 1 0 1 0 2 0 a 1 1 0 1 0 -2 0 Z M 18 12 a 1 1 0 1 0 2 0 a 1 1 0 1 0 -2 0 Z M 4 12 a 1 1 0 1 0 2 0 a 1 1 0 1 0 -2 0 Z M 11 19 a 1 1 0 1 0 2 0 a 1 1 0 1 0 -2 0 Z M 18 19 a 1 1 0 1 0 2 0 a 1 1 0 1 0 -2 0 Z M 4 19 a 1 1 0 1 0 2 0 a 1 1 0 1 0 -2 0 Z
GripHorizontal	M 11 9 a 1 1 0 1 0 2 0 a 1 1 0 1 0 -2 0 Z M 18 9 a 1 1 0 1 0 2 0 a 1 1 0 1 0 -2 0 Z M 4 9 a 1 1 0 1 0 2 0 a 1 1 0 1 0 -2 0 Z M 11 15 a 1 1 0 1 0 2 0 a 1 1 0 1 0 -2 0 Z M 18 15 a 1 1 0 1 0 2 0 a 1 1 0 1 0 -2 0 Z M 4 15 a 1 1 0 1 0 2 0 a 1 1 0 1 0 -2 0 Z
GripVertical	M 8 12 a 1 1 0 1 0 2 0 a 1 1 0 1 0 -2 0 Z M 8 5 a 1 1 0 1 0 2 0 a 1 1 0 1 0 -2 0 Z M 8 19 a 1 1 0 1 0 2 0 a 1 1 0 1 0 -2 0 Z M 14 12 a 1 1 0 1 0 2 0 a 1 1 0 1 0 -2 0 Z M 14 5 a 1 1 0 1 0 2 0 a 1 1 0 1 0 -2 0 Z M 14 19 a 1 1 0 1 0 2 0 a 1 1 0 1 0 -2 0 Z
Group	M 3 7 V 5 c 0 -1.1 .9 -2 2 -2 h 2 M 17 3 h 2 c 1.1 0 2 .9 2 2 v 2 M 21 17 v 2 c 0 1.1 -.9 2 -2 2 h -2 M 7 21 H 5 c -1.1 0 -2 -.9 -2 -2 v -2 M 8 7 h 5 a 1 1 0 0 1 1 1 v 3 a 1 1 0 0 1 -1 1 h -5 a 1 1 0 0 1 -1 -1 v -3 a 1 1 0 0 1 1 -1 Z M 11 12 h 5 a 1 1 0 0 1 1 1 v 3 a 1 1 0 0 1 -1 1 h -5 a 1 1 0 0 1 -1 -1 v -3 a 1 1 0 0 1 1 -1 Z
Guitar	M 11.9 12.1 l 4.514 -4.514 M 20.1 2.3 a 1 1 0 0 0 -1.4 0 l -1.114 1.114 A 2 2 0 0 0 17 4.828 v 1.344 a 2 2 0 0 1 -.586 1.414 A 2 2 0 0 1 17.828 7 h 1.344 a 2 2 0 0 0 1.414 -.586 L 21.7 5.3 a 1 1 0 0 0 0 -1.4 z M 6 16 l 2 2 M 8.23 9.85 A 3 3 0 0 1 11 8 a 5 5 0 0 1 5 5 3 3 0 0 1 -1.85 2.77 l -.92 .38 A 2 2 0 0 0 12 18 a 4 4 0 0 1 -4 4 6 6 0 0 1 -6 -6 4 4 0 0 1 4 -4 2 2 0 0 0 1.85 -1.23 z
Ham	M 13.144 21.144 A 7.274 10.445 45 1 0 2.856 10.856 M 13.144 21.144 A 7.274 4.365 45 0 0 2.856 10.856 a 7.274 4.365 45 0 0 10.288 10.288 M 16.565 10.435 18.6 8.4 a 2.501 2.501 0 1 0 1.65 -4.65 2.5 2.5 0 1 0 -4.66 1.66 l -2.024 2.025 M 8.5 16.5 l -1 -1
Hamburger	M 12 16 H 4 a 2 2 0 1 1 0 -4 h 16 a 2 2 0 1 1 0 4 h -4.25 M 5 12 a 2 2 0 0 1 -2 -2 9 7 0 0 1 18 0 2 2 0 0 1 -2 2 M 5 16 a 2 2 0 0 0 -2 2 3 3 0 0 0 3 3 h 12 a 3 3 0 0 0 3 -3 2 2 0 0 0 -2 -2 q 0 0 0 0 M 6.67 12 l 6.13 4.6 a 2 2 0 0 0 2.8 -.4 l 3.15 -4.2
Hammer	M 15 12 l -9.373 9.373 a 1 1 0 0 1 -3.001 -3 L 12 9 M 18 15 l 4 -4 M 21.5 11.5 l -1.914 -1.914 A 2 2 0 0 1 19 8.172 v -.344 a 2 2 0 0 0 -.586 -1.414 l -1.657 -1.657 A 6 6 0 0 0 12.516 3 H 9 l 1.243 1.243 A 6 6 0 0 1 12 8.485 V 10 l 2 2 h 1.172 a 2 2 0 0 1 1.414 .586 L 18.5 14.5
Hand	M 18 11 V 6 a 2 2 0 0 0 -2 -2 a 2 2 0 0 0 -2 2 M 14 10 V 4 a 2 2 0 0 0 -2 -2 a 2 2 0 0 0 -2 2 v 2 M 10 10.5 V 6 a 2 2 0 0 0 -2 -2 a 2 2 0 0 0 -2 2 v 8 M 18 8 a 2 2 0 1 1 4 0 v 6 a 8 8 0 0 1 -8 8 h -2 c -2.8 0 -4.5 -.86 -5.99 -2.34 l -3.6 -3.6 a 2 2 0 0 1 2.83 -2.82 L 7 15
HandCoins	M 11 15 h 2 a 2 2 0 1 0 0 -4 h -3 c -.6 0 -1.1 .2 -1.4 .6 L 3 17 M 7 21 l 1.6 -1.4 c .3 -.4 .8 -.6 1.4 -.6 h 4 c 1.1 0 2.1 -.4 2.8 -1.2 l 4.6 -4.4 a 2 2 0 0 0 -2.75 -2.91 l -4.2 3.9 M 2 16 l 6 6 M 13.1 9 a 2.9 2.9 0 1 0 5.8 0 a 2.9 2.9 0 1 0 -5.8 0 Z M 3 5 a 3 3 0 1 0 6 0 a 3 3 0 1 0 -6 0 Z
HandFist	M 12.035 17.012 a 3 3 0 0 0 -3 -3 l -.311 -.002 a .72 .72 0 0 1 -.505 -1.229 l 1.195 -1.195 A 2 2 0 0 1 10.828 11 H 12 a 2 2 0 0 0 0 -4 H 9.243 a 3 3 0 0 0 -2.122 .879 l -2.707 2.707 A 4.83 4.83 0 0 0 3 14 a 8 8 0 0 0 8 8 h 2 a 8 8 0 0 0 8 -8 V 7 a 2 2 0 1 0 -4 0 v 2 a 2 2 0 1 0 4 0 M 13.888 9.662 A 2 2 0 0 0 17 8 V 5 A 2 2 0 1 0 13 5 M 9 5 A 2 2 0 1 0 5 5 V 10 M 9 7 V 4 A 2 2 0 1 1 13 4 V 7.268
HandGrab	M 18 11.5 V 9 a 2 2 0 0 0 -2 -2 a 2 2 0 0 0 -2 2 v 1.4 M 14 10 V 8 a 2 2 0 0 0 -2 -2 a 2 2 0 0 0 -2 2 v 2 M 10 9.9 V 9 a 2 2 0 0 0 -2 -2 a 2 2 0 0 0 -2 2 v 5 M 6 14 a 2 2 0 0 0 -2 -2 a 2 2 0 0 0 -2 2 M 18 11 a 2 2 0 1 1 4 0 v 3 a 8 8 0 0 1 -8 8 h -4 a 8 8 0 0 1 -8 -8 2 2 0 1 1 4 0
HandHeart	M 11 14 h 2 a 2 2 0 0 0 0 -4 h -3 c -.6 0 -1.1 .2 -1.4 .6 L 3 16 M 14.45 13.39 l 5.05 -4.694 C 20.196 8 21 6.85 21 5.75 a 2.75 2.75 0 0 0 -4.797 -1.837 .276 .276 0 0 1 -.406 0 A 2.75 2.75 0 0 0 11 5.75 c 0 1.2 .802 2.248 1.5 2.946 L 16 11.95 M 2 15 l 6 6 M 7 20 l 1.6 -1.4 c .3 -.4 .8 -.6 1.4 -.6 h 4 c 1.1 0 2.1 -.4 2.8 -1.2 l 4.6 -4.4 a 1 1 0 0 0 -2.75 -2.91
HandHelping	M 11 12 h 2 a 2 2 0 1 0 0 -4 h -3 c -.6 0 -1.1 .2 -1.4 .6 L 3 14 M 7 18 l 1.6 -1.4 c .3 -.4 .8 -.6 1.4 -.6 h 4 c 1.1 0 2.1 -.4 2.8 -1.2 l 4.6 -4.4 a 2 2 0 0 0 -2.75 -2.91 l -4.2 3.9 M 2 13 l 6 6
HandMetal	M 18 12.5 V 10 a 2 2 0 0 0 -2 -2 a 2 2 0 0 0 -2 2 v 1.4 M 14 11 V 9 a 2 2 0 1 0 -4 0 v 2 M 10 10.5 V 5 a 2 2 0 1 0 -4 0 v 9 M 7 15 l -1.76 -1.76 a 2 2 0 0 0 -2.83 2.82 l 3.6 3.6 C 7.5 21.14 9.2 22 12 22 h 2 a 8 8 0 0 0 8 -8 V 7 a 2 2 0 1 0 -4 0 v 5
HandPlatter	M 12 3 V 2 M 15.4 17.4 l 3.2 -2.8 a 2 2 0 1 1 2.8 2.9 l -3.6 3.3 c -.7 .8 -1.7 1.2 -2.8 1.2 h -4 c -1.1 0 -2.1 -.4 -2.8 -1.2 l -1.302 -1.464 A 1 1 0 0 0 6.151 19 H 5 M 2 14 h 12 a 2 2 0 0 1 0 4 h -2 M 4 10 h 16 M 5 10 a 7 7 0 0 1 14 0 M 5 14 v 6 a 1 1 0 0 1 -1 1 H 2
Handbag	M 2.048 18.566 A 2 2 0 0 0 4 21 h 16 a 2 2 0 0 0 1.952 -2.434 l -2 -9 A 2 2 0 0 0 18 8 H 6 a 2 2 0 0 0 -1.952 1.566 z M 8 11 V 6 a 4 4 0 0 1 8 0 v 5
Handshake	M 11 17 l 2 2 a 1 1 0 1 0 3 -3 M 14 14 l 2.5 2.5 a 1 1 0 1 0 3 -3 l -3.88 -3.88 a 3 3 0 0 0 -4.24 0 l -.88 .88 a 1 1 0 1 1 -3 -3 l 2.81 -2.81 a 5.79 5.79 0 0 1 7.06 -.87 l .47 .28 a 2 2 0 0 0 1.42 .25 L 21 4 M 21 3 l 1 11 h -2 M 3 3 2 14 l 6.5 6.5 a 1 1 0 1 0 3 -3 M 3 4 h 8
HardDrive	M 10 16 h .01 M 2.212 11.577 a 2 2 0 0 0 -.212 .896 V 18 a 2 2 0 0 0 2 2 h 16 a 2 2 0 0 0 2 -2 v -5.527 a 2 2 0 0 0 -.212 -.896 L 18.55 5.11 A 2 2 0 0 0 16.76 4 H 7.24 a 2 2 0 0 0 -1.79 1.11 z M 21.946 12.013 H 2.054 M 6 16 h .01
HardDriveDownload	M 12 2 v 8 M 16 6 l -4 4 -4 -4 M 4 14 h 16 a 2 2 0 0 1 2 2 v 4 a 2 2 0 0 1 -2 2 h -16 a 2 2 0 0 1 -2 -2 v -4 a 2 2 0 0 1 2 -2 Z M 6 18 h .01 M 10 18 h .01
HardDriveUpload	M 16 6 l -4 -4 -4 4 M 12 2 v 8 M 4 14 h 16 a 2 2 0 0 1 2 2 v 4 a 2 2 0 0 1 -2 2 h -16 a 2 2 0 0 1 -2 -2 v -4 a 2 2 0 0 1 2 -2 Z M 6 18 h .01 M 10 18 h .01
HardHat	M 10 10 V 5 a 1 1 0 0 1 1 -1 h 2 a 1 1 0 0 1 1 1 v 5 M 14 6 a 6 6 0 0 1 6 6 v 3 M 4 15 v -3 a 6 6 0 0 1 6 -6 M 3 15 h 18 a 1 1 0 0 1 1 1 v 2 a 1 1 0 0 1 -1 1 h -18 a 1 1 0 0 1 -1 -1 v -2 a 1 1 0 0 1 1 -1 Z
Hash	M 4 9 L 20 9 M 4 15 L 20 15 M 10 3 L 8 21 M 16 3 L 14 21
HatGlasses	M 14 18 a 2 2 0 0 0 -4 0 M 19 11 l -2.11 -6.657 a 2 2 0 0 0 -2.752 -1.148 l -1.276 .61 A 2 2 0 0 1 12 4 H 8.5 a 2 2 0 0 0 -1.925 1.456 L 5 11 M 2 11 h 20 M 14 18 a 3 3 0 1 0 6 0 a 3 3 0 1 0 -6 0 Z M 4 18 a 3 3 0 1 0 6 0 a 3 3 0 1 0 -6 0 Z
Haze	M 5.2 6.2 l 1.4 1.4 M 2 13 h 2 M 20 13 h 2 M 17.4 7.6 l 1.4 -1.4 M 22 17 H 2 M 22 21 H 2 M 16 13 a 4 4 0 0 0 -8 0 M 12 5 V 2.5
Hd	M 10 12 H 6 M 10 15 V 9 M 14 14.5 a .5 .5 0 0 0 .5 .5 h 1 a 2.5 2.5 0 0 0 2.5 -2.5 v -1 A 2.5 2.5 0 0 0 15.5 9 h -1 a .5 .5 0 0 0 -.5 .5 z M 6 15 V 9 M 4 5 h 16 a 2 2 0 0 1 2 2 v 10 a 2 2 0 0 1 -2 2 h -16 a 2 2 0 0 1 -2 -2 v -10 a 2 2 0 0 1 2 -2 Z
HdmiPort	M 22 9 a 1 1 0 0 0 -1 -1 H 3 a 1 1 0 0 0 -1 1 v 4 a 1 1 0 0 0 1 1 h .5 a 2 2 0 0 1 1.6 .8 l .3 .4 A 2 2 0 0 0 7 16 h 10 a 2 2 0 0 0 1.6 -.8 l .3 -.4 a 2 2 0 0 1 1.6 -.8 h .5 a 1 1 0 0 0 1 -1 z M 8 12 h 8
Heading	M 6 12 h 12 M 6 20 V 4 M 18 20 V 4
Heading1	M 4 12 h 8 M 4 18 V 6 M 12 18 V 6 M 17 12 l 3 -2 v 8
Heading2	M 4 12 h 8 M 4 18 V 6 M 12 18 V 6 M 21 18 h -4 c 0 -4 4 -3 4 -6 0 -1.5 -2 -2.5 -4 -1
Heading3	M 4 12 h 8 M 4 18 V 6 M 12 18 V 6 M 17.5 10.5 c 1.7 -1 3.5 0 3.5 1.5 a 2 2 0 0 1 -2 2 M 17 17.5 c 2 1.5 4 .3 4 -1.5 a 2 2 0 0 0 -2 -2
Heading4	M 12 18 V 6 M 17 10 v 3 a 1 1 0 0 0 1 1 h 3 M 21 10 v 8 M 4 12 h 8 M 4 18 V 6
Heading5	M 4 12 h 8 M 4 18 V 6 M 12 18 V 6 M 17 13 v -3 h 4 M 17 17.7 c .4 .2 .8 .3 1.3 .3 1.5 0 2.7 -1.1 2.7 -2.5 S 19.8 13 18.3 13 H 17
Heading6	M 4 12 h 8 M 4 18 V 6 M 12 18 V 6 M 17 16 a 2 2 0 1 0 4 0 a 2 2 0 1 0 -4 0 Z M 20 10 c -2 2 -3 3.5 -3 6
HeadphoneOff	M 21 14 h -1.343 M 9.128 3.47 A 9 9 0 0 1 21 12 v 3.343 M 2 2 l 20 20 M 20.414 20.414 A 2 2 0 0 1 19 21 h -1 a 2 2 0 0 1 -2 -2 v -3 M 3 14 h 3 a 2 2 0 0 1 2 2 v 3 a 2 2 0 0 1 -2 2 H 5 a 2 2 0 0 1 -2 -2 v -7 a 9 9 0 0 1 2.636 -6.364
Headphones	M 3 14 h 3 a 2 2 0 0 1 2 2 v 3 a 2 2 0 0 1 -2 2 H 5 a 2 2 0 0 1 -2 -2 v -7 a 9 9 0 0 1 18 0 v 7 a 2 2 0 0 1 -2 2 h -1 a 2 2 0 0 1 -2 -2 v -3 a 2 2 0 0 1 2 -2 h 3
Headset	M 3 11 h 3 a 2 2 0 0 1 2 2 v 3 a 2 2 0 0 1 -2 2 H 5 a 2 2 0 0 1 -2 -2 v -5 Z m 0 0 a 9 9 0 1 1 18 0 m 0 0 v 5 a 2 2 0 0 1 -2 2 h -1 a 2 2 0 0 1 -2 -2 v -3 a 2 2 0 0 1 2 -2 h 3 Z M 21 16 v 2 a 4 4 0 0 1 -4 4 h -5
Heart	M 2 9.5 a 5.5 5.5 0 0 1 9.591 -3.676 .56 .56 0 0 0 .818 0 A 5.49 5.49 0 0 1 22 9.5 c 0 2.29 -1.5 4 -3 5.5 l -5.492 5.313 a 2 2 0 0 1 -3 .019 L 5 15 c -1.5 -1.5 -3 -3.2 -3 -5.5
HeartCrack	M 12.409 5.824 c -.702 .792 -1.15 1.496 -1.415 2.166 l 2.153 2.156 a .5 .5 0 0 1 0 .707 l -2.293 2.293 a .5 .5 0 0 0 0 .707 L 12 15 M 13.508 20.313 a 2 2 0 0 1 -3 .019 L 5 15 c -1.5 -1.5 -3 -3.2 -3 -5.5 a 5.5 5.5 0 0 1 9.591 -3.677 .6 .6 0 0 0 .818 .001 A 5.5 5.5 0 0 1 22 9.5 c 0 2.29 -1.5 4 -3 5.5 z
HeartHandshake	M 19.414 14.414 C 21 12.828 22 11.5 22 9.5 a 5.5 5.5 0 0 0 -9.591 -3.676 .6 .6 0 0 1 -.818 .001 A 5.5 5.5 0 0 0 2 9.5 c 0 2.3 1.5 4 3 5.5 l 5.535 5.362 a 2 2 0 0 0 2.879 .052 2.12 2.12 0 0 0 -.004 -3 2.124 2.124 0 1 0 3 -3 2.124 2.124 0 0 0 3.004 0 2 2 0 0 0 0 -2.828 l -1.881 -1.882 a 2.41 2.41 0 0 0 -3.409 0 l -1.71 1.71 a 2 2 0 0 1 -2.828 0 2 2 0 0 1 0 -2.828 l 2.823 -2.762
HeartMinus	M 14.876 18.99 l -1.368 1.323 a 2 2 0 0 1 -3 .019 L 5 15 c -1.5 -1.5 -3 -3.2 -3 -5.5 a 5.5 5.5 0 0 1 9.591 -3.676 .56 .56 0 0 0 .818 0 A 5.49 5.49 0 0 1 22 9.5 a 5.2 5.2 0 0 1 -.244 1.572 M 15 15 h 6
HeartOff	M 10.5 4.893 a 5.5 5.5 0 0 1 1.091 .931 .56 .56 0 0 0 .818 0 A 5.49 5.49 0 0 1 22 9.5 c 0 1.872 -1.002 3.356 -2.187 4.655 M 16.967 16.967 l -3.459 3.346 a 2 2 0 0 1 -3 .019 L 5 15 c -1.5 -1.5 -3 -3.2 -3 -5.5 a 5.5 5.5 0 0 1 2.747 -4.761 M 2 2 l 20 20
HeartPlus	M 14.479 19.374 l -.971 .939 a 2 2 0 0 1 -3 .019 L 5 15 c -1.5 -1.5 -3 -3.2 -3 -5.5 a 5.5 5.5 0 0 1 9.591 -3.676 .56 .56 0 0 0 .818 0 A 5.49 5.49 0 0 1 22 9.5 a 5.2 5.2 0 0 1 -.219 1.49 M 15 15 h 6 M 18 12 v 6
HeartPulse	M 2 9.5 a 5.5 5.5 0 0 1 9.591 -3.676 .56 .56 0 0 0 .818 0 A 5.49 5.49 0 0 1 22 9.5 c 0 2.29 -1.5 4 -3 5.5 l -5.492 5.313 a 2 2 0 0 1 -3 .019 L 5 15 c -1.5 -1.5 -3 -3.2 -3 -5.5 M 3.22 13 H 9.5 l .5 -1 2 4.5 2 -7 1.5 3.5 h 5.27
HeartX	M 15.5 12.5 l 5 5 M 20.5 12.5 l -5 5 M 21.955 8.774 a 5.5 5.5 0 0 0 -9.546 -2.95 .6 .6 0 0 1 -.818 0 A 5.5 5.5 0 0 0 2 9.5 c 0 2.3 1.5 4 3 5.5 l 5.508 5.332 a 2 2 0 0 0 2.57 .352
Heater	M 11 8 c 2 -3 -2 -3 0 -6 M 15.5 8 c 2 -3 -2 -3 0 -6 M 6 10 h .01 M 6 14 h .01 M 10 16 v -4 M 14 16 v -4 M 18 16 v -4 M 20 6 a 2 2 0 0 1 2 2 v 10 a 2 2 0 0 1 -2 2 H 4 a 2 2 0 0 1 -2 -2 V 8 a 2 2 0 0 1 2 -2 h 3 M 5 20 v 2 M 19 20 v 2
Helicopter	M 11 17 v 4 M 14 3 v 8 a 2 2 0 0 0 2 2 h 5.865 M 17 17 v 4 M 18 17 a 4 4 0 0 0 4 -4 8 6 0 0 0 -8 -6 6 5 0 0 0 -6 5 v 3 a 2 2 0 0 0 2 2 z M 2 10 v 5 M 6 3 h 16 M 7 21 h 14 M 8 13 H 2
Hexagon	M 21 16 V 8 a 2 2 0 0 0 -1 -1.73 l -7 -4 a 2 2 0 0 0 -2 0 l -7 4 A 2 2 0 0 0 3 8 v 8 a 2 2 0 0 0 1 1.73 l 7 4 a 2 2 0 0 0 2 0 l 7 -4 A 2 2 0 0 0 21 16 z
Highlighter	M 9 11 l -6 6 v 3 h 9 l 3 -3 M 22 12 l -4.6 4.6 a 2 2 0 0 1 -2.8 0 l -5.2 -5.2 a 2 2 0 0 1 0 -2.8 L 14 4
Hop	M 10.82 16.12 c 1.69 .6 3.91 .79 5.18 .85 .55 .03 1 -.42 .97 -.97 -.06 -1.27 -.26 -3.5 -.85 -5.18 M 11.5 6.5 c 1.64 0 5 -.38 6.71 -1.07 .52 -.2 .55 -.82 .12 -1.17 A 10 10 0 0 0 4.26 18.33 c .35 .43 .96 .4 1.17 -.12 .69 -1.71 1.07 -5.07 1.07 -6.71 1.34 .45 3.1 .9 4.88 .62 a .88 .88 0 0 0 .73 -.74 c .3 -2.14 -.15 -3.5 -.61 -4.88 M 15.62 16.95 c .2 .85 .62 2.76 .5 4.28 a .77 .77 0 0 1 -.9 .7 16.64 16.64 0 0 1 -4.08 -1.36 M 16.13 21.05 c 1.65 .63 3.68 .84 4.87 .91 a .9 .9 0 0 0 .96 -.96 17.68 17.68 0 0 0 -.9 -4.87 M 16.94 15.62 c .86 .2 2.77 .62 4.29 .5 a .77 .77 0 0 0 .7 -.9 16.64 16.64 0 0 0 -1.36 -4.08 M 17.99 5.52 a 20.82 20.82 0 0 1 3.15 4.5 .8 .8 0 0 1 -.68 1.13 c -2.33 .2 -5.3 -.32 -8.27 -1.57 M 4.93 4.93 3 3 a .7 .7 0 0 1 0 -1 M 9.58 12.18 c 1.24 2.98 1.77 5.95 1.57 8.28 a .8 .8 0 0 1 -1.13 .68 20.82 20.82 0 0 1 -4.5 -3.15
HopOff	M 10.82 16.12 c 1.69 .6 3.91 .79 5.18 .85 .28 .01 .53 -.09 .7 -.27 M 11.14 20.57 c .52 .24 2.44 1.12 4.08 1.37 .46 .06 .86 -.25 .9 -.71 .12 -1.52 -.3 -3.43 -.5 -4.28 M 16.13 21.05 c 1.65 .63 3.68 .84 4.87 .91 a .9 .9 0 0 0 .7 -.26 M 17.99 5.52 a 20.83 20.83 0 0 1 3.15 4.5 .8 .8 0 0 1 -.68 1.13 c -1.17 .1 -2.5 .02 -3.9 -.25 M 20.57 11.14 c .24 .52 1.12 2.44 1.37 4.08 .04 .3 -.08 .59 -.31 .75 M 4.93 4.93 a 10 10 0 0 0 -.67 13.4 c .35 .43 .96 .4 1.17 -.12 .69 -1.71 1.07 -5.07 1.07 -6.71 1.34 .45 3.1 .9 4.88 .62 a .85 .85 0 0 0 .48 -.24 M 5.52 17.99 c 1.05 .95 2.91 2.42 4.5 3.15 a .8 .8 0 0 0 1.13 -.68 c .2 -2.34 -.33 -5.3 -1.57 -8.28 M 8.35 2.68 a 10 10 0 0 1 9.98 1.58 c .43 .35 .4 .96 -.12 1.17 -1.5 .6 -4.3 .98 -6.07 1.05 M 2 2 l 20 20
Hospital	M 12 7 v 4 M 14 21 v -3 a 2 2 0 0 0 -4 0 v 3 M 14 9 h -4 M 18 11 h 2 a 2 2 0 0 1 2 2 v 6 a 2 2 0 0 1 -2 2 H 4 a 2 2 0 0 1 -2 -2 v -9 a 2 2 0 0 1 2 -2 h 2 M 18 21 V 5 a 2 2 0 0 0 -2 -2 H 8 a 2 2 0 0 0 -2 2 v 16
Hotel	M 10 22 v -6.57 M 12 11 h .01 M 12 7 h .01 M 14 15.43 V 22 M 15 16 a 5 5 0 0 0 -6 0 M 16 11 h .01 M 16 7 h .01 M 8 11 h .01 M 8 7 h .01 M 6 2 h 12 a 2 2 0 0 1 2 2 v 16 a 2 2 0 0 1 -2 2 h -12 a 2 2 0 0 1 -2 -2 v -16 a 2 2 0 0 1 2 -2 Z
Hourglass	M 5 22 h 14 M 5 2 h 14 M 17 22 v -4.172 a 2 2 0 0 0 -.586 -1.414 L 12 12 l -4.414 4.414 A 2 2 0 0 0 7 17.828 V 22 M 7 2 v 4.172 a 2 2 0 0 0 .586 1.414 L 12 12 l 4.414 -4.414 A 2 2 0 0 0 17 6.172 V 2
HourglassCog	M 14.305 19.53 l .923 -.382 M 15.228 16.852 l -.923 -.383 M 16.852 15.228 l -.383 -.923 M 16.852 20.772 l -.383 .924 M 17 2 v 4.172 a 2 2 0 0 1 -.586 1.414 l -8.828 8.828 A 2 2 0 0 0 7 17.828 V 22 M 19.148 15.228 l .383 -.923 M 19.53 21.696 l -.382 -.924 M 20.772 16.852 l .924 -.383 M 20.772 19.148 l .924 .383 M 5 22 h 6.159 M 5 2 h 14 M 7 2 v 4.172 a 2 2 0 0 0 .586 1.414 l 5.188 5.188 M 15 18 a 3 3 0 1 0 6 0 a 3 3 0 1 0 -6 0 Z
House	M 15 21 v -8 a 1 1 0 0 0 -1 -1 h -4 a 1 1 0 0 0 -1 1 v 8 M 3 10 a 2 2 0 0 1 .709 -1.528 l 7 -6 a 2 2 0 0 1 2.582 0 l 7 6 A 2 2 0 0 1 21 10 v 9 a 2 2 0 0 1 -2 2 H 5 a 2 2 0 0 1 -2 -2 z
HouseHeart	M 8.62 13.8 A 2.25 2.25 0 1 1 12 10.836 a 2.25 2.25 0 1 1 3.38 2.966 l -2.626 2.856 a .998 .998 0 0 1 -1.507 0 z M 3 10 a 2 2 0 0 1 .709 -1.528 l 7 -6 a 2 2 0 0 1 2.582 0 l 7 6 A 2 2 0 0 1 21 10 v 9 a 2 2 0 0 1 -2 2 H 5 a 2 2 0 0 1 -2 -2 z
HousePlug	M 10 12 V 8.964 M 14 12 V 8.964 M 15 12 a 1 1 0 0 1 1 1 v 2 a 2 2 0 0 1 -2 2 h -4 a 2 2 0 0 1 -2 -2 v -2 a 1 1 0 0 1 1 -1 z M 8.5 21 H 5 a 2 2 0 0 1 -2 -2 v -9 a 2 2 0 0 1 .709 -1.528 l 7 -6 a 2 2 0 0 1 2.582 0 l 7 6 A 2 2 0 0 1 21 10 v 9 a 2 2 0 0 1 -2 2 h -5 a 2 2 0 0 1 -2 -2 v -2
HousePlus	M 12.35 21 H 5 a 2 2 0 0 1 -2 -2 v -9 a 2 2 0 0 1 .71 -1.53 l 7 -6 a 2 2 0 0 1 2.58 0 l 7 6 A 2 2 0 0 1 21 10 v 2.35 M 14.8 12.4 A 1 1 0 0 0 14 12 h -4 a 1 1 0 0 0 -1 1 v 8 M 15 18 h 6 M 18 15 v 6
HouseWifi	M 9.5 13.866 a 4 4 0 0 1 5 .01 M 12 17 h .01 M 3 10 a 2 2 0 0 1 .709 -1.528 l 7 -6 a 2 2 0 0 1 2.582 0 l 7 6 A 2 2 0 0 1 21 10 v 9 a 2 2 0 0 1 -2 2 H 5 a 2 2 0 0 1 -2 -2 z M 7 10.754 a 8 8 0 0 1 10 0
Houses	M 12.681 4.24 l .834 -.715 a 1.45 1.45 0 0 1 1.88 0 l 5.09 4.364 A 1.45 1.45 0 0 1 21 9 v 6.546 a 1.45 1.45 0 0 1 -1 1.381 M 15.485 11.889 A 1.45 1.45 0 0 1 16 13 v 6.546 A 1.454 1.454 0 0 1 14.546 21 H 4.364 a 1.454 1.454 0 0 1 -1.454 -1.454 V 13 a 1.45 1.45 0 0 1 .515 -1.111 l 5.09 -4.364 a 1.45 1.45 0 0 1 1.88 0 z M 7.41 20.546 v -4 a 1 1 0 0 1 1 -1 h 2 a 1 1 0 0 1 1 1 v 4
IceCreamBowl	M 12 17 c 5 0 8 -2.69 8 -6 H 4 c 0 3.31 3 6 8 6 m -4 4 h 8 m -4 -3 v 3 M 5.14 11 a 3.5 3.5 0 1 1 6.71 0 M 12.14 11 a 3.5 3.5 0 1 1 6.71 0 M 15.5 6.5 a 3.5 3.5 0 1 0 -7 0
IceCreamCone	M 7 11 l 4.08 10.35 a 1 1 0 0 0 1.84 0 L 17 11 M 17 7 A 5 5 0 0 0 7 7 M 17 7 a 2 2 0 0 1 0 4 H 7 a 2 2 0 0 1 0 -4
IdCard	M 13 19 a 4 4 0 0 0 -8 0 M 16 10 h 2 M 16 14 h 2 M 6 12 a 3 3 0 1 0 6 0 a 3 3 0 1 0 -6 0 Z M 4 5 h 16 a 2 2 0 0 1 2 2 v 10 a 2 2 0 0 1 -2 2 h -16 a 2 2 0 0 1 -2 -2 v -10 a 2 2 0 0 1 2 -2 Z
IdCardLanyard	M 13.5 8 h -3 M 15 2 l -1 2 h 3 a 2 2 0 0 1 2 2 v 14 a 2 2 0 0 1 -2 2 H 7 a 2 2 0 0 1 -2 -2 V 6 a 2 2 0 0 1 2 -2 h 3 M 16 22 a 4 4 0 0 0 -8 0 M 9 2 l 3 6 M 9 15 a 3 3 0 1 0 6 0 a 3 3 0 1 0 -6 0 Z
Image	M 5 3 h 14 a 2 2 0 0 1 2 2 v 14 a 2 2 0 0 1 -2 2 h -14 a 2 2 0 0 1 -2 -2 v -14 a 2 2 0 0 1 2 -2 Z M 7 9 a 2 2 0 1 0 4 0 a 2 2 0 1 0 -4 0 Z M 21 15 l -3.086 -3.086 a 2 2 0 0 0 -2.828 0 L 6 21
ImageDown	M 10.3 21 H 5 a 2 2 0 0 1 -2 -2 V 5 a 2 2 0 0 1 2 -2 h 14 a 2 2 0 0 1 2 2 v 10 l -3.1 -3.1 a 2 2 0 0 0 -2.814 .014 L 6 21 M 14 19 l 3 3 v -5.5 M 17 22 l 3 -3 M 7 9 a 2 2 0 1 0 4 0 a 2 2 0 1 0 -4 0 Z
ImageMinus	M 21 9 v 10 a 2 2 0 0 1 -2 2 H 5 a 2 2 0 0 1 -2 -2 V 5 a 2 2 0 0 1 2 -2 h 7 M 16 5 L 22 5 M 7 9 a 2 2 0 1 0 4 0 a 2 2 0 1 0 -4 0 Z M 21 15 l -3.086 -3.086 a 2 2 0 0 0 -2.828 0 L 6 21
ImageOff	M 2 2 L 22 22 M 10.41 10.41 a 2 2 0 1 1 -2.83 -2.83 M 13.5 13.5 L 6 21 M 18 12 L 21 15 M 3.59 3.59 A 1.99 1.99 0 0 0 3 5 v 14 a 2 2 0 0 0 2 2 h 14 c .55 0 1.052 -.22 1.41 -.59 M 21 15 V 5 a 2 2 0 0 0 -2 -2 H 9
ImagePlay	M 15 15.003 a 1 1 0 0 1 1.517 -.859 l 4.997 2.997 a 1 1 0 0 1 0 1.718 l -4.997 2.997 a 1 1 0 0 1 -1.517 -.86 z M 21 12.17 V 5 a 2 2 0 0 0 -2 -2 H 5 a 2 2 0 0 0 -2 2 v 14 a 2 2 0 0 0 2 2 h 6 M 6 21 l 5 -5 M 7 9 a 2 2 0 1 0 4 0 a 2 2 0 1 0 -4 0 Z
ImagePlus	M 16 5 h 6 M 19 2 v 6 M 21 11.5 V 19 a 2 2 0 0 1 -2 2 H 5 a 2 2 0 0 1 -2 -2 V 5 a 2 2 0 0 1 2 -2 h 7.5 M 21 15 l -3.086 -3.086 a 2 2 0 0 0 -2.828 0 L 6 21 M 7 9 a 2 2 0 1 0 4 0 a 2 2 0 1 0 -4 0 Z
ImageUp	M 10.3 21 H 5 a 2 2 0 0 1 -2 -2 V 5 a 2 2 0 0 1 2 -2 h 14 a 2 2 0 0 1 2 2 v 10 l -3.1 -3.1 a 2 2 0 0 0 -2.814 .014 L 6 21 M 14 19.5 l 3 -3 3 3 M 17 22 v -5.5 M 7 9 a 2 2 0 1 0 4 0 a 2 2 0 1 0 -4 0 Z
ImageUpscale	M 16 3 h 5 v 5 M 17 21 h 2 a 2 2 0 0 0 2 -2 M 21 12 v 3 M 21 3 l -5 5 M 3 7 V 5 a 2 2 0 0 1 2 -2 M 5 21 l 4.144 -4.144 a 1.21 1.21 0 0 1 1.712 0 L 13 19 M 9 3 h 3 M 4 11 h 8 a 1 1 0 0 1 1 1 v 8 a 1 1 0 0 1 -1 1 h -8 a 1 1 0 0 1 -1 -1 v -8 a 1 1 0 0 1 1 -1 Z
Images	M 22 11 l -1.296 -1.296 a 2.4 2.4 0 0 0 -3.408 0 L 11 16 M 4 8 a 2 2 0 0 0 -2 2 v 10 a 2 2 0 0 0 2 2 h 10 a 2 2 0 0 0 2 -2 M 10 2 h 10 a 2 2 0 0 1 2 2 v 10 a 2 2 0 0 1 -2 2 h -10 a 2 2 0 0 1 -2 -2 v -10 a 2 2 0 0 1 2 -2 Z	M 12 7 a 1 1 0 1 0 2 0 a 1 1 0 1 0 -2 0 Z
Import	M 12 3 v 12 M 8 11 l 4 4 4 -4 M 8 5 H 4 a 2 2 0 0 0 -2 2 v 10 a 2 2 0 0 0 2 2 h 16 a 2 2 0 0 0 2 -2 V 7 a 2 2 0 0 0 -2 -2 h -4
Inbox	M 22 12 L 16 12 L 14 15 L 10 15 L 8 12 L 2 12 M 5.45 5.11 2 12 v 6 a 2 2 0 0 0 2 2 h 16 a 2 2 0 0 0 2 -2 v -6 l -3.45 -6.89 A 2 2 0 0 0 16.76 4 H 7.24 a 2 2 0 0 0 -1.79 1.11 z
IndianRupee	M 6 3 h 12 M 6 8 h 12 M 6 13 l 8.5 8 M 6 13 h 3 M 9 13 c 6.667 0 6.667 -10 0 -10
Infinity	M 6 16 c 5 0 7 -8 12 -8 a 4 4 0 0 1 0 8 c -5 0 -7 -8 -12 -8 a 4 4 0 1 0 0 8
Info	M 2 12 a 10 10 0 1 0 20 0 a 10 10 0 1 0 -20 0 Z M 12 16 v -4 M 12 8 h .01
InspectionPanel	M 5 3 h 14 a 2 2 0 0 1 2 2 v 14 a 2 2 0 0 1 -2 2 h -14 a 2 2 0 0 1 -2 -2 v -14 a 2 2 0 0 1 2 -2 Z M 7 7 h .01 M 17 7 h .01 M 7 17 h .01 M 17 17 h .01
Italic	M 19 4 L 10 4 M 14 20 L 5 20 M 15 4 L 9 20
IterationCcw	M 16 14 l 4 4 -4 4 M 20 10 a 8 8 0 1 0 -8 8 h 8
IterationCw	M 4 10 a 8 8 0 1 1 8 8 H 4 M 8 22 l -4 -4 4 -4
IvBag	M 12 18 v 2 a 2 2 0 0 0 2 2 h 6 M 6 11 c .72 .5 1.44 1 3 1 3 0 3 -2 6 -2 1.56 0 2.28 .5 3 1 M 9.293 3 c .453 0 .887 -.18 1.207 -.5 s .754 -.5 1.207 -.5 h .586 c .453 0 .887 .18 1.207 .5 s .754 .5 1.207 .5 H 16 a 2 2 0 0 1 2 2 v 11 a 2 2 0 0 1 -2 2 H 8 a 2 2 0 0 1 -2 -2 V 5 a 2 2 0 0 1 2 -2 z
JapaneseYen	M 12 9.5 V 21 m 0 -11.5 L 6 3 m 6 6.5 L 18 3 M 6 15 h 12 M 6 11 h 12
Joystick	M 21 17 a 2 2 0 0 0 -2 -2 H 5 a 2 2 0 0 0 -2 2 v 2 a 2 2 0 0 0 2 2 h 14 a 2 2 0 0 0 2 -2 v -2 Z M 6 15 v -2 M 12 15 V 9 M 9 6 a 3 3 0 1 0 6 0 a 3 3 0 1 0 -6 0 Z
Kanban	M 5 3 v 14 M 12 3 v 8 M 19 3 v 18
Kayak	M 18 17 a 1 1 0 0 0 -1 1 v 1 a 2 2 0 1 0 2 -2 z M 20.97 3.61 a .45 .45 0 0 0 -.58 -.58 C 10.2 6.6 6.6 10.2 3.03 20.39 a .45 .45 0 0 0 .58 .58 C 13.8 17.4 17.4 13.8 20.97 3.61 M 6.707 6.707 l 10.586 10.586 M 7 5 a 2 2 0 1 0 -2 2 h 1 a 1 1 0 0 0 1 -1 z
Key	M 2 21 l 9.6 -9.6 M 7.5 15.5 l 2.3 2.3 a 1 1 0 0 1 0 1.4 l -2.1 2.1 a 1 1 0 0 1 -1.4 0 L 4 19 M 10 7.5 a 5.5 5.5 0 1 0 11 0 a 5.5 5.5 0 1 0 -11 0 Z
KeyRound	M 2.586 17.414 A 2 2 0 0 0 2 18.828 V 21 a 1 1 0 0 0 1 1 h 3 a 1 1 0 0 0 1 -1 v -1 a 1 1 0 0 1 1 -1 h 1 a 1 1 0 0 0 1 -1 v -1 a 1 1 0 0 1 1 -1 h .172 a 2 2 0 0 0 1.414 -.586 l .814 -.814 a 6.5 6.5 0 1 0 -4 -4 z	M 16 7.5 a 0.5 0.5 0 1 0 1 0 a 0.5 0.5 0 1 0 -1 0 Z
KeySquare	M 12.4 2.7 a 2.5 2.5 0 0 1 3.4 0 l 5.5 5.5 a 2.5 2.5 0 0 1 0 3.4 l -3.7 3.7 a 2.5 2.5 0 0 1 -3.4 0 L 8.7 9.8 a 2.5 2.5 0 0 1 0 -3.4 z M 14 7 l 3 3 M 9.4 10.6 l -6.814 6.814 A 2 2 0 0 0 2 18.828 V 21 a 1 1 0 0 0 1 1 h 3 a 1 1 0 0 0 1 -1 v -1 a 1 1 0 0 1 1 -1 h 1 a 1 1 0 0 0 1 -1 v -1 a 1 1 0 0 1 1 -1 h .172 a 2 2 0 0 0 1.414 -.586 l .814 -.814
Keyboard	M 10 8 h .01 M 12 12 h .01 M 14 8 h .01 M 16 12 h .01 M 18 8 h .01 M 6 8 h .01 M 7 16 h 10 M 8 12 h .01 M 4 4 h 16 a 2 2 0 0 1 2 2 v 12 a 2 2 0 0 1 -2 2 h -16 a 2 2 0 0 1 -2 -2 v -12 a 2 2 0 0 1 2 -2 Z
KeyboardMusic	M 4 4 h 16 a 2 2 0 0 1 2 2 v 12 a 2 2 0 0 1 -2 2 h -16 a 2 2 0 0 1 -2 -2 v -12 a 2 2 0 0 1 2 -2 Z M 6 8 h 4 M 14 8 h .01 M 18 8 h .01 M 2 12 h 20 M 6 12 v 4 M 10 12 v 4 M 14 12 v 4 M 18 12 v 4
KeyboardOff	M 20 4 A 2 2 0 0 1 22 6 M 22 6 L 22 16.41 M 7 16 L 16 16 M 9.69 4 L 20 4 M 14 8 h .01 M 18 8 h .01 M 2 2 l 20 20 M 20 20 H 4 a 2 2 0 0 1 -2 -2 V 6 a 2 2 0 0 1 2 -2 M 6 8 h .01 M 8 12 h .01
Lamp	M 12 12 v 6 M 4.077 10.615 A 1 1 0 0 0 5 12 h 14 a 1 1 0 0 0 .923 -1.385 l -3.077 -7.384 A 2 2 0 0 0 15 2 H 9 a 2 2 0 0 0 -1.846 1.23 Z M 8 20 a 2 2 0 0 1 2 -2 h 4 a 2 2 0 0 1 2 2 v 1 a 1 1 0 0 1 -1 1 H 9 a 1 1 0 0 1 -1 -1 z
LampCeiling	M 12 2 v 5 M 14.829 15.998 a 3 3 0 1 1 -5.658 0 M 20.92 14.606 A 1 1 0 0 1 20 16 H 4 a 1 1 0 0 1 -.92 -1.394 l 3 -7 A 1 1 0 0 1 7 7 h 10 a 1 1 0 0 1 .92 .606 z
LampDesk	M 10.293 2.293 a 1 1 0 0 1 1.414 0 l 2.5 2.5 5.994 1.227 a 1 1 0 0 1 .506 1.687 l -7 7 a 1 1 0 0 1 -1.687 -.506 l -1.227 -5.994 -2.5 -2.5 a 1 1 0 0 1 0 -1.414 z M 14.207 4.793 l -3.414 3.414 M 3 20 a 2 2 0 0 1 2 -2 h 4 a 2 2 0 0 1 2 2 v 1 a 1 1 0 0 1 -1 1 H 4 a 1 1 0 0 1 -1 -1 z M 9.086 6.5 l -4.793 4.793 a 1 1 0 0 0 -.18 1.17 L 7 18
LampFloor	M 12 10 v 12 M 17.929 7.629 A 1 1 0 0 1 17 9 H 7 a 1 1 0 0 1 -.928 -1.371 l 2 -5 A 1 1 0 0 1 9 2 h 6 a 1 1 0 0 1 .928 .629 z M 9 22 h 6
LampWallDown	M 19.929 18.629 A 1 1 0 0 1 19 20 H 9 a 1 1 0 0 1 -.928 -1.371 l 2 -5 A 1 1 0 0 1 11 13 h 6 a 1 1 0 0 1 .928 .629 z M 6 3 a 2 2 0 0 1 2 2 v 2 a 2 2 0 0 1 -2 2 H 5 a 1 1 0 0 1 -1 -1 V 4 a 1 1 0 0 1 1 -1 z M 8 6 h 4 a 2 2 0 0 1 2 2 v 5
LampWallUp	M 19.929 9.629 A 1 1 0 0 1 19 11 H 9 a 1 1 0 0 1 -.928 -1.371 l 2 -5 A 1 1 0 0 1 11 4 h 6 a 1 1 0 0 1 .928 .629 z M 6 15 a 2 2 0 0 1 2 2 v 2 a 2 2 0 0 1 -2 2 H 5 a 1 1 0 0 1 -1 -1 v -4 a 1 1 0 0 1 1 -1 z M 8 18 h 4 a 2 2 0 0 0 2 -2 v -5
LandPlot	M 12 8 l 6 -3 -6 -3 v 10 M 8 11.99 l -5.5 3.14 a 1 1 0 0 0 0 1.74 l 8.5 4.86 a 2 2 0 0 0 2 0 l 8.5 -4.86 a 1 1 0 0 0 0 -1.74 L 16 12 M 6.49 12.85 l 11.02 6.3 M 17.51 12.85 6.5 19.15
Landmark	M 10 18 v -7 M 11.119 2.205 a 2 2 0 0 1 1.762 0 l 7.84 3.846 A .5 .5 0 0 1 20.5 7 h -17 a .5 .5 0 0 1 -.22 -.949 z M 14 18 v -7 M 18 18 v -7 M 3 22 h 18 M 6 18 v -7
Languages	M 5 8 l 6 6 M 4 14 l 6 -6 2 -3 M 2 5 h 12 M 7 2 h 1 M 22 22 l -5 -10 -5 10 M 14 18 h 6
Laptop	M 18 5 a 2 2 0 0 1 2 2 v 8.526 a 2 2 0 0 0 .212 .897 l 1.068 2.127 a 1 1 0 0 1 -.9 1.45 H 3.62 a 1 1 0 0 1 -.9 -1.45 l 1.068 -2.127 A 2 2 0 0 0 4 15.526 V 7 a 2 2 0 0 1 2 -2 z M 20.054 15.987 H 3.946
LaptopMinimal	M 5 4 h 14 a 2 2 0 0 1 2 2 v 8 a 2 2 0 0 1 -2 2 h -14 a 2 2 0 0 1 -2 -2 v -8 a 2 2 0 0 1 2 -2 Z M 2 20 L 22 20
LaptopMinimalCheck	M 2 20 h 20 M 9 10 l 2 2 4 -4 M 5 4 h 14 a 2 2 0 0 1 2 2 v 8 a 2 2 0 0 1 -2 2 h -14 a 2 2 0 0 1 -2 -2 v -8 a 2 2 0 0 1 2 -2 Z
Lasso	M 3.704 14.467 a 10 8 0 1 1 3.115 2.375 M 7 22 a 5 5 0 0 1 -2 -3.994 M 3 16 a 2 2 0 1 0 4 0 a 2 2 0 1 0 -4 0 Z
LassoSelect	M 7 22 a 5 5 0 0 1 -2 -4 M 7 16.93 c .96 .43 1.96 .74 2.99 .91 M 3.34 14 A 6.8 6.8 0 0 1 2 10 c 0 -4.42 4.48 -8 10 -8 s 10 3.58 10 8 a 7.19 7.19 0 0 1 -.33 2 M 5 18 a 2 2 0 1 0 0 -4 2 2 0 0 0 0 4 z M 14.33 22 h -.09 a .35 .35 0 0 1 -.24 -.32 v -10 a .34 .34 0 0 1 .33 -.34 c .08 0 .15 .03 .21 .08 l 7.34 6 a .33 .33 0 0 1 -.21 .59 h -4.49 l -2.57 3.85 a .35 .35 0 0 1 -.28 .14 z
LayerArrowDown	M 12 10 v 10 M 22 10 a 1 1 0 0 1 -.59 .92 l -5.077 2.308 M 22.017 10.005 a 1 1 0 0 0 -.597 -.916 l -8.59 -3.91 a 2 2 0 0 0 -1.66 .001 L 2.6 9.08 a 1 1 0 0 0 -.02 1.831 l 5.093 2.316 M 9 17 l 3 3 3 -3
LayerArrowUp	M 12 14 V 4 M 7.674 10.774 2.58 13.09 a 1 1 0 0 0 0 1.822 l 8.6 3.91 a 2 2 0 0 0 1.65 0 l 8.58 -3.9 a 1 1 0 0 0 .59 -.92 1 1 0 0 0 -.59 -.922 l -5.078 -2.308 M 9 7 l 3 -3 3 3
Layers	M 12.83 2.18 a 2 2 0 0 0 -1.66 0 L 2.6 6.08 a 1 1 0 0 0 0 1.83 l 8.58 3.91 a 2 2 0 0 0 1.66 0 l 8.58 -3.9 a 1 1 0 0 0 0 -1.83 z M 2 12 a 1 1 0 0 0 .58 .91 l 8.6 3.91 a 2 2 0 0 0 1.65 0 l 8.58 -3.9 A 1 1 0 0 0 22 12 M 2 17 a 1 1 0 0 0 .58 .91 l 8.6 3.91 a 2 2 0 0 0 1.65 0 l 8.58 -3.9 A 1 1 0 0 0 22 17
Layers2	M 13 13.74 a 2 2 0 0 1 -2 0 L 2.5 8.87 a 1 1 0 0 1 0 -1.74 L 11 2.26 a 2 2 0 0 1 2 0 l 8.5 4.87 a 1 1 0 0 1 0 1.74 z M 20 14.285 l 1.5 .845 a 1 1 0 0 1 0 1.74 L 13 21.74 a 2 2 0 0 1 -2 0 l -8.5 -4.87 a 1 1 0 0 1 0 -1.74 l 1.5 -.845
LayersArrowDown	M 12 7 v 15 M 2 12 a 1 1 0 0 0 .58 .91 l 5.093 2.316 M 22 12 a 1 1 0 0 1 -.59 .92 l -5.077 2.308 M 8 10.37 2.6 7.91 a 1 1 0 0 1 0 -1.831 l 8.57 -3.9 a 2 2 0 0 1 1.66 .001 l 8.59 3.91 a 1 1 0 0 1 0 1.831 l -5.392 2.45 M 9 19 l 3 3 3 -3
LayersArrowUp	M 12 12 V 2 M 2 17.002 a 1 1 0 0 0 .58 .91 l 8.6 3.91 a 2 2 0 0 0 1.65 0 l 8.58 -3.9 a 1 1 0 0 0 .59 -.92 M 7.674 8.774 2.58 11.09 a 1 1 0 0 0 0 1.822 l 8.6 3.91 a 2 2 0 0 0 1.65 0 l 8.58 -3.9 a 1 1 0 0 0 .59 -.92 1 1 0 0 0 -.59 -.922 l -5.078 -2.308 M 9 5 l 3 -3 3 3
LayersMinus	M 12.83 2.18 a 2 2 0 0 0 -1.66 0 L 2.6 6.08 a 1 1 0 0 0 0 1.83 l 8.58 3.91 a 2 2 0 0 0 .83 .18 2 2 0 0 0 .83 -.18 l 8.58 -3.9 a 1 1 0 0 0 0 -1.832 z M 16 17 h 6 M 2.003 11.995 a 1 1 0 0 0 .597 .915 l 8.58 3.91 a 2 2 0 0 0 .83 .18 M 2.003 16.995 a 1 1 0 0 0 .597 .915 l 8.58 3.91 a 2 2 0 0 0 .83 .18 2 2 0 0 0 .83 -.18 l 2.11 -.96 M 22.018 12.004 a 1 1 0 0 1 -.598 .916 l -.177 .08
LayersPlus	M 12.83 2.18 a 2 2 0 0 0 -1.66 0 L 2.6 6.08 a 1 1 0 0 0 0 1.83 l 8.58 3.91 a 2 2 0 0 0 .83 .18 2 2 0 0 0 .83 -.18 l 8.58 -3.9 a 1 1 0 0 0 0 -1.831 z M 16 17 h 6 M 19 14 v 6 M 2 12 a 1 1 0 0 0 .58 .91 l 8.6 3.91 a 2 2 0 0 0 .825 .178 M 2 17 a 1 1 0 0 0 .58 .91 l 8.6 3.91 a 2 2 0 0 0 1.65 0 l 2.116 -.962
LayoutArrowDown	M 4 3 h 5 a 1 1 0 0 1 1 1 v 5 a 1 1 0 0 1 -1 1 h -5 a 1 1 0 0 1 -1 -1 v -5 a 1 1 0 0 1 1 -1 Z M 4 14 h 5 a 1 1 0 0 1 1 1 v 5 a 1 1 0 0 1 -1 1 h -5 a 1 1 0 0 1 -1 -1 v -5 a 1 1 0 0 1 1 -1 Z M 18 3 v 18 M 21 18 l -3 3 -3 -3
LayoutArrowRight	M 4 3 h 5 a 1 1 0 0 1 1 1 v 5 a 1 1 0 0 1 -1 1 h -5 a 1 1 0 0 1 -1 -1 v -5 a 1 1 0 0 1 1 -1 Z M 15 3 h 5 a 1 1 0 0 1 1 1 v 5 a 1 1 0 0 1 -1 1 h -5 a 1 1 0 0 1 -1 -1 v -5 a 1 1 0 0 1 1 -1 Z M 3 18 h 18 M 18 21 l 3 -3 -3 -3
LayoutDashboard	M 4 3 h 5 a 1 1 0 0 1 1 1 v 7 a 1 1 0 0 1 -1 1 h -5 a 1 1 0 0 1 -1 -1 v -7 a 1 1 0 0 1 1 -1 Z M 15 3 h 5 a 1 1 0 0 1 1 1 v 3 a 1 1 0 0 1 -1 1 h -5 a 1 1 0 0 1 -1 -1 v -3 a 1 1 0 0 1 1 -1 Z M 15 12 h 5 a 1 1 0 0 1 1 1 v 7 a 1 1 0 0 1 -1 1 h -5 a 1 1 0 0 1 -1 -1 v -7 a 1 1 0 0 1 1 -1 Z M 4 16 h 5 a 1 1 0 0 1 1 1 v 3 a 1 1 0 0 1 -1 1 h -5 a 1 1 0 0 1 -1 -1 v -3 a 1 1 0 0 1 1 -1 Z
LayoutFreeform	M 4 3 h 5 a 1 1 0 0 1 1 1 v 5 a 1 1 0 0 1 -1 1 h -5 a 1 1 0 0 1 -1 -1 v -5 a 1 1 0 0 1 1 -1 Z M 15 4 h 5 a 1 1 0 0 1 1 1 v 5 a 1 1 0 0 1 -1 1 h -5 a 1 1 0 0 1 -1 -1 v -5 a 1 1 0 0 1 1 -1 Z M 5 14 h 5 a 1 1 0 0 1 1 1 v 5 a 1 1 0 0 1 -1 1 h -5 a 1 1 0 0 1 -1 -1 v -5 a 1 1 0 0 1 1 -1 Z
LayoutGrid	M 4 3 h 5 a 1 1 0 0 1 1 1 v 5 a 1 1 0 0 1 -1 1 h -5 a 1 1 0 0 1 -1 -1 v -5 a 1 1 0 0 1 1 -1 Z M 15 3 h 5 a 1 1 0 0 1 1 1 v 5 a 1 1 0 0 1 -1 1 h -5 a 1 1 0 0 1 -1 -1 v -5 a 1 1 0 0 1 1 -1 Z M 15 14 h 5 a 1 1 0 0 1 1 1 v 5 a 1 1 0 0 1 -1 1 h -5 a 1 1 0 0 1 -1 -1 v -5 a 1 1 0 0 1 1 -1 Z M 4 14 h 5 a 1 1 0 0 1 1 1 v 5 a 1 1 0 0 1 -1 1 h -5 a 1 1 0 0 1 -1 -1 v -5 a 1 1 0 0 1 1 -1 Z
LayoutList	M 4 3 h 5 a 1 1 0 0 1 1 1 v 5 a 1 1 0 0 1 -1 1 h -5 a 1 1 0 0 1 -1 -1 v -5 a 1 1 0 0 1 1 -1 Z M 4 14 h 5 a 1 1 0 0 1 1 1 v 5 a 1 1 0 0 1 -1 1 h -5 a 1 1 0 0 1 -1 -1 v -5 a 1 1 0 0 1 1 -1 Z M 14 4 h 7 M 14 9 h 7 M 14 15 h 7 M 14 20 h 7
LayoutPanelLeft	M 4 3 h 5 a 1 1 0 0 1 1 1 v 16 a 1 1 0 0 1 -1 1 h -5 a 1 1 0 0 1 -1 -1 v -16 a 1 1 0 0 1 1 -1 Z M 15 3 h 5 a 1 1 0 0 1 1 1 v 5 a 1 1 0 0 1 -1 1 h -5 a 1 1 0 0 1 -1 -1 v -5 a 1 1 0 0 1 1 -1 Z M 15 14 h 5 a 1 1 0 0 1 1 1 v 5 a 1 1 0 0 1 -1 1 h -5 a 1 1 0 0 1 -1 -1 v -5 a 1 1 0 0 1 1 -1 Z
LayoutPanelTop	M 4 3 h 16 a 1 1 0 0 1 1 1 v 5 a 1 1 0 0 1 -1 1 h -16 a 1 1 0 0 1 -1 -1 v -5 a 1 1 0 0 1 1 -1 Z M 4 14 h 5 a 1 1 0 0 1 1 1 v 5 a 1 1 0 0 1 -1 1 h -5 a 1 1 0 0 1 -1 -1 v -5 a 1 1 0 0 1 1 -1 Z M 15 14 h 5 a 1 1 0 0 1 1 1 v 5 a 1 1 0 0 1 -1 1 h -5 a 1 1 0 0 1 -1 -1 v -5 a 1 1 0 0 1 1 -1 Z
LayoutTemplate	M 4 3 h 16 a 1 1 0 0 1 1 1 v 5 a 1 1 0 0 1 -1 1 h -16 a 1 1 0 0 1 -1 -1 v -5 a 1 1 0 0 1 1 -1 Z M 4 14 h 7 a 1 1 0 0 1 1 1 v 5 a 1 1 0 0 1 -1 1 h -7 a 1 1 0 0 1 -1 -1 v -5 a 1 1 0 0 1 1 -1 Z M 17 14 h 3 a 1 1 0 0 1 1 1 v 5 a 1 1 0 0 1 -1 1 h -3 a 1 1 0 0 1 -1 -1 v -5 a 1 1 0 0 1 1 -1 Z
Leaf	M 11 20 a 10 10 0 0 0 10 -10 25.9 25.9 0 0 0 -1.04 -7.281 1 1 0 0 0 -1.755 -.325 C 15.833 5.5 13 5.5 9.8 6.1 A 7 7 0 0 0 11 20 M 2 21 a 5 5 0 0 1 2.911 -4.544 C 7.613 15.212 8.351 15.24 11 13
LeafyGreen	M 2 22 c 1.25 -.987 2.27 -1.975 3.9 -2.2 a 5.56 5.56 0 0 1 3.8 1.5 4 4 0 0 0 6.187 -2.353 3.5 3.5 0 0 0 3.69 -5.116 A 3.5 3.5 0 0 0 20.95 8 3.5 3.5 0 1 0 16 3.05 a 3.5 3.5 0 0 0 -5.831 1.373 3.5 3.5 0 0 0 -5.116 3.69 4 4 0 0 0 -2.348 6.155 C 3.499 15.42 4.409 16.712 4.2 18.1 3.926 19.743 3.014 20.732 2 22 M 2 22 17 7
Lectern	M 15 13 h 4 a 2 2 0 0 0 1.901 -1.38 l 1.057 -4.333 A 1 1 0 0 0 21 6 H 3 a 1 1 0 0 0 -.958 1.287 L 3.1 11.621 A 2 2 0 0 0 5.001 13 h 4 M 15 22 V 11 a 1 1 0 0 0 -1 -1 h -4 a 1 1 0 0 0 -1 1 v 11 M 18 22 H 6 M 18 6 V 3 a 1 1 0 0 0 -1 -1 h -3
LensConcave	M 7 2 a 1 1 0 0 0 -.8 1.6 14 14 0 0 1 0 16.8 A 1 1 0 0 0 7 22 h 10 a 1 1 0 0 0 .8 -1.6 14 14 0 0 1 0 -16.8 A 1 1 0 0 0 17 2 z
LensConvex	M 13.433 2 a 1 1 0 0 1 .824 .448 18 18 0 0 1 0 19.104 1 1 0 0 1 -.824 .448 h -2.866 a 1 1 0 0 1 -.824 -.448 18 18 0 0 1 0 -19.104 A 1 1 0 0 1 10.567 2 z
Library	M 16 6 l 4 14 M 12 6 v 14 M 8 8 v 12 M 4 4 v 16
LibraryBig	M 4 3 h 6 a 1 1 0 0 1 1 1 v 16 a 1 1 0 0 1 -1 1 h -6 a 1 1 0 0 1 -1 -1 v -16 a 1 1 0 0 1 1 -1 Z M 7 3 v 18 M 20.4 18.9 c .2 .5 -.1 1.1 -.6 1.3 l -1.9 .7 c -.5 .2 -1.1 -.1 -1.3 -.6 L 11.1 5.1 c -.2 -.5 .1 -1.1 .6 -1.3 l 1.9 -.7 c .5 -.2 1.1 .1 1.3 .6 Z
LifeBuoy	M 2 12 a 10 10 0 1 0 20 0 a 10 10 0 1 0 -20 0 Z M 4.93 4.93 l 4.24 4.24 M 14.83 9.17 l 4.24 -4.24 M 14.83 14.83 l 4.24 4.24 M 9.17 14.83 l -4.24 4.24 M 8 12 a 4 4 0 1 0 8 0 a 4 4 0 1 0 -8 0 Z
Ligature	M 14 12 h 2 v 8 M 14 20 h 4 M 6 12 h 4 M 6 20 h 4 M 8 20 V 8 a 4 4 0 0 1 7.464 -2
Lightbulb	M 15 14 c .2 -1 .7 -1.7 1.5 -2.5 1 -.9 1.5 -2.2 1.5 -3.5 A 6 6 0 0 0 6 8 c 0 1 .2 2.2 1.5 3.5 .7 .7 1.3 1.5 1.5 2.5 M 9 18 h 6 M 10 22 h 4
LightbulbOff	M 16.8 11.2 c .8 -.9 1.2 -2 1.2 -3.2 a 6 6 0 0 0 -9.3 -5 M 2 2 l 20 20 M 6.3 6.3 a 4.67 4.67 0 0 0 1.2 5.2 c .7 .7 1.3 1.5 1.5 2.5 M 9 18 h 6 M 10 22 h 4
Lighthouse	M 12 3 V 2 M 16.066 16.865 7 22 l 2 -11 V 6 a 3 3 0 0 1 6 0 v 5 l 2 11 M 19.792 4.5 l .866 -.5 M 19.797 13.5 l .866 .5 M 21 9 h 1 M 3 9 H 2 M 4.203 13.5 l -.866 .5 M 4.208 4.5 3.342 4 M 5.5 22 h 13 M 7.932 16.875 l 7.377 -4.178 M 8 11 h 8 M 8 7 h 8
LineDotRightHorizontal	M 3 12 L 15 12 M 15 12 a 3 3 0 1 0 6 0 a 3 3 0 1 0 -6 0 Z
LineSquiggle	M 7 3.5 c 5 -2 7 2.5 3 4 C 1.5 10 2 15 5 16 c 5 2 9 -10 14 -7 s .5 13.5 -4 12 c -5 -2.5 .5 -11 6 -2
LineStyle	M 11 5 h 2 M 15 12 h 6 M 19 5 h 2 M 3 12 h 6 M 3 19 h 18 M 3 5 h 2
Link	M 10 13 a 5 5 0 0 0 7.54 .54 l 3 -3 a 5 5 0 0 0 -7.07 -7.07 l -1.72 1.71 M 14 11 a 5 5 0 0 0 -7.54 -.54 l -3 3 a 5 5 0 0 0 7.07 7.07 l 1.71 -1.71
Link2	M 9 17 H 7 A 5 5 0 0 1 7 7 h 2 M 15 7 h 2 a 5 5 0 1 1 0 10 h -2 M 8 12 L 16 12
Link2Off	M 9 17 H 7 A 5 5 0 0 1 7 7 M 15 7 h 2 a 5 5 0 0 1 4 8 M 8 12 L 12 12 M 2 2 L 22 22
List	M 3 5 h .01 M 3 12 h .01 M 3 19 h .01 M 8 5 h 13 M 8 12 h 13 M 8 19 h 13
ListCheck	M 16 5 H 3 M 16 12 H 3 M 11 19 H 3 M 15 18 l 2 2 4 -4
ListChecks	M 13 5 h 8 M 13 12 h 8 M 13 19 h 8 M 3 17 l 2 2 4 -4 M 3 7 l 2 2 4 -4
ListChevronsDownUp	M 3 5 h 8 M 3 12 h 8 M 3 19 h 8 M 15 5 l 3 3 3 -3 M 15 19 l 3 -3 3 3
ListChevronsUpDown	M 3 5 h 8 M 3 12 h 8 M 3 19 h 8 M 15 8 l 3 -3 3 3 M 15 16 l 3 3 3 -3
ListClock	M 16 13 v 2.2 l 1.6 1 M 3 12 h 3.458 M 3 19 h 3.832 M 3 5 h 18 M 10 15 a 6 6 0 1 0 12 0 a 6 6 0 1 0 -12 0 Z
ListCollapse	M 10 5 h 11 M 10 12 h 11 M 10 19 h 11 M 3 10 l 3 -3 -3 -3 M 3 20 l 3 -3 -3 -3
ListEnd	M 16 5 H 3 M 16 12 H 3 M 9 19 H 3 M 16 16 l -3 3 3 3 M 21 5 v 12 a 2 2 0 0 1 -2 2 h -6
ListFilter	M 2 5 h 20 M 6 12 h 12 M 9 19 h 6
ListFilterPlus	M 12 5 H 2 M 6 12 h 12 M 9 19 h 6 M 16 5 h 6 M 19 8 V 2
ListIndentDecrease	M 21 5 H 11 M 21 12 H 11 M 21 19 H 11 M 7 8 l -4 4 4 4
ListIndentIncrease	M 21 5 H 11 M 21 12 H 11 M 21 19 H 11 M 3 8 l 4 4 -4 4
ListMinus	M 16 5 H 3 M 11 12 H 3 M 16 19 H 3 M 21 12 h -6
ListMusic	M 16 5 H 3 M 11 12 H 3 M 11 19 H 3 M 21 16 V 5 M 15 16 a 3 3 0 1 0 6 0 a 3 3 0 1 0 -6 0 Z
ListOrdered	M 11 5 h 10 M 11 12 h 10 M 11 19 h 10 M 4 4 h 1 v 5 M 4 9 h 2 M 6.5 20 H 3.4 c 0 -1 2.6 -1.925 2.6 -3.5 a 1.5 1.5 0 0 0 -2.6 -1.02
ListPlus	M 16 5 H 3 M 11 12 H 3 M 16 19 H 3 M 18 9 v 6 M 21 12 h -6
ListRestart	M 21 5 H 3 M 7 12 H 3 M 7 19 H 3 M 12 18 a 5 5 0 0 0 9 -3 4.5 4.5 0 0 0 -4.5 -4.5 c -1.33 0 -2.54 .54 -3.41 1.41 L 11 14 M 11 10 v 4 h 4
ListSortAscending	M 3 19 h 18 M 15 12 H 3 M 9 5 H 3
ListSortDescending	M 15 12 H 3 M 3 5 h 18 M 9 19 H 3
ListStart	M 3 5 h 6 M 3 12 h 13 M 3 19 h 13 M 16 8 l -3 -3 3 -3 M 21 19 V 7 a 2 2 0 0 0 -2 -2 h -6
ListTodo	M 13 5 h 8 M 13 12 h 8 M 13 19 h 8 M 3 17 l 2 2 4 -4 M 4 4 h 4 a 1 1 0 0 1 1 1 v 4 a 1 1 0 0 1 -1 1 h -4 a 1 1 0 0 1 -1 -1 v -4 a 1 1 0 0 1 1 -1 Z
ListTree	M 8 5 h 13 M 13 12 h 8 M 13 19 h 8 M 3 10 a 2 2 0 0 0 2 2 h 3 M 3 5 v 12 a 2 2 0 0 0 2 2 h 3
ListVideo	M 21 5 H 3 M 10 12 H 3 M 10 19 H 3 M 15 12.003 a 1 1 0 0 1 1.517 -.859 l 4.997 2.997 a 1 1 0 0 1 0 1.718 l -4.997 2.997 a 1 1 0 0 1 -1.517 -.86 z
ListX	M 16 5 H 3 M 11 12 H 3 M 16 19 H 3 M 15.5 9.5 l 5 5 M 20.5 9.5 l -5 5
Loader	M 12 2 v 4 M 16.2 7.8 l 2.9 -2.9 M 18 12 h 4 M 16.2 16.2 l 2.9 2.9 M 12 18 v 4 M 4.9 19.1 l 2.9 -2.9 M 2 12 h 4 M 4.9 4.9 l 2.9 2.9
LoaderCircle	M 21 12 a 9 9 0 1 1 -6.219 -8.56
LoaderPinwheel	M 22 12 a 1 1 0 0 1 -10 0 1 1 0 0 0 -10 0 M 7 20.7 a 1 1 0 1 1 5 -8.7 1 1 0 1 0 5 -8.6 M 7 3.3 a 1 1 0 1 1 5 8.6 1 1 0 1 0 5 8.6 M 2 12 a 10 10 0 1 0 20 0 a 10 10 0 1 0 -20 0 Z
Locate	M 2 12 L 5 12 M 19 12 L 22 12 M 12 2 L 12 5 M 12 19 L 12 22 M 5 12 a 7 7 0 1 0 14 0 a 7 7 0 1 0 -14 0 Z
LocateFixed	M 2 12 L 5 12 M 19 12 L 22 12 M 12 2 L 12 5 M 12 19 L 12 22 M 5 12 a 7 7 0 1 0 14 0 a 7 7 0 1 0 -14 0 Z M 9 12 a 3 3 0 1 0 6 0 a 3 3 0 1 0 -6 0 Z
LocateOff	M 12 19 v 3 M 12 2 v 3 M 18.89 13.24 a 7 7 0 0 0 -8.13 -8.13 M 19 12 h 3 M 2 12 h 3 M 2 2 l 20 20 M 7.05 7.05 a 7 7 0 0 0 9.9 9.9
Lock	M 5 11 h 14 a 2 2 0 0 1 2 2 v 7 a 2 2 0 0 1 -2 2 h -14 a 2 2 0 0 1 -2 -2 v -7 a 2 2 0 0 1 2 -2 Z M 7 11 V 7 a 5 5 0 0 1 10 0 v 4
LockKeyhole	M 11 16 a 1 1 0 1 0 2 0 a 1 1 0 1 0 -2 0 Z M 5 10 h 14 a 2 2 0 0 1 2 2 v 8 a 2 2 0 0 1 -2 2 h -14 a 2 2 0 0 1 -2 -2 v -8 a 2 2 0 0 1 2 -2 Z M 7 10 V 7 a 5 5 0 0 1 10 0 v 3
LockKeyholeOpen	M 11 16 a 1 1 0 1 0 2 0 a 1 1 0 1 0 -2 0 Z M 5 10 h 14 a 2 2 0 0 1 2 2 v 8 a 2 2 0 0 1 -2 2 h -14 a 2 2 0 0 1 -2 -2 v -8 a 2 2 0 0 1 2 -2 Z M 7 10 V 7 a 5 5 0 0 1 9.33 -2.5
LockOpen	M 5 11 h 14 a 2 2 0 0 1 2 2 v 7 a 2 2 0 0 1 -2 2 h -14 a 2 2 0 0 1 -2 -2 v -7 a 2 2 0 0 1 2 -2 Z M 7 11 V 7 a 5 5 0 0 1 9.9 -1
LogIn	M 10 17 l 5 -5 -5 -5 M 15 12 H 3 M 15 3 h 4 a 2 2 0 0 1 2 2 v 14 a 2 2 0 0 1 -2 2 h -4
LogOut	M 16 17 l 5 -5 -5 -5 M 21 12 H 9 M 9 21 H 5 a 2 2 0 0 1 -2 -2 V 5 a 2 2 0 0 1 2 -2 h 4
Logs	M 3 5 h 1 M 3 12 h 1 M 3 19 h 1 M 8 5 h 1 M 8 12 h 1 M 8 19 h 1 M 13 5 h 8 M 13 12 h 8 M 13 19 h 8
Lollipop	M 3 11 a 8 8 0 1 0 16 0 a 8 8 0 1 0 -16 0 Z M 21 21 l -4.3 -4.3 M 11 11 a 2 2 0 0 0 4 0 4 4 0 0 0 -8 0 6 6 0 0 0 12 0
Luggage	M 6 20 a 2 2 0 0 1 -2 -2 V 8 a 2 2 0 0 1 2 -2 h 12 a 2 2 0 0 1 2 2 v 10 a 2 2 0 0 1 -2 2 M 8 18 V 4 a 2 2 0 0 1 2 -2 h 4 a 2 2 0 0 1 2 2 v 14 M 10 20 h 4 M 14 20 a 2 2 0 1 0 4 0 a 2 2 0 1 0 -4 0 Z M 6 20 a 2 2 0 1 0 4 0 a 2 2 0 1 0 -4 0 Z
Magnet	M 12 15 l 4 4 M 2.352 10.648 a 1.205 1.205 0 0 0 0 1.704 l 2.296 2.296 a 1.205 1.205 0 0 0 1.704 0 l 6.029 -6.029 a 1 1 0 1 1 3 3 l -6.029 6.029 a 1.205 1.205 0 0 0 0 1.704 l 2.296 2.296 a 1.205 1.205 0 0 0 1.704 0 l 6.365 -6.367 A 1 1 0 0 0 8.716 4.282 z M 5 8 l 4 4
Mail	M 22 7 l -8.991 5.727 a 2 2 0 0 1 -2.009 0 L 2 7 M 4 4 h 16 a 2 2 0 0 1 2 2 v 12 a 2 2 0 0 1 -2 2 h -16 a 2 2 0 0 1 -2 -2 v -12 a 2 2 0 0 1 2 -2 Z
MailBadge	M 22 7.7 V 6 a 2 2 0 0 0 -2 -2 H 4 a 2 2 0 0 0 -2 2 v 12 a 2 2 0 0 0 2 2 h 8.25 M 12 12.996 a 1.94 1.94 0 0 1 -1.03 -.296 L 2 7 M 20.69 16.479 l 1.29 4.88 a .5 .5 0 0 1 -.698 .591 l -1.843 -.849 a 1 1 0 0 0 -.879 .001 l -1.846 .85 a .5 .5 0 0 1 -.692 -.593 l 1.29 -4.88 M 16 14 a 3 3 0 1 0 6 0 a 3 3 0 1 0 -6 0 Z
MailCheck	M 22 13 V 6 a 2 2 0 0 0 -2 -2 H 4 a 2 2 0 0 0 -2 2 v 12 c 0 1.1 .9 2 2 2 h 8 M 22 7 l -8.97 5.7 a 1.94 1.94 0 0 1 -2.06 0 L 2 7 M 16 19 l 2 2 4 -4
MailClock	M 16 14 v 2.2 l 1.6 1 M 22 7 l -.759 .484 M 6.835 20 H 4 a 2 2 0 0 1 -2 -2 V 6 a 2 2 0 0 1 2 -2 h 16 a 2 2 0 0 1 2 2 v 2 M 7.605 10.567 2 7 M 10 16 a 6 6 0 1 0 12 0 a 6 6 0 1 0 -12 0 Z
MailMinus	M 22 15 V 6 a 2 2 0 0 0 -2 -2 H 4 a 2 2 0 0 0 -2 2 v 12 c 0 1.1 .9 2 2 2 h 8 M 22 7 l -8.97 5.7 a 1.94 1.94 0 0 1 -2.06 0 L 2 7 M 16 19 h 6
MailOpen	M 21.2 8.4 c .5 .38 .8 .97 .8 1.6 v 10 a 2 2 0 0 1 -2 2 H 4 a 2 2 0 0 1 -2 -2 V 10 a 2 2 0 0 1 .8 -1.6 l 8 -6 a 2 2 0 0 1 2.4 0 l 8 6 Z M 22 10 l -8.97 5.7 a 1.94 1.94 0 0 1 -2.06 0 L 2 10
MailPen	M 15.506 17.646 A 2 2 0 0 0 15 18.5 l -.837 2.87 a .5 .5 0 0 0 .62 .62 l 2.87 -.837 a 2 2 0 0 0 .854 -.506 l 3.013 -3.009 a 1 1 0 0 0 -3.004 -3.004 z M 22 10.346 V 6 a 2 2 0 0 0 -2 -2 H 4 a 2 2 0 0 0 -2 2 v 12 a 2 2 0 0 0 2 2 h 6.396 M 22 7 l -8.991 5.727 a 2 2 0 0 1 -2.009 0 L 2 7
MailPlus	M 22 13 V 6 a 2 2 0 0 0 -2 -2 H 4 a 2 2 0 0 0 -2 2 v 12 c 0 1.1 .9 2 2 2 h 8 M 22 7 l -8.97 5.7 a 1.94 1.94 0 0 1 -2.06 0 L 2 7 M 19 16 v 6 M 16 19 h 6
MailQuestionMark	M 22 10.5 V 6 a 2 2 0 0 0 -2 -2 H 4 a 2 2 0 0 0 -2 2 v 12 c 0 1.1 .9 2 2 2 h 12.5 M 22 7 l -8.97 5.7 a 1.94 1.94 0 0 1 -2.06 0 L 2 7 M 18 15.28 c .2 -.4 .5 -.8 .9 -1 a 2.1 2.1 0 0 1 2.6 .4 c .3 .4 .5 .8 .5 1.3 0 1.3 -2 2 -2 2 M 20 22 v .01
MailSearch	M 22 12.5 V 6 a 2 2 0 0 0 -2 -2 H 4 a 2 2 0 0 0 -2 2 v 12 c 0 1.1 .9 2 2 2 h 7.5 M 22 7 l -8.97 5.7 a 1.94 1.94 0 0 1 -2.06 0 L 2 7 M 18 21 a 3 3 0 1 0 0 -6 3 3 0 0 0 0 6 Z M 15 18 a 3 3 0 1 0 6 0 a 3 3 0 1 0 -6 0 Z M 22 22 l -1.5 -1.5
MailWarning	M 22 10.5 V 6 a 2 2 0 0 0 -2 -2 H 4 a 2 2 0 0 0 -2 2 v 12 c 0 1.1 .9 2 2 2 h 12.5 M 22 7 l -8.97 5.7 a 1.94 1.94 0 0 1 -2.06 0 L 2 7 M 20 14 v 4 M 20 22 v .01
MailX	M 22 12.532 V 6 a 2 2 0 0 0 -2 -2 H 4 a 2 2 0 0 0 -2 2 v 12 a 2 2 0 0 0 2 2 h 8.792 M 22 7 l -8.991 5.727 a 2 2 0 0 1 -2.009 0 L 2 7 M 16.5 16.5 l 5 5 M 21.5 16.5 l -5 5
Mailbox	M 22 17 a 2 2 0 0 1 -2 2 H 4 a 2 2 0 0 1 -2 -2 V 9.5 C 2 7 4 5 6.5 5 H 18 c 2.2 0 4 1.8 4 4 v 8 Z M 15 9 L 18 9 L 18 11 M 6.5 5 C 9 5 11 7 11 9.5 V 17 a 2 2 0 0 1 -2 2 M 6 10 L 7 10
Mails	M 17 19 a 2 2 0 0 1 -2 2 H 4 a 2 2 0 0 1 -2 -2 v -8 a 2 2 0 0 1 1 -1.732 M 22 5.5 l -6.419 4.179 a 2 2 0 0 1 -2.162 0 L 7 5.5 M 9 3 h 11 a 2 2 0 0 1 2 2 v 8 a 2 2 0 0 1 -2 2 h -11 a 2 2 0 0 1 -2 -2 v -8 a 2 2 0 0 1 2 -2 Z
Map	M 14.106 5.553 a 2 2 0 0 0 1.788 0 l 3.659 -1.83 A 1 1 0 0 1 21 4.619 v 12.764 a 1 1 0 0 1 -.553 .894 l -4.553 2.277 a 2 2 0 0 1 -1.788 0 l -4.212 -2.106 a 2 2 0 0 0 -1.788 0 l -3.659 1.83 A 1 1 0 0 1 3 19.381 V 6.618 a 1 1 0 0 1 .553 -.894 l 4.553 -2.277 a 2 2 0 0 1 1.788 0 z M 15 5.764 v 15 M 9 3.236 v 15
MapMinus	M 11 19 l -1.106 -.552 a 2 2 0 0 0 -1.788 0 l -3.659 1.83 A 1 1 0 0 1 3 19.381 V 6.618 a 1 1 0 0 1 .553 -.894 l 4.553 -2.277 a 2 2 0 0 1 1.788 0 l 4.212 2.106 a 2 2 0 0 0 1.788 0 l 3.659 -1.83 A 1 1 0 0 1 21 4.619 V 14 M 15 5.764 V 14 M 21 18 h -6 M 9 3.236 v 15
MapPin	M 20 10 c 0 4.993 -5.539 10.193 -7.399 11.799 a 1 1 0 0 1 -1.202 0 C 9.539 20.193 4 14.993 4 10 a 8 8 0 0 1 16 0 M 9 10 a 3 3 0 1 0 6 0 a 3 3 0 1 0 -6 0 Z
MapPinCheck	M 19.43 12.935 c .357 -.967 .57 -1.955 .57 -2.935 a 8 8 0 0 0 -16 0 c 0 4.993 5.539 10.193 7.399 11.799 a 1 1 0 0 0 1.202 0 32.197 32.197 0 0 0 .813 -.728 M 9 10 a 3 3 0 1 0 6 0 a 3 3 0 1 0 -6 0 Z M 16 18 l 2 2 4 -4
MapPinCheckInside	M 20 10 c 0 4.993 -5.539 10.193 -7.399 11.799 a 1 1 0 0 1 -1.202 0 C 9.539 20.193 4 14.993 4 10 a 8 8 0 0 1 16 0 M 9 10 l 2 2 4 -4
MapPinHouse	M 15 22 a 1 1 0 0 1 -1 -1 v -4 a 1 1 0 0 1 .445 -.832 l 3 -2 a 1 1 0 0 1 1.11 0 l 3 2 A 1 1 0 0 1 22 17 v 4 a 1 1 0 0 1 -1 1 z M 18 10 a 8 8 0 0 0 -16 0 c 0 4.993 5.539 10.193 7.399 11.799 a 1 1 0 0 0 .601 .2 M 18 22 v -3 M 7 10 a 3 3 0 1 0 6 0 a 3 3 0 1 0 -6 0 Z
MapPinMinus	M 18.977 14 C 19.6 12.701 20 11.343 20 10 a 8 8 0 0 0 -16 0 c 0 4.993 5.539 10.193 7.399 11.799 a 1 1 0 0 0 1.202 0 32 32 0 0 0 .824 -.738 M 9 10 a 3 3 0 1 0 6 0 a 3 3 0 1 0 -6 0 Z M 16 18 h 6
MapPinMinusInside	M 20 10 c 0 4.993 -5.539 10.193 -7.399 11.799 a 1 1 0 0 1 -1.202 0 C 9.539 20.193 4 14.993 4 10 a 8 8 0 0 1 16 0 M 9 10 h 6
MapPinOff	M 12.75 7.09 a 3 3 0 0 1 2.16 2.16 M 17.072 17.072 c -1.634 2.17 -3.527 3.912 -4.471 4.727 a 1 1 0 0 1 -1.202 0 C 9.539 20.193 4 14.993 4 10 a 8 8 0 0 1 1.432 -4.568 M 2 2 l 20 20 M 8.475 2.818 A 8 8 0 0 1 20 10 c 0 1.183 -.31 2.377 -.81 3.533 M 9.13 9.13 a 3 3 0 0 0 3.74 3.74
MapPinPen	M 17.97 9.304 A 8 8 0 0 0 2 10 c 0 4.69 4.887 9.562 7.022 11.468 M 21.378 16.626 a 1 1 0 0 0 -3.004 -3.004 l -4.01 4.012 a 2 2 0 0 0 -.506 .854 l -.837 2.87 a .5 .5 0 0 0 .62 .62 l 2.87 -.837 a 2 2 0 0 0 .854 -.506 z M 7 10 a 3 3 0 1 0 6 0 a 3 3 0 1 0 -6 0 Z
MapPinPlus	M 19.914 11.105 A 7.298 7.298 0 0 0 20 10 a 8 8 0 0 0 -16 0 c 0 4.993 5.539 10.193 7.399 11.799 a 1 1 0 0 0 1.202 0 32 32 0 0 0 .824 -.738 M 9 10 a 3 3 0 1 0 6 0 a 3 3 0 1 0 -6 0 Z M 16 18 h 6 M 19 15 v 6
MapPinPlusInside	M 20 10 c 0 4.993 -5.539 10.193 -7.399 11.799 a 1 1 0 0 1 -1.202 0 C 9.539 20.193 4 14.993 4 10 a 8 8 0 0 1 16 0 M 12 7 v 6 M 9 10 h 6
MapPinSearch	M 12.248 21.969 a 1 1 0 0 1 -0.849 -0.17 C 9.539 20.193 4 14.993 4 10 a 8 8 0 0 1 16 0 C 20 10.42 19.961 10.841 19.888 11.262 M 22 22 l -1.88 -1.88 M 9 10 a 3 3 0 1 0 6 0 a 3 3 0 1 0 -6 0 Z M 15 18 a 3 3 0 1 0 6 0 a 3 3 0 1 0 -6 0 Z
MapPinX	M 19.752 11.901 A 7.78 7.78 0 0 0 20 10 a 8 8 0 0 0 -16 0 c 0 4.993 5.539 10.193 7.399 11.799 a 1 1 0 0 0 1.202 0 19 19 0 0 0 .09 -.077 M 9 10 a 3 3 0 1 0 6 0 a 3 3 0 1 0 -6 0 Z M 21.5 15.5 l -5 5 M 21.5 20.5 l -5 -5
MapPinXInside	M 20 10 c 0 4.993 -5.539 10.193 -7.399 11.799 a 1 1 0 0 1 -1.202 0 C 9.539 20.193 4 14.993 4 10 a 8 8 0 0 1 16 0 M 14.5 7.5 l -5 5 M 9.5 7.5 l 5 5
MapPinned	M 18 8 c 0 3.613 -3.869 7.429 -5.393 8.795 a 1 1 0 0 1 -1.214 0 C 9.87 15.429 6 11.613 6 8 a 6 6 0 0 1 12 0 M 10 8 a 2 2 0 1 0 4 0 a 2 2 0 1 0 -4 0 Z M 8.714 14 h -3.71 a 1 1 0 0 0 -.948 .683 l -2.004 6 A 1 1 0 0 0 3 22 h 18 a 1 1 0 0 0 .948 -1.316 l -2 -6 a 1 1 0 0 0 -.949 -.684 h -3.712
MapPlus	M 11 19 l -1.106 -.552 a 2 2 0 0 0 -1.788 0 l -3.659 1.83 A 1 1 0 0 1 3 19.381 V 6.618 a 1 1 0 0 1 .553 -.894 l 4.553 -2.277 a 2 2 0 0 1 1.788 0 l 4.212 2.106 a 2 2 0 0 0 1.788 0 l 3.659 -1.83 A 1 1 0 0 1 21 4.619 V 12 M 15 5.764 V 12 M 18 15 v 6 M 21 18 h -6 M 9 3.236 v 15
Mars	M 16 3 h 5 v 5 M 21 3 l -6.75 6.75 M 4 14 a 6 6 0 1 0 12 0 a 6 6 0 1 0 -12 0 Z
MarsStroke	M 14 6 l 4 4 M 17 3 h 4 v 4 M 21 3 l -7.75 7.75 M 3 15 a 6 6 0 1 0 12 0 a 6 6 0 1 0 -12 0 Z
Martini	M 12 12 4.207 4.207 A .707 .707 0 0 1 4.707 3 h 14.586 a .707 .707 0 0 1 .5 1.207 z M 12 12 v 10 M 7 22 h 10
Maximize	M 8 3 H 5 a 2 2 0 0 0 -2 2 v 3 M 21 8 V 5 a 2 2 0 0 0 -2 -2 h -3 M 3 16 v 3 a 2 2 0 0 0 2 2 h 3 M 16 21 h 3 a 2 2 0 0 0 2 -2 v -3
Maximize2	M 15 3 h 6 v 6 M 21 3 l -7 7 M 3 21 l 7 -7 M 9 21 H 3 v -6
Medal	M 7.21 15 2.66 7.14 a 2 2 0 0 1 .13 -2.2 L 4.4 2.8 A 2 2 0 0 1 6 2 h 12 a 2 2 0 0 1 1.6 .8 l 1.6 2.14 a 2 2 0 0 1 .14 2.2 L 16.79 15 M 11 12 5.12 2.2 M 13 12 l 5.88 -9.8 M 8 7 h 8 M 7 17 a 5 5 0 1 0 10 0 a 5 5 0 1 0 -10 0 Z M 12 18 v -2 h -.5
Megaphone	M 11 6 a 13 13 0 0 0 8.4 -2.8 A 1 1 0 0 1 21 4 v 12 a 1 1 0 0 1 -1.6 .8 A 13 13 0 0 0 11 14 H 5 a 2 2 0 0 1 -2 -2 V 8 a 2 2 0 0 1 2 -2 z M 6 14 a 12 12 0 0 0 2.4 7.2 2 2 0 0 0 3.2 -2.4 A 8 8 0 0 1 10 14 M 8 6 v 8
MegaphoneOff	M 11.636 6 A 13 13 0 0 0 19.4 3.2 1 1 0 0 1 21 4 v 11.344 M 14.378 14.357 A 13 13 0 0 0 11 14 H 5 a 2 2 0 0 1 -2 -2 V 8 a 2 2 0 0 1 2 -2 h 1 M 2 2 l 20 20 M 6 14 a 12 12 0 0 0 2.4 7.2 2 2 0 0 0 3.2 -2.4 A 8 8 0 0 1 10 14 M 8 8 v 6
MemoryStick	M 12 12 v -2 M 12 18 v -2 M 16 12 v -2 M 16 18 v -2 M 2 11 h 1.5 M 20 18 v -2 M 20.5 11 H 22 M 4 18 v -2 M 8 12 v -2 M 8 18 v -2 M 4 6 h 16 a 2 2 0 0 1 2 2 v 6 a 2 2 0 0 1 -2 2 h -16 a 2 2 0 0 1 -2 -2 v -6 a 2 2 0 0 1 2 -2 Z
Menu	M 4 5 h 16 M 4 12 h 16 M 4 19 h 16
Merge	M 8 6 l 4 -4 4 4 M 12 2 v 10.3 a 4 4 0 0 1 -1.172 2.872 L 4 22 M 20 22 l -5 -5
MessageCircle	M 2.992 16.342 a 2 2 0 0 1 .094 1.167 l -1.065 3.29 a 1 1 0 0 0 1.236 1.168 l 3.413 -.998 a 2 2 0 0 1 1.099 .092 10 10 0 1 0 -4.777 -4.719
MessageCircleCheck	M 2.992 16.342 a 2 2 0 0 1 .094 1.167 l -1.065 3.29 a 1 1 0 0 0 1.236 1.168 l 3.413 -.998 a 2 2 0 0 1 1.099 .092 10 10 0 1 0 -4.777 -4.719 M 16 9 l -5.5 5.5 L 8 12
MessageCircleCode	M 10 9 l -3 3 3 3 M 14 15 l 3 -3 -3 -3 M 2.992 16.342 a 2 2 0 0 1 .094 1.167 l -1.065 3.29 a 1 1 0 0 0 1.236 1.168 l 3.413 -.998 a 2 2 0 0 1 1.099 .092 10 10 0 1 0 -4.777 -4.719
MessageCircleDashed	M 10.1 2.182 a 10 10 0 0 1 3.8 0 M 13.9 21.818 a 10 10 0 0 1 -3.8 0 M 17.609 3.72 a 10 10 0 0 1 2.69 2.7 M 2.182 13.9 a 10 10 0 0 1 0 -3.8 M 20.28 17.61 a 10 10 0 0 1 -2.7 2.69 M 21.818 10.1 a 10 10 0 0 1 0 3.8 M 3.721 6.391 a 10 10 0 0 1 2.7 -2.69 M 6.163 21.117 l -2.906 .85 a 1 1 0 0 1 -1.236 -1.169 l .965 -2.98
MessageCircleDashedCheck	M 10.1 2.182 a 10 10 0 0 1 3.8 0 M 13.9 21.818 a 10 10 0 0 1 -3.8 0 M 17.609 3.72 a 10 10 0 0 1 2.69 2.7 M 2.182 13.9 a 10 10 0 0 1 0 -3.8 M 20.28 17.61 a 10 10 0 0 1 -2.7 2.69 M 21.818 10.1 a 10 10 0 0 1 0 3.8 M 3.721 6.391 a 10 10 0 0 1 2.7 -2.69 M 6.163 21.117 l -2.906 .85 a 1 1 0 0 1 -1.236 -1.169 l .965 -2.98 M 16 9 l -5.5 5.5 L 8 12
MessageCircleHeart	M 2.992 16.342 a 2 2 0 0 1 .094 1.167 l -1.065 3.29 a 1 1 0 0 0 1.236 1.168 l 3.413 -.998 a 2 2 0 0 1 1.099 .092 10 10 0 1 0 -4.777 -4.719 M 7.828 13.07 A 3 3 0 0 1 12 8.764 a 3 3 0 0 1 5.004 2.224 3 3 0 0 1 -.832 2.083 l -3.447 3.62 a 1 1 0 0 1 -1.45 -.001 z
MessageCircleMore	M 2.992 16.342 a 2 2 0 0 1 .094 1.167 l -1.065 3.29 a 1 1 0 0 0 1.236 1.168 l 3.413 -.998 a 2 2 0 0 1 1.099 .092 10 10 0 1 0 -4.777 -4.719 M 8 12 h .01 M 12 12 h .01 M 16 12 h .01
MessageCircleOff	M 2 2 l 20 20 M 4.93 4.929 a 10 10 0 0 0 -1.938 11.412 2 2 0 0 1 .094 1.167 l -1.065 3.29 a 1 1 0 0 0 1.236 1.168 l 3.413 -.998 a 2 2 0 0 1 1.099 .092 10 10 0 0 0 11.302 -1.989 M 8.35 2.69 A 10 10 0 0 1 21.3 15.65
MessageCirclePlus	M 2.992 16.342 a 2 2 0 0 1 .094 1.167 l -1.065 3.29 a 1 1 0 0 0 1.236 1.168 l 3.413 -.998 a 2 2 0 0 1 1.099 .092 10 10 0 1 0 -4.777 -4.719 M 8 12 h 8 M 12 8 v 8
MessageCircleQuestionMark	M 2.992 16.342 a 2 2 0 0 1 .094 1.167 l -1.065 3.29 a 1 1 0 0 0 1.236 1.168 l 3.413 -.998 a 2 2 0 0 1 1.099 .092 10 10 0 1 0 -4.777 -4.719 M 9.09 9 a 3 3 0 0 1 5.83 1 c 0 2 -3 3 -3 3 M 12 17 h .01
MessageCircleReply	M 2.992 16.342 a 2 2 0 0 1 .094 1.167 l -1.065 3.29 a 1 1 0 0 0 1.236 1.168 l 3.413 -.998 a 2 2 0 0 1 1.099 .092 10 10 0 1 0 -4.777 -4.719 M 10 15 l -3 -3 3 -3 M 7 12 h 8 a 2 2 0 0 1 2 2 v 1
MessageCircleWarning	M 2.992 16.342 a 2 2 0 0 1 .094 1.167 l -1.065 3.29 a 1 1 0 0 0 1.236 1.168 l 3.413 -.998 a 2 2 0 0 1 1.099 .092 10 10 0 1 0 -4.777 -4.719 M 12 8 v 4 M 12 16 h .01
MessageCircleX	M 2.992 16.342 a 2 2 0 0 1 .094 1.167 l -1.065 3.29 a 1 1 0 0 0 1.236 1.168 l 3.413 -.998 a 2 2 0 0 1 1.099 .092 10 10 0 1 0 -4.777 -4.719 M 15 9 l -6 6 M 9 9 l 6 6
MessageSquare	M 22 17 a 2 2 0 0 1 -2 2 H 6.828 a 2 2 0 0 0 -1.414 .586 l -2.202 2.202 A .71 .71 0 0 1 2 21.286 V 5 a 2 2 0 0 1 2 -2 h 16 a 2 2 0 0 1 2 2 z
MessageSquareCheck	M 22 17 a 2 2 0 0 1 -2 2 H 6.828 a 2 2 0 0 0 -1.414 .586 l -2.202 2.202 A .7 .7 0 0 1 2 21.286 V 5 a 2 2 0 0 1 2 -2 h 16 a 2 2 0 0 1 2 2 z M 9 11 l 2 2 4 -4
MessageSquareCode	M 22 17 a 2 2 0 0 1 -2 2 H 6.828 a 2 2 0 0 0 -1.414 .586 l -2.202 2.202 A .71 .71 0 0 1 2 21.286 V 5 a 2 2 0 0 1 2 -2 h 16 a 2 2 0 0 1 2 2 z M 10 8 l -3 3 3 3 M 14 14 l 3 -3 -3 -3
MessageSquareDashed	M 14 3 h 2 M 16 19 h -2 M 2 12 v -2 M 2 16 v 5.286 a .71 .71 0 0 0 1.212 .502 l 1.149 -1.149 M 20 19 a 2 2 0 0 0 2 -2 v -1 M 22 10 v 2 M 22 6 V 5 a 2 2 0 0 0 -2 -2 M 4 3 a 2 2 0 0 0 -2 2 v 1 M 8 19 h 2 M 8 3 h 2
MessageSquareDiff	M 22 17 a 2 2 0 0 1 -2 2 H 6.828 a 2 2 0 0 0 -1.414 .586 l -2.202 2.202 A .71 .71 0 0 1 2 21.286 V 5 a 2 2 0 0 1 2 -2 h 16 a 2 2 0 0 1 2 2 z M 10 15 h 4 M 10 9 h 4 M 12 7 v 4
MessageSquareDot	M 12.7 3 H 4 a 2 2 0 0 0 -2 2 v 16.286 a .71 .71 0 0 0 1.212 .502 l 2.202 -2.202 A 2 2 0 0 1 6.828 19 H 20 a 2 2 0 0 0 2 -2 v -4.7 M 16 6 a 3 3 0 1 0 6 0 a 3 3 0 1 0 -6 0 Z
MessageSquareHeart	M 22 17 a 2 2 0 0 1 -2 2 H 6.828 a 2 2 0 0 0 -1.414 .586 l -2.202 2.202 A .71 .71 0 0 1 2 21.286 V 5 a 2 2 0 0 1 2 -2 h 16 a 2 2 0 0 1 2 2 z M 7.5 9.5 c 0 .687 .265 1.383 .697 1.844 l 3.009 3.264 a 1.14 1.14 0 0 0 .407 .314 1 1 0 0 0 .783 -.004 1.14 1.14 0 0 0 .398 -.31 l 3.008 -3.264 A 2.77 2.77 0 0 0 16.5 9.5 2.5 2.5 0 0 0 12 8 a 2.5 2.5 0 0 0 -4.5 1.5
MessageSquareLock	M 22 8.5 V 5 a 2 2 0 0 0 -2 -2 H 4 a 2 2 0 0 0 -2 2 v 16.286 a .71 .71 0 0 0 1.212 .502 l 2.202 -2.202 A 2 2 0 0 1 6.828 19 H 10 M 20 15 v -2 a 2 2 0 0 0 -4 0 v 2 M 15 15 h 6 a 1 1 0 0 1 1 1 v 3 a 1 1 0 0 1 -1 1 h -6 a 1 1 0 0 1 -1 -1 v -3 a 1 1 0 0 1 1 -1 Z
MessageSquareMore	M 22 17 a 2 2 0 0 1 -2 2 H 6.828 a 2 2 0 0 0 -1.414 .586 l -2.202 2.202 A .71 .71 0 0 1 2 21.286 V 5 a 2 2 0 0 1 2 -2 h 16 a 2 2 0 0 1 2 2 z M 12 11 h .01 M 16 11 h .01 M 8 11 h .01
MessageSquareOff	M 19 19 H 6.828 a 2 2 0 0 0 -1.414 .586 l -2.202 2.202 A .7 .7 0 0 1 2 21.286 V 5 a 2 2 0 0 1 1.184 -1.826 M 2 2 l 20 20 M 8.656 3 H 20 a 2 2 0 0 1 2 2 v 11.344
MessageSquarePlus	M 22 17 a 2 2 0 0 1 -2 2 H 6.828 a 2 2 0 0 0 -1.414 .586 l -2.202 2.202 A .71 .71 0 0 1 2 21.286 V 5 a 2 2 0 0 1 2 -2 h 16 a 2 2 0 0 1 2 2 z M 12 8 v 6 M 9 11 h 6
MessageSquareQuote	M 14 14 a 2 2 0 0 0 2 -2 V 8 h -2 M 22 17 a 2 2 0 0 1 -2 2 H 6.828 a 2 2 0 0 0 -1.414 .586 l -2.202 2.202 A .71 .71 0 0 1 2 21.286 V 5 a 2 2 0 0 1 2 -2 h 16 a 2 2 0 0 1 2 2 z M 8 14 a 2 2 0 0 0 2 -2 V 8 H 8
MessageSquareReply	M 22 17 a 2 2 0 0 1 -2 2 H 6.828 a 2 2 0 0 0 -1.414 .586 l -2.202 2.202 A .71 .71 0 0 1 2 21.286 V 5 a 2 2 0 0 1 2 -2 h 16 a 2 2 0 0 1 2 2 z M 10 8 l -3 3 3 3 M 17 14 v -1 a 2 2 0 0 0 -2 -2 H 7
MessageSquareShare	M 12 3 H 4 a 2 2 0 0 0 -2 2 v 16.286 a .71 .71 0 0 0 1.212 .502 l 2.202 -2.202 A 2 2 0 0 1 6.828 19 H 20 a 2 2 0 0 0 2 -2 v -4 M 16 3 h 6 v 6 M 16 9 l 6 -6
MessageSquareText	M 22 17 a 2 2 0 0 1 -2 2 H 6.828 a 2 2 0 0 0 -1.414 .586 l -2.202 2.202 A .71 .71 0 0 1 2 21.286 V 5 a 2 2 0 0 1 2 -2 h 16 a 2 2 0 0 1 2 2 z M 7 11 h 10 M 7 15 h 6 M 7 7 h 8
MessageSquareWarning	M 22 17 a 2 2 0 0 1 -2 2 H 6.828 a 2 2 0 0 0 -1.414 .586 l -2.202 2.202 A .71 .71 0 0 1 2 21.286 V 5 a 2 2 0 0 1 2 -2 h 16 a 2 2 0 0 1 2 2 z M 12 15 h .01 M 12 7 v 4
MessageSquareX	M 22 17 a 2 2 0 0 1 -2 2 H 6.828 a 2 2 0 0 0 -1.414 .586 l -2.202 2.202 A .71 .71 0 0 1 2 21.286 V 5 a 2 2 0 0 1 2 -2 h 16 a 2 2 0 0 1 2 2 z M 14.5 8.5 l -5 5 M 9.5 8.5 l 5 5
MessagesCircle	M 19.95 10.05 a 7 7 0 0 1 1.412 7.872 1 1 0 0 0 -.058 .787 l .675 2.089 a 1 1 0 0 1 -1.236 1.168 l -2.155 -.631 a 1 1 0 0 0 -.745 .06 7 7 0 0 1 -7.793 -1.445 M 2.696 12.708 a 1 1 0 0 0 -.058 -.785 7 7 0 1 1 3.518 3.473 1 1 0 0 0 -.744 -.061 l -2.155 .63 a 1 1 0 0 1 -1.236 -1.167 z
MessagesSquare	M 16 10 a 2 2 0 0 1 -2 2 H 6.828 a 2 2 0 0 0 -1.414 .586 l -2.202 2.202 A .71 .71 0 0 1 2 14.286 V 4 a 2 2 0 0 1 2 -2 h 10 a 2 2 0 0 1 2 2 z M 20 9 a 2 2 0 0 1 2 2 v 10.286 a .71 .71 0 0 1 -1.212 .502 l -2.202 -2.202 A 2 2 0 0 0 17.172 19 H 10 a 2 2 0 0 1 -2 -2 v -1
Metronome	M 12 11.4 V 9.1 M 12 17 l 6.59 -6.59 M 15.05 5.7 l -.218 -.691 a 3 3 0 0 0 -5.663 0 L 4.418 19.695 A 1 1 0 0 0 5.37 21 h 13.253 a 1 1 0 0 0 .951 -1.31 L 18.45 16.2 M 18 9 a 2 2 0 1 0 4 0 a 2 2 0 1 0 -4 0 Z
Mic	M 12 19 v 3 M 19 10 v 2 a 7 7 0 0 1 -14 0 v -2 M 12 2 h 0 a 3 3 0 0 1 3 3 v 7 a 3 3 0 0 1 -3 3 h 0 a 3 3 0 0 1 -3 -3 v -7 a 3 3 0 0 1 3 -3 Z
MicAudioLines	M 10 3 v 2.341 M 12 17 v 4 M 14 5 v .341 M 18 5 v 13 M 2 10 v 3 M 22 10 v 3 M 6 6 v 11 M 9 21 h 6 M 12 9 h 0 a 2 2 0 0 1 2 2 v 4 a 2 2 0 0 1 -2 2 h 0 a 2 2 0 0 1 -2 -2 v -4 a 2 2 0 0 1 2 -2 Z
MicOff	M 12 19 v 3 M 15 9.34 V 5 a 3 3 0 0 0 -5.68 -1.33 M 16.95 16.95 A 7 7 0 0 1 5 12 v -2 M 18.89 13.23 A 7 7 0 0 0 19 12 v -2 M 2 2 l 20 20 M 9 9 v 3 a 3 3 0 0 0 5.12 2.12
MicSignal	M 12 17 v 4 M 18 11 a 6 6 0 0 0 -3 -5.197 M 2 11 a 10 10 0 0 1 5 -8.662 M 22 11 a 10 10 0 0 0 -5 -8.662 M 6 11 a 6 6 0 0 1 3 -5.197 M 9 21 h 6 M 12 9 h 0 a 2 2 0 0 1 2 2 v 4 a 2 2 0 0 1 -2 2 h 0 a 2 2 0 0 1 -2 -2 v -4 a 2 2 0 0 1 2 -2 Z
MicVocal	M 11 7.601 l -5.994 8.19 a 1 1 0 0 0 .1 1.298 l .817 .818 a 1 1 0 0 0 1.314 .087 L 15.09 12 M 16.5 21.174 C 15.5 20.5 14.372 20 13 20 c -2.058 0 -3.928 2.356 -6 2 -2.072 -.356 -2.775 -3.369 -1.5 -4.5 M 11 7 a 5 5 0 1 0 10 0 a 5 5 0 1 0 -10 0 Z
Microchip	M 10 12 h 4 M 10 17 h 4 M 10 7 h 4 M 18 12 h 2 M 18 18 h 2 M 18 6 h 2 M 4 12 h 2 M 4 18 h 2 M 4 6 h 2 M 8 2 h 8 a 2 2 0 0 1 2 2 v 16 a 2 2 0 0 1 -2 2 h -8 a 2 2 0 0 1 -2 -2 v -16 a 2 2 0 0 1 2 -2 Z
Microscope	M 6 18 h 8 M 3 22 h 18 M 14 22 a 7 7 0 1 0 0 -14 h -1 M 9 14 h 2 M 9 12 a 2 2 0 0 1 -2 -2 V 6 h 6 v 4 a 2 2 0 0 1 -2 2 Z M 12 6 V 3 a 1 1 0 0 0 -1 -1 H 9 a 1 1 0 0 0 -1 1 v 3
Microwave	M 4 4 h 16 a 2 2 0 0 1 2 2 v 11 a 2 2 0 0 1 -2 2 h -16 a 2 2 0 0 1 -2 -2 v -11 a 2 2 0 0 1 2 -2 Z M 7 8 h 6 a 1 1 0 0 1 1 1 v 5 a 1 1 0 0 1 -1 1 h -6 a 1 1 0 0 1 -1 -1 v -5 a 1 1 0 0 1 1 -1 Z M 18 8 v 7 M 6 19 v 2 M 18 19 v 2
MidiPort	M 12 18 h .01 M 15 2.458 V 5 a 1 1 0 0 1 -1 1 h -4 a 1 1 0 0 1 -1 -1 V 2.458 M 16 16 h .01 M 18 12 h .01 M 6 12 h .01 M 8 16 h .01 M 2 12 a 10 10 0 1 0 20 0 a 10 10 0 1 0 -20 0 Z
Milestone	M 12 13 v 8 M 12 3 v 3 M 18.172 6 a 2 2 0 0 1 1.414 .586 l 2.06 2.06 a 1.207 1.207 0 0 1 0 1.708 l -2.06 2.06 a 2 2 0 0 1 -1.414 .586 H 4 a 1 1 0 0 1 -1 -1 V 7 a 1 1 0 0 1 1 -1 z
Milk	M 8 2 h 8 M 9 2 v 2.789 a 4 4 0 0 1 -.672 2.219 l -.656 .984 A 4 4 0 0 0 7 10.212 V 20 a 2 2 0 0 0 2 2 h 6 a 2 2 0 0 0 2 -2 v -9.789 a 4 4 0 0 0 -.672 -2.219 l -.656 -.984 A 4 4 0 0 1 15 4.788 V 2 M 7 15 a 6.472 6.472 0 0 1 5 0 6.47 6.47 0 0 0 5 0
MilkOff	M 8 2 h 8 M 9 2 v 1.343 M 15 2 v 2.789 a 4 4 0 0 0 .672 2.219 l .656 .984 a 4 4 0 0 1 .672 2.22 v 1.131 M 7.8 7.8 l -.128 .192 A 4 4 0 0 0 7 10.212 V 20 a 2 2 0 0 0 2 2 h 6 a 2 2 0 0 0 2 -2 v -3 M 7 15 a 6.47 6.47 0 0 1 5 0 6.472 6.472 0 0 0 3.435 .435 M 2 2 L 22 22
Minimize	M 8 3 v 3 a 2 2 0 0 1 -2 2 H 3 M 21 8 h -3 a 2 2 0 0 1 -2 -2 V 3 M 3 16 h 3 a 2 2 0 0 1 2 2 v 3 M 16 21 v -3 a 2 2 0 0 1 2 -2 h 3
Minimize2	M 14 10 l 7 -7 M 20 10 h -6 V 4 M 3 21 l 7 -7 M 4 14 h 6 v 6
Minus	M 5 12 h 14
MirrorRectangular	M 11 6 8 9 M 16 7 l -8 8 M 6 2 h 12 a 2 2 0 0 1 2 2 v 16 a 2 2 0 0 1 -2 2 h -12 a 2 2 0 0 1 -2 -2 v -16 a 2 2 0 0 1 2 -2 Z
MirrorRound	M 10 6.6 8.6 8 M 12 18 v 4 M 15 7.5 9.5 13 M 7 22 h 10 M 4 10 a 8 8 0 1 0 16 0 a 8 8 0 1 0 -16 0 Z
Monitor	M 4 3 h 16 a 2 2 0 0 1 2 2 v 10 a 2 2 0 0 1 -2 2 h -16 a 2 2 0 0 1 -2 -2 v -10 a 2 2 0 0 1 2 -2 Z M 8 21 L 16 21 M 12 17 L 12 21
MonitorCheck	M 9 10 l 2 2 4 -4 M 4 3 h 16 a 2 2 0 0 1 2 2 v 10 a 2 2 0 0 1 -2 2 h -16 a 2 2 0 0 1 -2 -2 v -10 a 2 2 0 0 1 2 -2 Z M 12 17 v 4 M 8 21 h 8
MonitorCloud	M 11 13 a 3 3 0 1 1 2.83 -4 H 14 a 2 2 0 0 1 0 4 z M 12 17 v 4 M 8 21 h 8 M 4 3 h 16 a 2 2 0 0 1 2 2 v 10 a 2 2 0 0 1 -2 2 h -16 a 2 2 0 0 1 -2 -2 v -10 a 2 2 0 0 1 2 -2 Z
MonitorCog	M 12 17 v 4 M 14.305 7.53 l .923 -.382 M 15.228 4.852 l -.923 -.383 M 16.852 3.228 l -.383 -.924 M 16.852 8.772 l -.383 .923 M 19.148 3.228 l .383 -.924 M 19.53 9.696 l -.382 -.924 M 20.772 4.852 l .924 -.383 M 20.772 7.148 l .924 .383 M 22 13 v 2 a 2 2 0 0 1 -2 2 H 4 a 2 2 0 0 1 -2 -2 V 5 a 2 2 0 0 1 2 -2 h 7 M 8 21 h 8 M 15 6 a 3 3 0 1 0 6 0 a 3 3 0 1 0 -6 0 Z
MonitorDot	M 12 17 v 4 M 22 12.307 V 15 a 2 2 0 0 1 -2 2 H 4 a 2 2 0 0 1 -2 -2 V 5 a 2 2 0 0 1 2 -2 h 8.693 M 8 21 h 8 M 16 6 a 3 3 0 1 0 6 0 a 3 3 0 1 0 -6 0 Z
MonitorDown	M 12 13 V 7 M 15 10 l -3 3 -3 -3 M 4 3 h 16 a 2 2 0 0 1 2 2 v 10 a 2 2 0 0 1 -2 2 h -16 a 2 2 0 0 1 -2 -2 v -10 a 2 2 0 0 1 2 -2 Z M 12 17 v 4 M 8 21 h 8
MonitorOff	M 12 17 v 4 M 17 17 H 4 a 2 2 0 0 1 -2 -2 V 5 a 2 2 0 0 1 1.184 -1.826 M 2 2 l 20 20 M 8 21 h 8 M 8.656 3 H 20 a 2 2 0 0 1 2 2 v 10 a 2 2 0 0 1 -.293 1.042
MonitorPause	M 10 13 V 7 M 14 13 V 7 M 4 3 h 16 a 2 2 0 0 1 2 2 v 10 a 2 2 0 0 1 -2 2 h -16 a 2 2 0 0 1 -2 -2 v -10 a 2 2 0 0 1 2 -2 Z M 12 17 v 4 M 8 21 h 8
MonitorPc	M 10 15 H 4 a 2 2 0 0 1 -2 -2 V 7 a 2 2 0 0 1 2 -2 h 6 M 10 19 H 5 M 14 11 h 8 M 14 7 h 8 M 18 17 h .01 M 9 19 v -4 M 15 3 h 6 a 1 1 0 0 1 1 1 v 16 a 1 1 0 0 1 -1 1 h -6 a 1 1 0 0 1 -1 -1 v -16 a 1 1 0 0 1 1 -1 Z
MonitorPlay	M 15.033 9.44 a .647 .647 0 0 1 0 1.12 l -4.065 2.352 a .645 .645 0 0 1 -.968 -.56 V 7.648 a .645 .645 0 0 1 .967 -.56 z M 12 17 v 4 M 8 21 h 8 M 4 3 h 16 a 2 2 0 0 1 2 2 v 10 a 2 2 0 0 1 -2 2 h -16 a 2 2 0 0 1 -2 -2 v -10 a 2 2 0 0 1 2 -2 Z
MonitorSmartphone	M 18 8 V 6 a 2 2 0 0 0 -2 -2 H 4 a 2 2 0 0 0 -2 2 v 7 a 2 2 0 0 0 2 2 h 8 M 10 19 v -3.96 3.15 M 7 19 h 5 M 18 12 h 2 a 2 2 0 0 1 2 2 v 6 a 2 2 0 0 1 -2 2 h -2 a 2 2 0 0 1 -2 -2 v -6 a 2 2 0 0 1 2 -2 Z
MonitorSpeaker	M 5.5 20 H 8 M 17 9 h .01 M 14 4 h 6 a 2 2 0 0 1 2 2 v 12 a 2 2 0 0 1 -2 2 h -6 a 2 2 0 0 1 -2 -2 v -12 a 2 2 0 0 1 2 -2 Z M 8 6 H 4 a 2 2 0 0 0 -2 2 v 6 a 2 2 0 0 0 2 2 h 4 M 16 15 a 1 1 0 1 0 2 0 a 1 1 0 1 0 -2 0 Z
MonitorStop	M 12 17 v 4 M 8 21 h 8 M 4 3 h 16 a 2 2 0 0 1 2 2 v 10 a 2 2 0 0 1 -2 2 h -16 a 2 2 0 0 1 -2 -2 v -10 a 2 2 0 0 1 2 -2 Z M 10 7 h 4 a 1 1 0 0 1 1 1 v 4 a 1 1 0 0 1 -1 1 h -4 a 1 1 0 0 1 -1 -1 v -4 a 1 1 0 0 1 1 -1 Z
MonitorUp	M 9 10 l 3 -3 3 3 M 12 13 V 7 M 4 3 h 16 a 2 2 0 0 1 2 2 v 10 a 2 2 0 0 1 -2 2 h -16 a 2 2 0 0 1 -2 -2 v -10 a 2 2 0 0 1 2 -2 Z M 12 17 v 4 M 8 21 h 8
MonitorX	M 14.5 12.5 l -5 -5 M 9.5 12.5 l 5 -5 M 4 3 h 16 a 2 2 0 0 1 2 2 v 10 a 2 2 0 0 1 -2 2 h -16 a 2 2 0 0 1 -2 -2 v -10 a 2 2 0 0 1 2 -2 Z M 12 17 v 4 M 8 21 h 8
Moon	M 20.985 12.486 a 9 9 0 1 1 -9.473 -9.472 c .405 -.022 .617 .46 .402 .803 a 6 6 0 0 0 8.268 8.268 c .344 -.215 .825 -.004 .803 .401
MoonStar	M 18 5 h 4 M 20 3 v 4 M 20.985 12.486 a 9 9 0 1 1 -9.473 -9.472 c .405 -.022 .617 .46 .402 .803 a 6 6 0 0 0 8.268 8.268 c .344 -.215 .825 -.004 .803 .401
Mop	M 10 22 c 2.761 0 5 -1.79 5 -4 -4.42 0 -4.08 -5 -8.5 -5 a 1 1 0 1 0 0 9 z a 3 3 0 0 1 -3 -3 M 12.5 11.5 22 2 M 6.98 13.02 l 2.665 -2.664 a 1.21 1.21 0 0 1 1.71 0 l 2.29 2.288 a 1.21 1.21 0 0 1 0 1.712 l -2.088 2.087
MopSparkles	M 10 22 a 3 3 0 0 1 -3 -3 M 10 22 c 2.761 0 5 -1.79 5 -4 -4.42 0 -4.08 -5 -8.5 -5 a 4.501 4.501 0 0 0 0 9 z M 10 3 H 8 M 12.5 11.5 22 2 M 20 13 v 4 M 22 15 h -4 M 4 5 v 4 M 6 7 H 2 M 6.98 13.02 l 2.665 -2.664 a 1.21 1.21 0 0 1 1.71 0 l 2.29 2.288 a 1.21 1.21 0 0 1 0 1.712 l -2.088 2.087 M 9 2 v 2
Mosque	M 12.268 2 a 2 2 0 0 0 3.465 2 M 14 5 L 14 8 M 16 22 v -3 a 2 2 0 0 0 -4 0 v 3 M 21 13 c -.662 -1.497 -1.666 -2.753 -2.9 -3.63 C 16.825 8.47 15.422 8 14 8 s -2.826 .47 -4.1 1.37 C 8.668 10.248 7.663 11.504 7 13 z M 3 9 h 4 M 7 22 V 6 a 5 5 0 0 0 -2 -4 5 5 0 0 0 -2 4 v 14 a 2 2 0 0 0 2 2 h 14 a 2 2 0 0 0 2 -2 v -7
Motorbike	M 18 14 l -1 -3 M 3 9 l 6 2 a 2 2 0 0 1 2 -2 h 2 a 2 2 0 0 1 1.99 1.81 M 8 17 h 3 a 1 1 0 0 0 1 -1 6 6 0 0 1 6 -6 1 1 0 0 0 1 -1 v -.75 A 5 5 0 0 0 17 5 M 16 17 a 3 3 0 1 0 6 0 a 3 3 0 1 0 -6 0 Z M 2 17 a 3 3 0 1 0 6 0 a 3 3 0 1 0 -6 0 Z
Mountain	M 8 3 l 4 8 5 -5 5 15 H 2 L 8 3 z
MountainSnow	M 8 3 l 4 8 5 -5 5 15 H 2 L 8 3 z M 4.14 15.08 c 2.62 -1.57 5.24 -1.43 7.86 .42 2.74 1.94 5.49 2 8.23 .19
Mouse	M 12 2 h 0 a 7 7 0 0 1 7 7 v 6 a 7 7 0 0 1 -7 7 h 0 a 7 7 0 0 1 -7 -7 v -6 a 7 7 0 0 1 7 -7 Z M 12 6 v 4
MouseLeft	M 12 7.318 V 10 M 5 10 v 5 a 7 7 0 0 0 14 0 V 9 c 0 -3.527 -2.608 -6.515 -6 -7 M 5 4 a 2 2 0 1 0 4 0 a 2 2 0 1 0 -4 0 Z
MouseOff	M 12 6 v .343 M 18.218 18.218 A 7 7 0 0 1 5 15 V 9 a 7 7 0 0 1 .782 -3.218 M 19 13.343 V 9 A 7 7 0 0 0 8.56 2.902 M 22 22 2 2
MousePointer	M 12.586 12.586 19 19 M 3.688 3.037 a .497 .497 0 0 0 -.651 .651 l 6.5 15.999 a .501 .501 0 0 0 .947 -.062 l 1.569 -6.083 a 2 2 0 0 1 1.448 -1.479 l 6.124 -1.579 a .5 .5 0 0 0 .063 -.947 z
MousePointer2	M 4.037 4.688 a .495 .495 0 0 1 .651 -.651 l 16 6.5 a .5 .5 0 0 1 -.063 .947 l -6.124 1.58 a 2 2 0 0 0 -1.438 1.435 l -1.579 6.126 a .5 .5 0 0 1 -.947 .063 z
MousePointer2Off	M 15.55 8.45 l 5.138 2.087 a .5 .5 0 0 1 -.063 .947 l -6.124 1.58 a 2 2 0 0 0 -1.438 1.435 l -1.579 6.126 a .5 .5 0 0 1 -.947 .063 L 8.45 15.551 M 22 2 2 22 M 6.816 11.528 l -2.779 -6.84 a .495 .495 0 0 1 .651 -.651 l 6.84 2.779
MousePointerBan	M 2.034 2.681 a .498 .498 0 0 1 .647 -.647 l 9 3.5 a .5 .5 0 0 1 -.033 .944 L 8.204 7.545 a 1 1 0 0 0 -.66 .66 l -1.066 3.443 a .5 .5 0 0 1 -.944 .033 z M 10 16 a 6 6 0 1 0 12 0 a 6 6 0 1 0 -12 0 Z M 11.8 11.8 l 8.4 8.4
MousePointerClick	M 14 4.1 12 6 M 5.1 8 l -2.9 -.8 M 6 12 l -1.9 2 M 7.2 2.2 8 5.1 M 9.037 9.69 a .498 .498 0 0 1 .653 -.653 l 11 4.5 a .5 .5 0 0 1 -.074 .949 l -4.349 1.041 a 1 1 0 0 0 -.74 .739 l -1.04 4.35 a .5 .5 0 0 1 -.95 .074 z
MouseRight	M 12 7.318 V 10 M 19 10 v 5 a 7 7 0 0 1 -14 0 V 9 c 0 -3.527 2.608 -6.515 6 -7 M 15 4 a 2 2 0 1 0 4 0 a 2 2 0 1 0 -4 0 Z
Mouth	M 2 12 a 50.5 50.5 0 0 0 20 0 1 1 0 0 0 -1 -1 M 2.457 11.159 a 1 1 0 0 0 -.307 1.369 11.59 11.59 0 0 0 19.7 0 1 1 0 0 0 -.308 -1.368 c -2.426 -1.568 -3.65 -2.284 -5.479 -3.644 a 2.6 2.6 0 0 0 -3.373 .208 1 1 0 0 1 -1.38 0 2.62 2.62 0 0 0 -3.373 -.208 c -1.83 1.36 -3.053 2.076 -5.48 3.643
MouthOff	M 13.074 7.417 a 2.6 2.6 0 0 1 2.989 .099 c 1.829 1.36 3.053 2.076 5.479 3.644 a 1 1 0 0 1 .308 1.368 11.6 11.6 0 0 1 -1.617 2.05 M 2 12 a 50.5 50.5 0 0 0 10.99 .99 M 2 2 l 20 20 M 21 11 a 1 1 0 0 1 1 1 51 51 0 0 1 -3.734 .61 M 7.695 7.695 c -1.7 1.247 -2.92 1.967 -5.238 3.464 a 1 1 0 0 0 -.307 1.369 11.6 11.6 0 0 0 14.766 4.388
Move	M 12 2 v 20 M 15 19 l -3 3 -3 -3 M 19 9 l 3 3 -3 3 M 2 12 h 20 M 5 9 l -3 3 3 3 M 9 5 l 3 -3 3 3
Move3d	M 5 3 v 16 h 16 M 5 19 l 6 -6 M 2 6 l 3 -3 3 3 M 18 16 l 3 3 -3 3
MoveDiagonal	M 11 19 H 5 v -6 M 13 5 h 6 v 6 M 19 5 5 19
MoveDiagonal2	M 19 13 v 6 h -6 M 5 11 V 5 h 6 M 5 5 l 14 14
MoveDown	M 8 18 L 12 22 L 16 18 M 12 2 V 22
MoveDownLeft	M 11 19 H 5 V 13 M 19 5 L 5 19
MoveDownRight	M 19 13 V 19 H 13 M 5 5 L 19 19
MoveHorizontal	M 18 8 l 4 4 -4 4 M 2 12 h 20 M 6 8 l -4 4 4 4
MoveLeft	M 6 8 L 2 12 L 6 16 M 2 12 H 22
MoveRight	M 18 8 L 22 12 L 18 16 M 2 12 H 22
MoveUp	M 8 6 L 12 2 L 16 6 M 12 2 V 22
MoveUpLeft	M 5 11 V 5 H 11 M 5 5 L 19 19
MoveUpRight	M 13 5 H 19 V 11 M 19 5 L 5 19
MoveVertical	M 12 2 v 20 M 8 18 l 4 4 4 -4 M 8 6 l 4 -4 4 4
Music	M 9 18 V 5 l 12 -2 v 13 M 3 18 a 3 3 0 1 0 6 0 a 3 3 0 1 0 -6 0 Z M 15 16 a 3 3 0 1 0 6 0 a 3 3 0 1 0 -6 0 Z
Music2	M 4 18 a 4 4 0 1 0 8 0 a 4 4 0 1 0 -8 0 Z M 12 18 V 2 l 7 4
Music3	M 8 18 a 4 4 0 1 0 8 0 a 4 4 0 1 0 -8 0 Z M 16 18 V 2
Music4	M 9 18 V 5 l 12 -2 v 13 M 9 9 l 12 -2 M 3 18 a 3 3 0 1 0 6 0 a 3 3 0 1 0 -6 0 Z M 15 16 a 3 3 0 1 0 6 0 a 3 3 0 1 0 -6 0 Z
Navigation	M 3 11 L 22 2 L 13 21 L 11 13 L 3 11 Z
Navigation2	M 12 2 L 19 21 L 12 17 L 5 21 L 12 2 Z
Navigation2Off	M 9.31 9.31 5 21 l 7 -4 7 4 -1.17 -3.17 M 14.53 8.88 12 2 l -1.17 3.17 M 2 2 L 22 22
NavigationOff	M 8.43 8.43 3 11 l 8 2 2 8 2.57 -5.43 M 17.39 11.73 22 2 l -9.73 4.61 M 2 2 L 22 22
Network	M 17 16 h 4 a 1 1 0 0 1 1 1 v 4 a 1 1 0 0 1 -1 1 h -4 a 1 1 0 0 1 -1 -1 v -4 a 1 1 0 0 1 1 -1 Z M 3 16 h 4 a 1 1 0 0 1 1 1 v 4 a 1 1 0 0 1 -1 1 h -4 a 1 1 0 0 1 -1 -1 v -4 a 1 1 0 0 1 1 -1 Z M 10 2 h 4 a 1 1 0 0 1 1 1 v 4 a 1 1 0 0 1 -1 1 h -4 a 1 1 0 0 1 -1 -1 v -4 a 1 1 0 0 1 1 -1 Z M 5 16 v -3 a 1 1 0 0 1 1 -1 h 12 a 1 1 0 0 1 1 1 v 3 M 12 12 V 8
Newspaper	M 15 18 h -5 M 18 14 h -8 M 4 22 h 16 a 2 2 0 0 0 2 -2 V 4 a 2 2 0 0 0 -2 -2 H 8 a 2 2 0 0 0 -2 2 v 16 a 2 2 0 0 1 -4 0 v -9 a 2 2 0 0 1 2 -2 h 2 M 11 6 h 6 a 1 1 0 0 1 1 1 v 2 a 1 1 0 0 1 -1 1 h -6 a 1 1 0 0 1 -1 -1 v -2 a 1 1 0 0 1 1 -1 Z
Nfc	M 6 8.32 a 7.43 7.43 0 0 1 0 7.36 M 9.46 6.21 a 11.76 11.76 0 0 1 0 11.58 M 12.91 4.1 a 15.91 15.91 0 0 1 .01 15.8 M 16.37 2 a 20.16 20.16 0 0 1 0 20
NonBinary	M 12 2 v 10 M 8.5 4 l 7 4 M 8.5 8 l 7 -4 M 7 17 a 5 5 0 1 0 10 0 a 5 5 0 1 0 -10 0 Z
Notebook	M 2 6 h 4 M 2 10 h 4 M 2 14 h 4 M 2 18 h 4 M 6 2 h 12 a 2 2 0 0 1 2 2 v 16 a 2 2 0 0 1 -2 2 h -12 a 2 2 0 0 1 -2 -2 v -16 a 2 2 0 0 1 2 -2 Z M 16 2 v 20
NotebookDot	M 16 11.75 V 22 M 2 10 h 4 M 2 14 h 4 M 2 18 h 4 M 2 6 h 4 M 20 11.75 V 20 a 2 2 0 0 1 -2 2 H 6 a 2 2 0 0 1 -2 -2 V 4 a 2 2 0 0 1 2 -2 h 5.65 M 15 5 a 3 3 0 1 0 6 0 a 3 3 0 1 0 -6 0 Z
NotebookPen	M 13.4 2 H 6 a 2 2 0 0 0 -2 2 v 16 a 2 2 0 0 0 2 2 h 12 a 2 2 0 0 0 2 -2 v -7.4 M 2 6 h 4 M 2 10 h 4 M 2 14 h 4 M 2 18 h 4 M 21.378 5.626 a 1 1 0 1 0 -3.004 -3.004 l -5.01 5.012 a 2 2 0 0 0 -.506 .854 l -.837 2.87 a .5 .5 0 0 0 .62 .62 l 2.87 -.837 a 2 2 0 0 0 .854 -.506 z
NotebookTabs	M 2 6 h 4 M 2 10 h 4 M 2 14 h 4 M 2 18 h 4 M 6 2 h 12 a 2 2 0 0 1 2 2 v 16 a 2 2 0 0 1 -2 2 h -12 a 2 2 0 0 1 -2 -2 v -16 a 2 2 0 0 1 2 -2 Z M 15 2 v 20 M 15 7 h 5 M 15 12 h 5 M 15 17 h 5
NotebookText	M 2 6 h 4 M 2 10 h 4 M 2 14 h 4 M 2 18 h 4 M 6 2 h 12 a 2 2 0 0 1 2 2 v 16 a 2 2 0 0 1 -2 2 h -12 a 2 2 0 0 1 -2 -2 v -16 a 2 2 0 0 1 2 -2 Z M 9.5 8 h 5 M 9.5 12 H 16 M 9.5 16 H 14
NotepadText	M 8 2 v 4 M 12 2 v 4 M 16 2 v 4 M 6 4 h 12 a 2 2 0 0 1 2 2 v 14 a 2 2 0 0 1 -2 2 h -12 a 2 2 0 0 1 -2 -2 v -14 a 2 2 0 0 1 2 -2 Z M 8 10 h 6 M 8 14 h 8 M 8 18 h 5
NotepadTextDashed	M 8 2 v 4 M 12 2 v 4 M 16 2 v 4 M 16 4 h 2 a 2 2 0 0 1 2 2 v 2 M 20 12 v 2 M 20 18 v 2 a 2 2 0 0 1 -2 2 h -1 M 13 22 h -2 M 7 22 H 6 a 2 2 0 0 1 -2 -2 v -2 M 4 14 v -2 M 4 8 V 6 a 2 2 0 0 1 2 -2 h 2 M 8 10 h 6 M 8 14 h 8 M 8 18 h 5
Nut	M 12 4 V 2 M 5 10 v 4 a 7.004 7.004 0 0 0 5.277 6.787 c .412 .104 .802 .292 1.102 .592 L 12 22 l .621 -.621 c .3 -.3 .69 -.488 1.102 -.592 A 7.003 7.003 0 0 0 19 14 v -4 M 12 4 C 8 4 4.5 6 4 8 c -.243 .97 -.919 1.952 -2 3 1.31 -.082 1.972 -.29 3 -1 .54 .92 .982 1.356 2 2 1.452 -.647 1.954 -1.098 2.5 -2 .595 .995 1.151 1.427 2.5 2 1.31 -.621 1.862 -1.058 2.5 -2 .629 .977 1.162 1.423 2.5 2 1.209 -.548 1.68 -.967 2 -2 1.032 .916 1.683 1.157 3 1 -1.297 -1.036 -1.758 -2.03 -2 -3 -.5 -2 -4 -4 -8 -4 Z
NutOff	M 12 4 V 2 M 5 10 v 4 a 7.004 7.004 0 0 0 5.277 6.787 c .412 .104 .802 .292 1.102 .592 L 12 22 l .621 -.621 c .3 -.3 .69 -.488 1.102 -.592 a 7.01 7.01 0 0 0 4.125 -2.939 M 19 10 v 3.343 M 12 12 c -1.349 -.573 -1.905 -1.005 -2.5 -2 -.546 .902 -1.048 1.353 -2.5 2 -1.018 -.644 -1.46 -1.08 -2 -2 -1.028 .71 -1.69 .918 -3 1 1.081 -1.048 1.757 -2.03 2 -3 .194 -.776 .84 -1.551 1.79 -2.21 m 11.654 5.997 c .887 -.457 1.28 -.891 1.556 -1.787 1.032 .916 1.683 1.157 3 1 -1.297 -1.036 -1.758 -2.03 -2 -3 -.5 -2 -4 -4 -8 -4 -.74 0 -1.461 .068 -2.15 .192 M 2 2 L 22 22
Octagon	M 2.586 16.726 A 2 2 0 0 1 2 15.312 V 8.688 a 2 2 0 0 1 .586 -1.414 l 4.688 -4.688 A 2 2 0 0 1 8.688 2 h 6.624 a 2 2 0 0 1 1.414 .586 l 4.688 4.688 A 2 2 0 0 1 22 8.688 v 6.624 a 2 2 0 0 1 -.586 1.414 l -4.688 4.688 a 2 2 0 0 1 -1.414 .586 H 8.688 a 2 2 0 0 1 -1.414 -.586 z
OctagonAlert	M 12 16 h .01 M 12 8 v 4 M 15.312 2 a 2 2 0 0 1 1.414 .586 l 4.688 4.688 A 2 2 0 0 1 22 8.688 v 6.624 a 2 2 0 0 1 -.586 1.414 l -4.688 4.688 a 2 2 0 0 1 -1.414 .586 H 8.688 a 2 2 0 0 1 -1.414 -.586 l -4.688 -4.688 A 2 2 0 0 1 2 15.312 V 8.688 a 2 2 0 0 1 .586 -1.414 l 4.688 -4.688 A 2 2 0 0 1 8.688 2 z
OctagonMinus	M 2.586 16.726 A 2 2 0 0 1 2 15.312 V 8.688 a 2 2 0 0 1 .586 -1.414 l 4.688 -4.688 A 2 2 0 0 1 8.688 2 h 6.624 a 2 2 0 0 1 1.414 .586 l 4.688 4.688 A 2 2 0 0 1 22 8.688 v 6.624 a 2 2 0 0 1 -.586 1.414 l -4.688 4.688 a 2 2 0 0 1 -1.414 .586 H 8.688 a 2 2 0 0 1 -1.414 -.586 z M 8 12 h 8
OctagonPause	M 10 15 V 9 M 14 15 V 9 M 2.586 16.726 A 2 2 0 0 1 2 15.312 V 8.688 a 2 2 0 0 1 .586 -1.414 l 4.688 -4.688 A 2 2 0 0 1 8.688 2 h 6.624 a 2 2 0 0 1 1.414 .586 l 4.688 4.688 A 2 2 0 0 1 22 8.688 v 6.624 a 2 2 0 0 1 -.586 1.414 l -4.688 4.688 a 2 2 0 0 1 -1.414 .586 H 8.688 a 2 2 0 0 1 -1.414 -.586 z
OctagonX	M 15 9 l -6 6 M 2.586 16.726 A 2 2 0 0 1 2 15.312 V 8.688 a 2 2 0 0 1 .586 -1.414 l 4.688 -4.688 A 2 2 0 0 1 8.688 2 h 6.624 a 2 2 0 0 1 1.414 .586 l 4.688 4.688 A 2 2 0 0 1 22 8.688 v 6.624 a 2 2 0 0 1 -.586 1.414 l -4.688 4.688 a 2 2 0 0 1 -1.414 .586 H 8.688 a 2 2 0 0 1 -1.414 -.586 z M 9 9 l 6 6
Omega	M 3 20 h 4.5 a .5 .5 0 0 0 .5 -.5 v -.282 a .52 .52 0 0 0 -.247 -.437 8 8 0 1 1 8.494 -.001 .52 .52 0 0 0 -.247 .438 v .282 a .5 .5 0 0 0 .5 .5 H 21
Option	M 14 3 h 7 M 3 3 h 5.28 a 1 1 0 0 1 .948 .684 l 5.544 16.632 a 1 1 0 0 0 .949 .684 H 21
Orbit	M 20.341 6.484 A 10 10 0 0 1 10.266 21.85 M 3.659 17.516 A 10 10 0 0 1 13.74 2.152 M 9 12 a 3 3 0 1 0 6 0 a 3 3 0 1 0 -6 0 Z M 17 5 a 2 2 0 1 0 4 0 a 2 2 0 1 0 -4 0 Z M 3 19 a 2 2 0 1 0 4 0 a 2 2 0 1 0 -4 0 Z
Origami	M 12 12 V 4 a 1 1 0 0 1 1 -1 h 6.297 a 1 1 0 0 1 .651 1.759 l -4.696 4.025 M 12 21 l -7.414 -7.414 A 2 2 0 0 1 4 12.172 V 6.415 a 1.002 1.002 0 0 1 1.707 -.707 L 20 20.009 M 12.214 3.381 l 8.414 14.966 a 1 1 0 0 1 -.167 1.199 l -1.168 1.163 a 1 1 0 0 1 -.706 .291 H 6.351 a 1 1 0 0 1 -.625 -.219 L 3.25 18.8 a 1 1 0 0 1 .631 -1.781 l 4.165 .027
Package	M 11 21.73 a 2 2 0 0 0 2 0 l 7 -4 A 2 2 0 0 0 21 16 V 8 a 2 2 0 0 0 -1 -1.73 l -7 -4 a 2 2 0 0 0 -2 0 l -7 4 A 2 2 0 0 0 3 8 v 8 a 2 2 0 0 0 1 1.73 z M 12 22 V 12 M 3.29 7 L 12 12 L 20.71 7 M 7.5 4.27 l 9 5.15
Package2	M 12 3 v 6 M 16.76 3 a 2 2 0 0 1 1.8 1.1 l 2.23 4.479 a 2 2 0 0 1 .21 .891 V 19 a 2 2 0 0 1 -2 2 H 5 a 2 2 0 0 1 -2 -2 V 9.472 a 2 2 0 0 1 .211 -.894 L 5.45 4.1 A 2 2 0 0 1 7.24 3 z M 3.054 9.013 h 17.893
PackageCheck	M 12 22 V 12 M 16 17 l 2 2 4 -4 M 21 11.127 V 8 a 2 2 0 0 0 -1 -1.73 l -7 -4 a 2 2 0 0 0 -2 0 l -7 4 A 2 2 0 0 0 3 8 v 8 a 2 2 0 0 0 1 1.729 l 7 4 a 2 2 0 0 0 2 .001 l 1.32 -.753 M 3.29 7 12 12 l 8.71 -5 M 7.5 4.27 l 8.997 5.148
PackageMinus	M 12 22 V 12 M 16 17 h 6 M 21 13 V 8 a 2 2 0 0 0 -1 -1.73 l -7 -4 a 2 2 0 0 0 -2 0 l -7 4 A 2 2 0 0 0 3 8 v 8 a 2 2 0 0 0 1 1.729 l 7 4 a 2 2 0 0 0 2 .001 l 1.675 -.955 M 3.29 7 12 12 l 8.71 -5 M 7.5 4.27 l 8.997 5.148
PackageOpen	M 12 22 v -9 M 15.17 2.21 a 1.67 1.67 0 0 1 1.63 0 L 21 4.57 a 1.93 1.93 0 0 1 0 3.36 L 8.82 14.79 a 1.655 1.655 0 0 1 -1.64 0 L 3 12.43 a 1.93 1.93 0 0 1 0 -3.36 z M 20 13 v 3.87 a 2.06 2.06 0 0 1 -1.11 1.83 l -6 3.08 a 1.93 1.93 0 0 1 -1.78 0 l -6 -3.08 A 2.06 2.06 0 0 1 4 16.87 V 13 M 21 12.43 a 1.93 1.93 0 0 0 0 -3.36 L 8.83 2.2 a 1.64 1.64 0 0 0 -1.63 0 L 3 4.57 a 1.93 1.93 0 0 0 0 3.36 l 12.18 6.86 a 1.636 1.636 0 0 0 1.63 0 z
PackagePlus	M 12 22 V 12 M 16 17 h 6 M 19 14 v 6 M 21 10.535 V 8 a 2 2 0 0 0 -1 -1.73 l -7 -4 a 2 2 0 0 0 -2 0 l -7 4 A 2 2 0 0 0 3 8 v 8 a 2 2 0 0 0 1 1.729 l 7 4 a 2 2 0 0 0 2 .001 l 1.675 -.955 M 3.29 7 12 12 l 8.71 -5 M 7.5 4.27 l 8.997 5.148
PackageSearch	M 12 22 V 12 M 20.27 18.27 22 20 M 21 10.498 V 8 a 2 2 0 0 0 -1 -1.73 l -7 -4 a 2 2 0 0 0 -2 0 l -7 4 A 2 2 0 0 0 3 8 v 8 a 2 2 0 0 0 1 1.729 l 7 4 a 2 2 0 0 0 2 .001 l .98 -.559 M 3.29 7 12 12 l 8.71 -5 M 7.5 4.27 l 8.997 5.148 M 16 16.5 a 2.5 2.5 0 1 0 5 0 a 2.5 2.5 0 1 0 -5 0 Z
PackageX	M 12 22 V 12 M 16.5 14.5 l 5 5 M 16.5 19.5 l 5 -5 M 21 10.5 V 8 a 2 2 0 0 0 -1 -1.73 l -7 -4 a 2 2 0 0 0 -2 0 l -7 4 A 2 2 0 0 0 3 8 v 8 a 2 2 0 0 0 1 1.729 l 7 4 a 2 2 0 0 0 2 .001 l .13 -.074 M 3.29 7 12 12 l 8.71 -5 M 7.5 4.27 l 8.997 5.148
PaintBucket	M 11 7 6 2 M 18.992 12 H 2.041 M 21.145 18.38 A 3.34 3.34 0 0 1 20 16.5 a 3.3 3.3 0 0 1 -1.145 1.88 c -.575 .46 -.855 1.02 -.855 1.595 A 2 2 0 0 0 20 22 a 2 2 0 0 0 2 -2.025 c 0 -.58 -.285 -1.13 -.855 -1.595 M 8.5 4.5 l 2.148 -2.148 a 1.205 1.205 0 0 1 1.704 0 l 7.296 7.296 a 1.205 1.205 0 0 1 0 1.704 l -7.592 7.592 a 3.615 3.615 0 0 1 -5.112 0 l -3.888 -3.888 a 3.615 3.615 0 0 1 0 -5.112 L 5.67 7.33
PaintRoller	M 4 2 h 12 a 2 2 0 0 1 2 2 v 2 a 2 2 0 0 1 -2 2 h -12 a 2 2 0 0 1 -2 -2 v -2 a 2 2 0 0 1 2 -2 Z M 10 16 v -2 a 2 2 0 0 1 2 -2 h 8 a 2 2 0 0 0 2 -2 V 7 a 2 2 0 0 0 -2 -2 h -2 M 9 16 h 2 a 1 1 0 0 1 1 1 v 4 a 1 1 0 0 1 -1 1 h -2 a 1 1 0 0 1 -1 -1 v -4 a 1 1 0 0 1 1 -1 Z
Paintbrush	M 14.622 17.897 l -10.68 -2.913 M 18.376 2.622 a 1 1 0 1 1 3.002 3.002 L 17.36 9.643 a .5 .5 0 0 0 0 .707 l .944 .944 a 2.41 2.41 0 0 1 0 3.408 l -.944 .944 a .5 .5 0 0 1 -.707 0 L 8.354 7.348 a .5 .5 0 0 1 0 -.707 l .944 -.944 a 2.41 2.41 0 0 1 3.408 0 l .944 .944 a .5 .5 0 0 0 .707 0 z M 9 8 c -1.804 2.71 -3.97 3.46 -6.583 3.948 a .507 .507 0 0 0 -.302 .819 l 7.32 8.883 a 1 1 0 0 0 1.185 .204 C 12.735 20.405 16 16.792 16 15
PaintbrushVertical	M 10 2 v 2 M 14 2 v 4 M 17 2 a 1 1 0 0 1 1 1 v 9 H 6 V 3 a 1 1 0 0 1 1 -1 z M 6 12 a 1 1 0 0 0 -1 1 v 1 a 2 2 0 0 0 2 2 h 2 a 1 1 0 0 1 1 1 v 2.9 a 2 2 0 1 0 4 0 V 17 a 1 1 0 0 1 1 -1 h 2 a 2 2 0 0 0 2 -2 v -1 a 1 1 0 0 0 -1 -1
Palette	M 12 22 a 1 1 0 0 1 0 -20 10 9 0 0 1 10 9 5 5 0 0 1 -5 5 h -2.25 a 1.75 1.75 0 0 0 -1.4 2.8 l .3 .4 a 1.75 1.75 0 0 1 -1.4 2.8 z	M 13 6.5 a 0.5 0.5 0 1 0 1 0 a 0.5 0.5 0 1 0 -1 0 Z M 17 10.5 a 0.5 0.5 0 1 0 1 0 a 0.5 0.5 0 1 0 -1 0 Z M 6 12.5 a 0.5 0.5 0 1 0 1 0 a 0.5 0.5 0 1 0 -1 0 Z M 8 7.5 a 0.5 0.5 0 1 0 1 0 a 0.5 0.5 0 1 0 -1 0 Z
Panda	M 11.25 17.25 h 1.5 L 12 18 z M 15 12 l 2 2 M 17.902 6.599 a 8 8 0 0 0 -.5 -.5 M 2 14.5 C 2 19.47 6.48 22 12 22 s 10 -2.53 10 -7.5 a 10 10 0 0 0 -1.3 -4.83 4.5 4.5 0 1 0 -7.05 -5.5 8 8 0 0 0 -3.3 0 4.5 4.5 0 1 0 -7.04 5.5 A 10 10 0 0 0 2 14.5 M 6.099 6.599 a 8 8 0 0 1 .5 -.5 M 9 12 l -2 2
PanelBottom	M 5 3 h 14 a 2 2 0 0 1 2 2 v 14 a 2 2 0 0 1 -2 2 h -14 a 2 2 0 0 1 -2 -2 v -14 a 2 2 0 0 1 2 -2 Z M 3 15 h 18
PanelBottomClose	M 5 3 h 14 a 2 2 0 0 1 2 2 v 14 a 2 2 0 0 1 -2 2 h -14 a 2 2 0 0 1 -2 -2 v -14 a 2 2 0 0 1 2 -2 Z M 3 15 h 18 M 15 8 l -3 3 -3 -3
PanelBottomDashed	M 5 3 h 14 a 2 2 0 0 1 2 2 v 14 a 2 2 0 0 1 -2 2 h -14 a 2 2 0 0 1 -2 -2 v -14 a 2 2 0 0 1 2 -2 Z M 14 15 h 1 M 19 15 h 2 M 3 15 h 2 M 9 15 h 1
PanelBottomOpen	M 5 3 h 14 a 2 2 0 0 1 2 2 v 14 a 2 2 0 0 1 -2 2 h -14 a 2 2 0 0 1 -2 -2 v -14 a 2 2 0 0 1 2 -2 Z M 3 15 h 18 M 9 10 l 3 -3 3 3
PanelLeft	M 5 3 h 14 a 2 2 0 0 1 2 2 v 14 a 2 2 0 0 1 -2 2 h -14 a 2 2 0 0 1 -2 -2 v -14 a 2 2 0 0 1 2 -2 Z M 9 3 v 18
PanelLeftClose	M 5 3 h 14 a 2 2 0 0 1 2 2 v 14 a 2 2 0 0 1 -2 2 h -14 a 2 2 0 0 1 -2 -2 v -14 a 2 2 0 0 1 2 -2 Z M 9 3 v 18 M 16 15 l -3 -3 3 -3
PanelLeftDashed	M 5 3 h 14 a 2 2 0 0 1 2 2 v 14 a 2 2 0 0 1 -2 2 h -14 a 2 2 0 0 1 -2 -2 v -14 a 2 2 0 0 1 2 -2 Z M 9 14 v 1 M 9 19 v 2 M 9 3 v 2 M 9 9 v 1
PanelLeftOpen	M 5 3 h 14 a 2 2 0 0 1 2 2 v 14 a 2 2 0 0 1 -2 2 h -14 a 2 2 0 0 1 -2 -2 v -14 a 2 2 0 0 1 2 -2 Z M 9 3 v 18 M 14 9 l 3 3 -3 3
PanelLeftRightDashed	M 15 10 V 9 M 15 15 v -1 M 15 21 v -2 M 15 5 V 3 M 9 10 V 9 M 9 15 v -1 M 9 21 v -2 M 9 5 V 3 M 5 3 h 14 a 2 2 0 0 1 2 2 v 14 a 2 2 0 0 1 -2 2 h -14 a 2 2 0 0 1 -2 -2 v -14 a 2 2 0 0 1 2 -2 Z
PanelRight	M 5 3 h 14 a 2 2 0 0 1 2 2 v 14 a 2 2 0 0 1 -2 2 h -14 a 2 2 0 0 1 -2 -2 v -14 a 2 2 0 0 1 2 -2 Z M 15 3 v 18
PanelRightClose	M 5 3 h 14 a 2 2 0 0 1 2 2 v 14 a 2 2 0 0 1 -2 2 h -14 a 2 2 0 0 1 -2 -2 v -14 a 2 2 0 0 1 2 -2 Z M 15 3 v 18 M 8 9 l 3 3 -3 3
PanelRightDashed	M 5 3 h 14 a 2 2 0 0 1 2 2 v 14 a 2 2 0 0 1 -2 2 h -14 a 2 2 0 0 1 -2 -2 v -14 a 2 2 0 0 1 2 -2 Z M 15 14 v 1 M 15 19 v 2 M 15 3 v 2 M 15 9 v 1
PanelRightOpen	M 5 3 h 14 a 2 2 0 0 1 2 2 v 14 a 2 2 0 0 1 -2 2 h -14 a 2 2 0 0 1 -2 -2 v -14 a 2 2 0 0 1 2 -2 Z M 15 3 v 18 M 10 15 l -3 -3 3 -3
PanelTop	M 5 3 h 14 a 2 2 0 0 1 2 2 v 14 a 2 2 0 0 1 -2 2 h -14 a 2 2 0 0 1 -2 -2 v -14 a 2 2 0 0 1 2 -2 Z M 3 9 h 18
PanelTopBottomDashed	M 14 15 h 1 M 14 9 h 1 M 19 15 h 2 M 19 9 h 2 M 3 15 h 2 M 3 9 h 2 M 9 15 h 1 M 9 9 h 1 M 5 3 h 14 a 2 2 0 0 1 2 2 v 14 a 2 2 0 0 1 -2 2 h -14 a 2 2 0 0 1 -2 -2 v -14 a 2 2 0 0 1 2 -2 Z
PanelTopClose	M 5 3 h 14 a 2 2 0 0 1 2 2 v 14 a 2 2 0 0 1 -2 2 h -14 a 2 2 0 0 1 -2 -2 v -14 a 2 2 0 0 1 2 -2 Z M 3 9 h 18 M 9 16 l 3 -3 3 3
PanelTopDashed	M 5 3 h 14 a 2 2 0 0 1 2 2 v 14 a 2 2 0 0 1 -2 2 h -14 a 2 2 0 0 1 -2 -2 v -14 a 2 2 0 0 1 2 -2 Z M 14 9 h 1 M 19 9 h 2 M 3 9 h 2 M 9 9 h 1
PanelTopOpen	M 5 3 h 14 a 2 2 0 0 1 2 2 v 14 a 2 2 0 0 1 -2 2 h -14 a 2 2 0 0 1 -2 -2 v -14 a 2 2 0 0 1 2 -2 Z M 3 9 h 18 M 15 14 l -3 3 -3 -3
PanelsLeftBottom	M 5 3 h 14 a 2 2 0 0 1 2 2 v 14 a 2 2 0 0 1 -2 2 h -14 a 2 2 0 0 1 -2 -2 v -14 a 2 2 0 0 1 2 -2 Z M 9 3 v 18 M 9 15 h 12
PanelsRightBottom	M 5 3 h 14 a 2 2 0 0 1 2 2 v 14 a 2 2 0 0 1 -2 2 h -14 a 2 2 0 0 1 -2 -2 v -14 a 2 2 0 0 1 2 -2 Z M 3 15 h 12 M 15 3 v 18
PanelsTopLeft	M 5 3 h 14 a 2 2 0 0 1 2 2 v 14 a 2 2 0 0 1 -2 2 h -14 a 2 2 0 0 1 -2 -2 v -14 a 2 2 0 0 1 2 -2 Z M 3 9 h 18 M 9 21 V 9
PaperBag	M 5.364 3.848 C 4 6 3 9.652 3 12.652 V 19 a 2 2 0 0 0 2 2 h 14 a 2 2 0 0 0 2 -2 v -5 c 0 -2.334 -1.816 -4.668 -2.622 -7.002 M 7 3 h 11.379 a 2 2 0 0 1 1.789 1.106 l .723 1.447 A 1 1 0 0 1 19.997 7 h -8.525 a 2 2 0 0 1 -1.789 -1.106 L 8.79 4.105 a 2 2 0 1 0 -3.579 1.789 l 2.261 4.522 A 5 5 0 0 1 8 12.652 V 21
Paperclip	M 16 6 l -8.414 8.586 a 2 2 0 0 0 2.829 2.829 l 8.414 -8.586 a 4 4 0 1 0 -5.657 -5.657 l -8.379 8.551 a 6 6 0 1 0 8.485 8.485 l 8.379 -8.551
Parasol	M 12.5 11.134 18.196 21 M 20.425 5.299 a 10 10 0 0 0 -16.941 9.78 c .183 .563 .843 .774 1.355 .478 L 20.16 6.711 c .512 -.296 .66 -.973 .264 -1.413 M 21 21 H 3
Parentheses	M 8 21 s -4 -3 -4 -9 4 -9 4 -9 M 16 3 s 4 3 4 9 -4 9 -4 9
Park	M 12 18 h 10 M 13.248 9.998 A 4.5 4.5 0 0 0 11.75 8.6 V 8 a 1 1 0 0 0 -7.5 0 4.9 4.9 0 0 0 2.25 9 H 8 M 15 14 l -2 6 M 19 14 l 2 6 M 21 14 h -8 M 8 20 v -5.922 a 2 2 0 0 0 -.586 -1.414 L 6.5 11.75 M 9.205 12.795 8 14 M 17 6 a 2 2 0 1 0 4 0 a 2 2 0 1 0 -4 0 Z
ParkingMeter	M 11 15 h 2 M 12 12 v 3 M 12 19 v 3 M 15.282 19 a 1 1 0 0 0 .948 -.68 l 2.37 -6.988 a 7 7 0 1 0 -13.2 0 l 2.37 6.988 a 1 1 0 0 0 .948 .68 z M 9 9 a 3 3 0 1 1 6 0
PartyPopper	M 5.8 11.3 2 22 l 10.7 -3.79 M 4 3 h .01 M 22 8 h .01 M 15 2 h .01 M 22 20 h .01 M 22 2 l -2.24 .75 a 2.9 2.9 0 0 0 -1.96 3.12 c .1 .86 -.57 1.63 -1.45 1.63 h -.38 c -.86 0 -1.6 .6 -1.76 1.44 L 14 10 M 22 13 l -.82 -.33 c -.86 -.34 -1.82 .2 -1.98 1.11 c -.11 .7 -.72 1.22 -1.43 1.22 H 17 M 11 2 l .33 .82 c .34 .86 -.2 1.82 -1.11 1.98 C 9.52 4.9 9 5.52 9 6.23 V 7 M 11 13 c 1.93 1.93 2.83 4.17 2 5 -.83 .83 -3.07 -.07 -5 -2 -1.93 -1.93 -2.83 -4.17 -2 -5 .83 -.83 3.07 .07 5 2 Z
Pause	M 15 3 h 3 a 1 1 0 0 1 1 1 v 16 a 1 1 0 0 1 -1 1 h -3 a 1 1 0 0 1 -1 -1 v -16 a 1 1 0 0 1 1 -1 Z M 6 3 h 3 a 1 1 0 0 1 1 1 v 16 a 1 1 0 0 1 -1 1 h -3 a 1 1 0 0 1 -1 -1 v -16 a 1 1 0 0 1 1 -1 Z
PawPrint	M 9 4 a 2 2 0 1 0 4 0 a 2 2 0 1 0 -4 0 Z M 16 8 a 2 2 0 1 0 4 0 a 2 2 0 1 0 -4 0 Z M 18 16 a 2 2 0 1 0 4 0 a 2 2 0 1 0 -4 0 Z M 9 10 a 5 5 0 0 1 5 5 v 3.5 a 3.5 3.5 0 0 1 -6.84 1.045 Q 6.52 17.48 4.46 16.84 A 3.5 3.5 0 0 1 5.5 10 Z
PcCase	M 7 2 h 10 a 2 2 0 0 1 2 2 v 16 a 2 2 0 0 1 -2 2 h -10 a 2 2 0 0 1 -2 -2 v -16 a 2 2 0 0 1 2 -2 Z M 15 14 h .01 M 9 6 h 6 M 9 10 h 6
Pen	M 21.174 6.812 a 1 1 0 0 0 -3.986 -3.987 L 3.842 16.174 a 2 2 0 0 0 -.5 .83 l -1.321 4.352 a .5 .5 0 0 0 .623 .622 l 4.353 -1.32 a 2 2 0 0 0 .83 -.497 z
PenLine	M 13 21 h 8 M 21.174 6.812 a 1 1 0 0 0 -3.986 -3.987 L 3.842 16.174 a 2 2 0 0 0 -.5 .83 l -1.321 4.352 a .5 .5 0 0 0 .623 .622 l 4.353 -1.32 a 2 2 0 0 0 .83 -.497 z
PenOff	M 10 10 l -6.157 6.162 a 2 2 0 0 0 -.5 .833 l -1.322 4.36 a .5 .5 0 0 0 .622 .624 l 4.358 -1.323 a 2 2 0 0 0 .83 -.5 L 14 13.982 M 12.829 7.172 l 4.359 -4.346 a 1 1 0 1 1 3.986 3.986 l -4.353 4.353 M 2 2 l 20 20
PenTool	M 15.707 21.293 a 1 1 0 0 1 -1.414 0 l -1.586 -1.586 a 1 1 0 0 1 0 -1.414 l 5.586 -5.586 a 1 1 0 0 1 1.414 0 l 1.586 1.586 a 1 1 0 0 1 0 1.414 z M 18 13 l -1.375 -6.874 a 1 1 0 0 0 -.746 -.776 L 3.235 2.028 a 1 1 0 0 0 -1.207 1.207 L 5.35 15.879 a 1 1 0 0 0 .776 .746 L 13 18 M 2.3 2.3 l 7.286 7.286 M 9 11 a 2 2 0 1 0 4 0 a 2 2 0 1 0 -4 0 Z
Pencil	M 21.174 6.812 a 1 1 0 0 0 -3.986 -3.987 L 3.842 16.174 a 2 2 0 0 0 -.5 .83 l -1.321 4.352 a .5 .5 0 0 0 .623 .622 l 4.353 -1.32 a 2 2 0 0 0 .83 -.497 z M 15 5 l 4 4
PencilLine	M 13 21 h 8 M 15 5 l 4 4 M 21.174 6.812 a 1 1 0 0 0 -3.986 -3.987 L 3.842 16.174 a 2 2 0 0 0 -.5 .83 l -1.321 4.352 a .5 .5 0 0 0 .623 .622 l 4.353 -1.32 a 2 2 0 0 0 .83 -.497 z
PencilOff	M 10 10 l -6.157 6.162 a 2 2 0 0 0 -.5 .833 l -1.322 4.36 a .5 .5 0 0 0 .622 .624 l 4.358 -1.323 a 2 2 0 0 0 .83 -.5 L 14 13.982 M 12.829 7.172 l 4.359 -4.346 a 1 1 0 1 1 3.986 3.986 l -4.353 4.353 M 15 5 l 4 4 M 2 2 l 20 20
PencilRuler	M 13 7 8.7 2.7 a 2.41 2.41 0 0 0 -3.4 0 L 2.7 5.3 a 2.41 2.41 0 0 0 0 3.4 L 7 13 M 8 6 l 2 -2 M 18 16 l 2 -2 M 17 11 l 4.3 4.3 c .94 .94 .94 2.46 0 3.4 l -2.6 2.6 c -.94 .94 -2.46 .94 -3.4 0 L 11 17 M 21.174 6.812 a 1 1 0 0 0 -3.986 -3.987 L 3.842 16.174 a 2 2 0 0 0 -.5 .83 l -1.321 4.352 a .5 .5 0 0 0 .623 .622 l 4.353 -1.32 a 2 2 0 0 0 .83 -.497 z M 15 5 l 4 4
PencilSparkles	M 10 3 H 8 M 15.007 5.008 l 3.987 3.986 M 20 15 v 4 M 21.174 6.813 a 2.82 2.82 0 0 0 -3.986 -3.987 L 3.842 16.175 a 2 2 0 0 0 -.5 .83 l -1.321 4.352 a .5 .5 0 0 0 .623 .622 l 4.353 -1.32 a 2 2 0 0 0 .83 -.497 z M 22 17 h -4 M 4 5 v 4 M 6 7 H 2 M 9 2 v 2
Pentagon	M 10.83 2.38 a 2 2 0 0 1 2.34 0 l 8 5.74 a 2 2 0 0 1 .73 2.25 l -3.04 9.26 a 2 2 0 0 1 -1.9 1.37 H 7.04 a 2 2 0 0 1 -1.9 -1.37 L 2.1 10.37 a 2 2 0 0 1 .73 -2.25 z
Percent	M 19 5 L 5 19 M 4 6.5 a 2.5 2.5 0 1 0 5 0 a 2.5 2.5 0 1 0 -5 0 Z M 15 17.5 a 2.5 2.5 0 1 0 5 0 a 2.5 2.5 0 1 0 -5 0 Z
PersonStanding	M 11 5 a 1 1 0 1 0 2 0 a 1 1 0 1 0 -2 0 Z M 9 20 l 3 -6 3 6 M 6 8 l 6 2 6 -2 M 12 10 v 4
Phi	M 12 2 v 20 M 5 12 a 7 7 0 1 0 14 0 a 7 7 0 1 0 -14 0 Z
PhilippinePeso	M 20 11 H 4 M 20 7 H 4 M 7 21 V 4 a 1 1 0 0 1 1 -1 h 4 a 1 1 0 0 1 0 12 H 7
Phone	M 13.832 16.568 a 1 1 0 0 0 1.213 -.303 l .355 -.465 A 2 2 0 0 1 17 15 h 3 a 2 2 0 0 1 2 2 v 3 a 2 2 0 0 1 -2 2 A 18 18 0 0 1 2 4 a 2 2 0 0 1 2 -2 h 3 a 2 2 0 0 1 2 2 v 3 a 2 2 0 0 1 -.8 1.6 l -.468 .351 a 1 1 0 0 0 -.292 1.233 14 14 0 0 0 6.392 6.384
PhoneCall	M 13 2 a 9 9 0 0 1 9 9 M 13 6 a 5 5 0 0 1 5 5 M 13.832 16.568 a 1 1 0 0 0 1.213 -.303 l .355 -.465 A 2 2 0 0 1 17 15 h 3 a 2 2 0 0 1 2 2 v 3 a 2 2 0 0 1 -2 2 A 18 18 0 0 1 2 4 a 2 2 0 0 1 2 -2 h 3 a 2 2 0 0 1 2 2 v 3 a 2 2 0 0 1 -.8 1.6 l -.468 .351 a 1 1 0 0 0 -.292 1.233 14 14 0 0 0 6.392 6.384
PhoneForwarded	M 14 6 h 8 M 18 2 l 4 4 -4 4 M 13.832 16.568 a 1 1 0 0 0 1.213 -.303 l .355 -.465 A 2 2 0 0 1 17 15 h 3 a 2 2 0 0 1 2 2 v 3 a 2 2 0 0 1 -2 2 A 18 18 0 0 1 2 4 a 2 2 0 0 1 2 -2 h 3 a 2 2 0 0 1 2 2 v 3 a 2 2 0 0 1 -.8 1.6 l -.468 .351 a 1 1 0 0 0 -.292 1.233 14 14 0 0 0 6.392 6.384
PhoneIncoming	M 16 2 v 6 h 6 M 22 2 l -6 6 M 13.832 16.568 a 1 1 0 0 0 1.213 -.303 l .355 -.465 A 2 2 0 0 1 17 15 h 3 a 2 2 0 0 1 2 2 v 3 a 2 2 0 0 1 -2 2 A 18 18 0 0 1 2 4 a 2 2 0 0 1 2 -2 h 3 a 2 2 0 0 1 2 2 v 3 a 2 2 0 0 1 -.8 1.6 l -.468 .351 a 1 1 0 0 0 -.292 1.233 14 14 0 0 0 6.392 6.384
PhoneMissed	M 16 2 l 6 6 M 22 2 l -6 6 M 13.832 16.568 a 1 1 0 0 0 1.213 -.303 l .355 -.465 A 2 2 0 0 1 17 15 h 3 a 2 2 0 0 1 2 2 v 3 a 2 2 0 0 1 -2 2 A 18 18 0 0 1 2 4 a 2 2 0 0 1 2 -2 h 3 a 2 2 0 0 1 2 2 v 3 a 2 2 0 0 1 -.8 1.6 l -.468 .351 a 1 1 0 0 0 -.292 1.233 14 14 0 0 0 6.392 6.384
PhoneOff	M 10.1 13.9 a 14 14 0 0 0 3.732 2.668 1 1 0 0 0 1.213 -.303 l .355 -.465 A 2 2 0 0 1 17 15 h 3 a 2 2 0 0 1 2 2 v 3 a 2 2 0 0 1 -2 2 18 18 0 0 1 -12.728 -5.272 M 22 2 2 22 M 4.76 13.582 A 18 18 0 0 1 2 4 a 2 2 0 0 1 2 -2 h 3 a 2 2 0 0 1 2 2 v 3 a 2 2 0 0 1 -.8 1.6 l -.468 .351 a 1 1 0 0 0 -.292 1.233 14 14 0 0 0 .244 .473
PhoneOutgoing	M 16 8 l 6 -6 M 22 8 V 2 h -6 M 13.832 16.568 a 1 1 0 0 0 1.213 -.303 l .355 -.465 A 2 2 0 0 1 17 15 h 3 a 2 2 0 0 1 2 2 v 3 a 2 2 0 0 1 -2 2 A 18 18 0 0 1 2 4 a 2 2 0 0 1 2 -2 h 3 a 2 2 0 0 1 2 2 v 3 a 2 2 0 0 1 -.8 1.6 l -.468 .351 a 1 1 0 0 0 -.292 1.233 14 14 0 0 0 6.392 6.384
Pi	M 9 4 L 9 20 M 4 7 c 0 -1.7 1.3 -3 3 -3 h 13 M 18 20 c -1.7 0 -3 -1.3 -3 -3 V 4
Piano	M 10 13 v 4 M 14 13 v 4 M 18 13 v 4 M 2 13 h 20 M 22 11.5 A 3.5 3.5 0 0 0 18.5 8 a 3.52 3.52 0 0 1 -3.173 -2 A 7 7 0 0 0 2 9 v 10 a 2 2 0 0 0 2 2 h 16 a 2 2 0 0 0 2 -2 z M 6 13 v 4
Pickaxe	M 14 13 l -8.381 8.38 a 1 1 0 0 1 -3.001 -3 L 11 9.999 M 15.973 4.027 A 13 13 0 0 0 5.902 2.373 c -1.398 .342 -1.092 2.158 .277 2.601 a 19.9 19.9 0 0 1 5.822 3.024 M 16.001 11.999 a 19.9 19.9 0 0 1 3.024 5.824 c .444 1.369 2.26 1.676 2.603 .278 A 13 13 0 0 0 20 8.069 M 18.352 3.352 a 1.205 1.205 0 0 0 -1.704 0 l -5.296 5.296 a 1.205 1.205 0 0 0 0 1.704 l 2.296 2.296 a 1.205 1.205 0 0 0 1.704 0 l 5.296 -5.296 a 1.205 1.205 0 0 0 0 -1.704 z
PictureInPicture	M 2 10 h 6 V 4 M 2 4 l 6 6 M 21 10 V 7 a 2 2 0 0 0 -2 -2 h -7 M 3 14 v 2 a 2 2 0 0 0 2 2 h 3 M 13 14 h 8 a 1 1 0 0 1 1 1 v 5 a 1 1 0 0 1 -1 1 h -8 a 1 1 0 0 1 -1 -1 v -5 a 1 1 0 0 1 1 -1 Z
PictureInPicture2	M 21 9 V 6 a 2 2 0 0 0 -2 -2 H 4 a 2 2 0 0 0 -2 2 v 10 c 0 1.1 .9 2 2 2 h 4 M 14 13 h 6 a 2 2 0 0 1 2 2 v 3 a 2 2 0 0 1 -2 2 h -6 a 2 2 0 0 1 -2 -2 v -3 a 2 2 0 0 1 2 -2 Z
PiggyBank	M 11 17 h 3 v 2 a 1 1 0 0 0 1 1 h 2 a 1 1 0 0 0 1 -1 v -3 a 3.16 3.16 0 0 0 2 -2 h 1 a 1 1 0 0 0 1 -1 v -2 a 1 1 0 0 0 -1 -1 h -1 a 5 5 0 0 0 -2 -4 V 3 a 4 4 0 0 0 -3.2 1.6 l -.3 .4 H 11 a 6 6 0 0 0 -6 6 v 1 a 5 5 0 0 0 2 4 v 3 a 1 1 0 0 0 1 1 h 2 a 1 1 0 0 0 1 -1 z M 16 10 h .01 M 2 8 v 1 a 2 2 0 0 0 2 2 h 1
Pilcrow	M 13 4 v 16 M 17 4 v 16 M 19 4 H 9.5 a 4.5 4.5 0 0 0 0 9 H 13
PilcrowLeft	M 14 3 v 11 M 14 9 h -3 a 3 3 0 0 1 0 -6 h 9 M 18 3 v 11 M 22 18 H 2 l 4 -4 M 6 22 l -4 -4
PilcrowRight	M 10 3 v 11 M 10 9 H 7 a 1 1 0 0 1 0 -6 h 8 M 14 3 v 11 M 18 14 l 4 4 H 2 M 22 18 l -4 4
Pill	M 10.5 20.5 l 10 -10 a 4.95 4.95 0 1 0 -7 -7 l -10 10 a 4.95 4.95 0 1 0 7 7 Z M 8.5 8.5 l 7 7
PillBottle	M 18 11 h -4 a 1 1 0 0 0 -1 1 v 5 a 1 1 0 0 0 1 1 h 4 M 6 7 v 13 a 2 2 0 0 0 2 2 h 8 a 2 2 0 0 0 2 -2 V 7 M 5 2 h 14 a 1 1 0 0 1 1 1 v 3 a 1 1 0 0 1 -1 1 h -14 a 1 1 0 0 1 -1 -1 v -3 a 1 1 0 0 1 1 -1 Z
Pin	M 12 17 v 5 M 9 10.76 a 2 2 0 0 1 -1.11 1.79 l -1.78 .9 A 2 2 0 0 0 5 15.24 V 16 a 1 1 0 0 0 1 1 h 12 a 1 1 0 0 0 1 -1 v -.76 a 2 2 0 0 0 -1.11 -1.79 l -1.78 -.9 A 2 2 0 0 1 15 10.76 V 7 a 1 1 0 0 1 1 -1 2 2 0 0 0 0 -4 H 8 a 2 2 0 0 0 0 4 1 1 0 0 1 1 1 z
PinOff	M 12 17 v 5 M 15 9.34 V 7 a 1 1 0 0 1 1 -1 2 2 0 0 0 0 -4 H 7.89 M 2 2 l 20 20 M 9 9 v 1.76 a 2 2 0 0 1 -1.11 1.79 l -1.78 .9 A 2 2 0 0 0 5 15.24 V 16 a 1 1 0 0 0 1 1 h 11
Pipette	M 12 9 l -8.414 8.414 A 2 2 0 0 0 3 18.828 v 1.344 a 2 2 0 0 1 -.586 1.414 A 2 2 0 0 1 3.828 21 h 1.344 a 2 2 0 0 0 1.414 -.586 L 15 12 M 18 9 l .4 .4 a 1 1 0 1 1 -3 3 l -3.8 -3.8 a 1 1 0 1 1 3 -3 l .4 .4 3.4 -3.4 a 1 1 0 1 1 3 3 z M 2 22 l .414 -.414
Pizza	M 12 14 l -1 1 M 13.75 18.25 l -1.25 1.42 M 17.775 5.654 a 15.68 15.68 0 0 0 -12.121 12.12 M 18.8 9.3 a 1 1 0 0 0 2.1 7.7 M 21.964 20.732 a 1 1 0 0 1 -1.232 1.232 l -18 -5 a 1 1 0 0 1 -.695 -1.232 A 19.68 19.68 0 0 1 15.732 2.037 a 1 1 0 0 1 1.232 .695 z
Plane	M 17.8 19.2 16 11 l 3.5 -3.5 C 21 6 21.5 4 21 3 c -1 -.5 -3 0 -4.5 1.5 L 13 8 4.8 6.2 c -.5 -.1 -.9 .1 -1.1 .5 l -.3 .5 c -.2 .5 -.1 1 .3 1.3 L 9 12 l -2 3 H 4 l -1 1 3 2 2 3 1 -1 v -3 l 3 -2 3.5 5.3 c .3 .4 .8 .5 1.3 .3 l .5 -.2 c .4 -.3 .6 -.7 .5 -1.2 z
PlaneLanding	M 2 22 h 20 M 3.77 10.77 2 9 l 2 -4.5 1.1 .55 c .55 .28 .9 .84 .9 1.45 s .35 1.17 .9 1.45 L 8 8.5 l 3 -6 1.05 .53 a 2 2 0 0 1 1.09 1.52 l .72 5.4 a 2 2 0 0 0 1.09 1.52 l 4.4 2.2 c .42 .22 .78 .55 1.01 .96 l .6 1.03 c .49 .88 -.06 1.98 -1.06 2.1 l -1.18 .15 c -.47 .06 -.95 -.02 -1.37 -.24 L 4.29 11.15 a 2 2 0 0 1 -.52 -.38 Z
PlaneTakeoff	M 2 22 h 20 M 6.36 17.4 4 17 l -2 -4 1.1 -.55 a 2 2 0 0 1 1.8 0 l .17 .1 a 2 2 0 0 0 1.8 0 L 8 12 5 6 l .9 -.45 a 2 2 0 0 1 2.09 .2 l 4.02 3 a 2 2 0 0 0 2.1 .2 l 4.19 -2.06 a 2.41 2.41 0 0 1 1.73 -.17 L 21 7 a 1.4 1.4 0 0 1 .87 1.99 l -.38 .76 c -.23 .46 -.6 .84 -1.07 1.08 L 7.58 17.2 a 2 2 0 0 1 -1.22 .18 Z
PlantPot	M 14 8.536 V 6 a 4 4 0 0 1 4 -4 h 1.5 a .5 .5 0 0 1 .5 .5 V 4 a 4 4 0 0 1 -4 4 4 4 0 0 0 -4 4 5 5 0 0 1 -8 -4 5 5 0 0 1 8 4 c 0 2 1 3 1 5 M 18 17 l -1.085 3.58 A 2 2 0 0 1 15 22 H 9.002 a 2 2 0 0 1 -1.913 -1.418 L 6 17 M 5 17 h 14
Play	M 5 5 a 2 2 0 0 1 3.008 -1.728 l 11.997 6.998 a 2 2 0 0 1 .003 3.458 l -12 7 A 2 2 0 0 1 5 19 z
PlayOff	M 10.215 4.56 l 9.79 5.71 a 2 2 0 0 1 .003 3.458 l -.393 .23 M 16.042 16.042 l -8.034 4.686 A 2 2 0 0 1 5 19 V 5 M 2 2 l 20 20
PlayingCard	M 12.832 8.445 a 1 1 0 0 0 -1.589 -.098 l -2.075 3.098 a 1 1 0 0 0 0 1.11 l 2 3 a 1 1 0 0 0 1.664 0 l 2 -3 a 1 1 0 0 0 0 -1.11 z M 7 2 h 10 a 2 2 0 0 1 2 2 v 16 a 2 2 0 0 1 -2 2 h -10 a 2 2 0 0 1 -2 -2 v -16 a 2 2 0 0 1 2 -2 Z
PlayingCards	M 14.832 8.445 a 1 1 0 0 0 -1.589 -.098 l -2.075 3.098 a 1 1 0 0 0 0 1.11 l 2 3 a 1 1 0 0 0 1.664 0 l 2 -3 a 1 1 0 0 0 0 -1.11 z M 7.18 20.827 l -5 -11 a 2 2 0 0 1 .993 -2.647 L 7 5.44 M 9 2 h 10 a 2 2 0 0 1 2 2 v 16 a 2 2 0 0 1 -2 2 h -10 a 2 2 0 0 1 -2 -2 v -16 a 2 2 0 0 1 2 -2 Z
PlayingCardsFan	M 12.65 7.65 a 2 2 0 0 1 2.629 -1.046 l 5.51 2.374 a 2 2 0 0 1 1.046 2.628 l -3.957 9.184 a 2 2 0 0 1 -2.628 1.046 l -5.51 -2.374 a 2 2 0 0 1 -1.046 -2.628 z M 18 7.777 V 4 a 2 2 0 0 0 -2 -2 h -6 a 2 2 0 0 0 -2 2 v 10 a 2 2 0 0 0 1.137 1.805 M 8 4.389 l -4.364 .809 a 2 2 0 0 0 -1.602 2.33 l 1.822 9.833 a 2 2 0 0 0 2.331 1.602 l 2.542 -.47
Plug	M 12 22 v -5 M 15 8 V 2 M 17 8 a 1 1 0 0 1 1 1 v 4 a 4 4 0 0 1 -4 4 h -4 a 4 4 0 0 1 -4 -4 V 9 a 1 1 0 0 1 1 -1 z M 9 8 V 2
Plug2	M 9 2 v 6 M 15 2 v 6 M 12 17 v 5 M 5 8 h 14 M 6 11 V 8 h 12 v 3 a 6 6 0 1 1 -12 0 Z
PlugZap	M 6.3 20.3 a 2.4 2.4 0 0 0 3.4 0 L 12 18 l -6 -6 -2.3 2.3 a 2.4 2.4 0 0 0 0 3.4 Z M 2 22 l 3 -3 M 7.5 13.5 10 11 M 10.5 16.5 13 14 M 18 3 l -4 4 h 6 l -4 4
Plus	M 5 12 h 14 M 12 5 v 14
PocketKnife	M 3 2 v 1 c 0 1 2 1 2 2 S 3 6 3 7 s 2 1 2 2 -2 1 -2 2 2 1 2 2 M 18 6 h .01 M 6 18 h .01 M 20.83 8.83 a 4 4 0 0 0 -5.66 -5.66 l -12 12 a 4 4 0 1 0 5.66 5.66 Z M 18 11.66 V 22 a 4 4 0 0 0 4 -4 V 6
Podium	M 12 6 V 2 h -1 M 9 15 a 1 1 0 0 0 -1 -1 H 4 a 1 1 0 0 0 -1 1 v 5 a 1 1 0 0 0 1 1 h 16 a 1 1 0 0 0 1 -1 v -3 a 1 1 0 0 0 -1 -1 h -4 a 1 1 0 0 0 -1 1 M 9 21 V 11 a 1 1 0 0 1 1 -1 h 4 a 1 1 0 0 1 1 1 v 10
Pointer	M 22 14 a 8 8 0 0 1 -8 8 M 18 11 v -1 a 2 2 0 0 0 -2 -2 a 2 2 0 0 0 -2 2 M 14 10 V 9 a 2 2 0 0 0 -2 -2 a 2 2 0 0 0 -2 2 v 1 M 10 9.5 V 4 a 2 2 0 0 0 -2 -2 a 2 2 0 0 0 -2 2 v 10 M 18 11 a 2 2 0 1 1 4 0 v 3 a 8 8 0 0 1 -8 8 h -2 c -2.8 0 -4.5 -.86 -5.99 -2.34 l -3.6 -3.6 a 2 2 0 0 1 2.83 -2.82 L 7 15
PointerOff	M 10 4.5 V 4 a 2 2 0 0 0 -2.41 -1.957 M 13.9 8.4 a 2 2 0 0 0 -1.26 -1.295 M 21.7 16.2 A 8 8 0 0 0 22 14 v -3 a 2 2 0 1 0 -4 0 v -1 a 2 2 0 0 0 -3.63 -1.158 M 7 15 l -1.8 -1.8 a 2 2 0 0 0 -2.79 2.86 L 6 19.7 a 7.74 7.74 0 0 0 6 2.3 h 2 a 8 8 0 0 0 5.657 -2.343 M 6 6 v 8 M 2 2 l 20 20
Popcorn	M 18 8 a 2 2 0 0 0 0 -4 2 2 0 0 0 -4 0 2 2 0 0 0 -4 0 2 2 0 0 0 -4 0 2 2 0 0 0 0 4 M 10 22 9 8 M 14 22 l 1 -14 M 20 8 c .5 0 .9 .4 .8 1 l -2.6 12 c -.1 .5 -.7 1 -1.2 1 H 7 c -.6 0 -1.1 -.4 -1.2 -1 L 3.2 9 c -.1 -.6 .3 -1 .8 -1 Z
Popsicle	M 18.6 14.4 c .8 -.8 .8 -2 0 -2.8 l -8.1 -8.1 a 4.95 4.95 0 1 0 -7.1 7.1 l 8.1 8.1 c .9 .7 2.1 .7 2.9 -.1 Z M 22 22 l -5.5 -5.5
PoundSterling	M 18 7 c 0 -5.333 -8 -5.333 -8 0 M 10 7 v 14 M 6 21 h 12 M 6 13 h 10
Power	M 12 2 v 10 M 18.4 6.6 a 9 9 0 1 1 -12.77 .04
PowerOff	M 18.36 6.64 A 9 9 0 0 1 20.77 15 M 6.16 6.16 a 9 9 0 1 0 12.68 12.68 M 12 2 v 4 M 2 2 l 20 20
Presentation	M 2 3 h 20 M 21 3 v 11 a 2 2 0 0 1 -2 2 H 5 a 2 2 0 0 1 -2 -2 V 3 M 7 21 l 5 -5 5 5
Printer	M 6 18 H 4 a 2 2 0 0 1 -2 -2 v -5 a 2 2 0 0 1 2 -2 h 16 a 2 2 0 0 1 2 2 v 5 a 2 2 0 0 1 -2 2 h -2 M 6 9 V 3 a 1 1 0 0 1 1 -1 h 10 a 1 1 0 0 1 1 1 v 6 M 7 14 h 10 a 1 1 0 0 1 1 1 v 6 a 1 1 0 0 1 -1 1 h -10 a 1 1 0 0 1 -1 -1 v -6 a 1 1 0 0 1 1 -1 Z
PrinterCheck	M 13.5 22 H 7 a 1 1 0 0 1 -1 -1 v -6 a 1 1 0 0 1 1 -1 h 10 a 1 1 0 0 1 1 1 v .5 M 16 19 l 2 2 4 -4 M 6 18 H 4 a 2 2 0 0 1 -2 -2 v -5 a 2 2 0 0 1 2 -2 h 16 a 2 2 0 0 1 2 2 v 2 M 6 9 V 3 a 1 1 0 0 1 1 -1 h 10 a 1 1 0 0 1 1 1 v 6
PrinterX	M 12.531 22 H 7 a 1 1 0 0 1 -1 -1 v -6 a 1 1 0 0 1 1 -1 h 6.377 M 16.5 16.5 l 5 5 M 16.5 21.5 l 5 -5 M 6 18 H 4 a 2 2 0 0 1 -2 -2 v -5 a 2 2 0 0 1 2 -2 h 16 a 2 2 0 0 1 2 2 v 1.5 M 6 9 V 3 a 1 1 0 0 1 1 -1 h 10 a 1 1 0 0 1 1 1 v 6
Projector	M 5 7 3 5 M 9 6 V 3 M 13 7 l 2 -2 M 6 13 a 3 3 0 1 0 6 0 a 3 3 0 1 0 -6 0 Z M 11.83 12 H 20 a 2 2 0 0 1 2 2 v 4 a 2 2 0 0 1 -2 2 H 4 a 2 2 0 0 1 -2 -2 v -4 a 2 2 0 0 1 2 -2 h 2.17 M 16 16 h 2
Proportions	M 4 4 h 16 a 2 2 0 0 1 2 2 v 12 a 2 2 0 0 1 -2 2 h -16 a 2 2 0 0 1 -2 -2 v -12 a 2 2 0 0 1 2 -2 Z M 12 9 v 11 M 2 9 h 13 a 2 2 0 0 1 2 2 v 9
Puzzle	M 15.39 4.39 a 1 1 0 0 0 1.68 -.474 2.5 2.5 0 1 1 3.014 3.015 1 1 0 0 0 -.474 1.68 l 1.683 1.682 a 2.414 2.414 0 0 1 0 3.414 L 19.61 15.39 a 1 1 0 0 1 -1.68 -.474 2.5 2.5 0 1 0 -3.014 3.015 1 1 0 0 1 .474 1.68 l -1.683 1.682 a 2.414 2.414 0 0 1 -3.414 0 L 8.61 19.61 a 1 1 0 0 0 -1.68 .474 2.5 2.5 0 1 1 -3.014 -3.015 1 1 0 0 0 .474 -1.68 l -1.683 -1.682 a 2.414 2.414 0 0 1 0 -3.414 L 4.39 8.61 a 1 1 0 0 1 1.68 .474 2.5 2.5 0 1 0 3.014 -3.015 1 1 0 0 1 -.474 -1.68 l 1.683 -1.682 a 2.414 2.414 0 0 1 3.414 0 z
Pyramid	M 2.5 16.88 a 1 1 0 0 1 -.32 -1.43 l 9 -13.02 a 1 1 0 0 1 1.64 0 l 9 13.01 a 1 1 0 0 1 -.32 1.44 l -8.51 4.86 a 2 2 0 0 1 -1.98 0 Z M 12 2 v 20
QrCode	M 4 3 h 3 a 1 1 0 0 1 1 1 v 3 a 1 1 0 0 1 -1 1 h -3 a 1 1 0 0 1 -1 -1 v -3 a 1 1 0 0 1 1 -1 Z M 17 3 h 3 a 1 1 0 0 1 1 1 v 3 a 1 1 0 0 1 -1 1 h -3 a 1 1 0 0 1 -1 -1 v -3 a 1 1 0 0 1 1 -1 Z M 4 16 h 3 a 1 1 0 0 1 1 1 v 3 a 1 1 0 0 1 -1 1 h -3 a 1 1 0 0 1 -1 -1 v -3 a 1 1 0 0 1 1 -1 Z M 21 16 h -3 a 2 2 0 0 0 -2 2 v 3 M 21 21 v .01 M 12 7 v 3 a 2 2 0 0 1 -2 2 H 7 M 3 12 h .01 M 12 3 h .01 M 12 16 v .01 M 16 12 h 1 M 21 12 v .01 M 12 21 v -1
Quote	M 16 3 a 2 2 0 0 0 -2 2 v 6 a 2 2 0 0 0 2 2 1 1 0 0 1 1 1 v 1 a 2 2 0 0 1 -2 2 1 1 0 0 0 -1 1 v 2 a 1 1 0 0 0 1 1 6 6 0 0 0 6 -6 V 5 a 2 2 0 0 0 -2 -2 z M 5 3 a 2 2 0 0 0 -2 2 v 6 a 2 2 0 0 0 2 2 1 1 0 0 1 1 1 v 1 a 2 2 0 0 1 -2 2 1 1 0 0 0 -1 1 v 2 a 1 1 0 0 0 1 1 6 6 0 0 0 6 -6 V 5 a 2 2 0 0 0 -2 -2 z
Rabbit	M 13 16 a 3 3 0 0 1 2.24 5 M 18 12 h .01 M 18 21 h -8 a 4 4 0 0 1 -4 -4 7 7 0 0 1 7 -7 h .2 L 9.6 6.4 a 1 1 0 1 1 2.8 -2.8 L 15.8 7 h .2 c 3.3 0 6 2.7 6 6 v 1 a 2 2 0 0 1 -2 2 h -1 a 3 3 0 0 0 -3 3 M 20 8.54 V 4 a 2 2 0 1 0 -4 0 v 3 M 7.612 12.524 a 3 3 0 1 0 -1.6 4.3
Radar	M 19.07 4.93 A 10 10 0 0 0 6.99 3.34 M 4 6 h .01 M 2.29 9.62 A 10 10 0 1 0 21.31 8.35 M 16.24 7.76 A 6 6 0 1 0 8.23 16.67 M 12 18 h .01 M 17.99 11.66 A 6 6 0 0 1 15.77 16.67 M 10 12 a 2 2 0 1 0 4 0 a 2 2 0 1 0 -4 0 Z M 13.41 10.59 l 5.66 -5.66
Radiation	M 12 12 h .01 M 14 15.4641 a 4 4 0 0 1 -4 0 L 7.52786 19.74597 A 1 1 0 0 0 7.99303 21.16211 10 10 0 0 0 16.00697 21.16211 1 1 0 0 0 16.47214 19.74597 z M 16 12 a 4 4 0 0 0 -2 -3.464 l 2.472 -4.282 a 1 1 0 0 1 1.46 -.305 10 10 0 0 1 4.006 6.94 A 1 1 0 0 1 21 12 z M 8 12 a 4 4 0 0 1 2 -3.464 L 7.528 4.254 a 1 1 0 0 0 -1.46 -.305 10 10 0 0 0 -4.006 6.94 A 1 1 0 0 0 3 12 z
Radical	M 3 12 h 3.28 a 1 1 0 0 1 .948 .684 l 2.298 7.934 a .5 .5 0 0 0 .96 -.044 L 13.82 4.771 A 1 1 0 0 1 14.792 4 H 21
Radio	M 16.247 7.761 a 6 6 0 0 1 0 8.478 M 19.075 4.933 a 10 10 0 0 1 0 14.134 M 4.925 19.067 a 10 10 0 0 1 0 -14.134 M 7.753 16.239 a 6 6 0 0 1 0 -8.478 M 10 12 a 2 2 0 1 0 4 0 a 2 2 0 1 0 -4 0 Z
RadioOff	M 13.414 13.414 a 2 2 0 1 1 -2.828 -2.828 M 16.247 7.761 a 6 6 0 0 1 1.744 4.572 M 19.075 4.933 a 10 10 0 0 1 2.234 10.72 M 2 2 l 20 20 M 4.925 19.067 a 10 10 0 0 1 0 -14.134 M 7.753 16.239 a 6 6 0 0 1 0 -8.478
RadioReceiver	M 5 16 v 2 M 19 16 v 2 M 4 8 h 16 a 2 2 0 0 1 2 2 v 4 a 2 2 0 0 1 -2 2 h -16 a 2 2 0 0 1 -2 -2 v -4 a 2 2 0 0 1 2 -2 Z M 18 12 h .01
RadioTower	M 4.9 16.1 C 1 12.2 1 5.8 4.9 1.9 M 7.8 4.7 a 6.14 6.14 0 0 0 -.8 7.5 M 10 9 a 2 2 0 1 0 4 0 a 2 2 0 1 0 -4 0 Z M 16.2 4.8 c 2 2 2.26 5.11 .8 7.47 M 19.1 1.9 a 9.96 9.96 0 0 1 0 14.1 M 9.5 18 h 5 M 8 22 l 4 -11 4 11
Radius	M 20.34 17.52 a 10 10 0 1 0 -2.82 2.82 M 17 19 a 2 2 0 1 0 4 0 a 2 2 0 1 0 -4 0 Z M 13.41 13.41 l 4.18 4.18 M 10 12 a 2 2 0 1 0 4 0 a 2 2 0 1 0 -4 0 Z
Rainbow	M 22 17 a 10 10 0 0 0 -20 0 M 6 17 a 6 6 0 0 1 12 0 M 10 17 a 2 2 0 0 1 4 0
Rat	M 13 22 H 4 a 2 2 0 0 1 0 -4 h 12 M 13.236 18 a 3 3 0 0 0 -2.2 -5 M 16 9 h .01 M 16.82 3.94 a 3 3 0 1 1 3.237 4.868 l 1.815 2.587 a 1.5 1.5 0 0 1 -1.5 2.1 l -2.872 -.453 a 3 3 0 0 0 -3.5 3 M 17 4.988 a 3 3 0 1 0 -5.2 2.052 A 7 7 0 0 0 4 14.015 4 4 0 0 0 8 18
Ratio	M 8 2 h 8 a 2 2 0 0 1 2 2 v 16 a 2 2 0 0 1 -2 2 h -8 a 2 2 0 0 1 -2 -2 v -16 a 2 2 0 0 1 2 -2 Z M 4 6 h 16 a 2 2 0 0 1 2 2 v 8 a 2 2 0 0 1 -2 2 h -16 a 2 2 0 0 1 -2 -2 v -8 a 2 2 0 0 1 2 -2 Z
Receipt	M 12 17 V 7 M 16 8 h -6 a 2 2 0 0 0 0 4 h 4 a 2 2 0 0 1 0 4 H 8 M 4 3 a 1 1 0 0 1 1 -1 1.3 1.3 0 0 1 .7 .2 l .933 .6 a 1.3 1.3 0 0 0 1.4 0 l .934 -.6 a 1.3 1.3 0 0 1 1.4 0 l .933 .6 a 1.3 1.3 0 0 0 1.4 0 l .933 -.6 a 1.3 1.3 0 0 1 1.4 0 l .934 .6 a 1.3 1.3 0 0 0 1.4 0 l .933 -.6 A 1.3 1.3 0 0 1 19 2 a 1 1 0 0 1 1 1 v 18 a 1 1 0 0 1 -1 1 1.3 1.3 0 0 1 -.7 -.2 l -.933 -.6 a 1.3 1.3 0 0 0 -1.4 0 l -.934 .6 a 1.3 1.3 0 0 1 -1.4 0 l -.933 -.6 a 1.3 1.3 0 0 0 -1.4 0 l -.933 .6 a 1.3 1.3 0 0 1 -1.4 0 l -.934 -.6 a 1.3 1.3 0 0 0 -1.4 0 l -.933 .6 a 1.3 1.3 0 0 1 -.7 .2 1 1 0 0 1 -1 -1 z
ReceiptCent	M 12 7 v 10 M 14.828 14.829 a 4 4 0 0 1 -5.656 0 4 4 0 0 1 0 -5.657 4 4 0 0 1 5.656 0 M 4 3 a 1 1 0 0 1 1 -1 1.3 1.3 0 0 1 .7 .2 l .933 .6 a 1.3 1.3 0 0 0 1.4 0 l .934 -.6 a 1.3 1.3 0 0 1 1.4 0 l .933 .6 a 1.3 1.3 0 0 0 1.4 0 l .933 -.6 a 1.3 1.3 0 0 1 1.4 0 l .934 .6 a 1.3 1.3 0 0 0 1.4 0 l .933 -.6 A 1.3 1.3 0 0 1 19 2 a 1 1 0 0 1 1 1 v 18 a 1 1 0 0 1 -1 1 1.3 1.3 0 0 1 -.7 -.2 l -.933 -.6 a 1.3 1.3 0 0 0 -1.4 0 l -.934 .6 a 1.3 1.3 0 0 1 -1.4 0 l -.933 -.6 a 1.3 1.3 0 0 0 -1.4 0 l -.933 .6 a 1.3 1.3 0 0 1 -1.4 0 l -.934 -.6 a 1.3 1.3 0 0 0 -1.4 0 l -.933 .6 a 1.3 1.3 0 0 1 -.7 .2 1 1 0 0 1 -1 -1 z
ReceiptEuro	M 15.828 14.829 a 4 4 0 0 1 -5.656 0 4 4 0 0 1 0 -5.657 4 4 0 0 1 5.656 0 M 4 3 a 1 1 0 0 1 1 -1 1.3 1.3 0 0 1 .7 .2 l .933 .6 a 1.3 1.3 0 0 0 1.4 0 l .934 -.6 a 1.3 1.3 0 0 1 1.4 0 l .933 .6 a 1.3 1.3 0 0 0 1.4 0 l .933 -.6 a 1.3 1.3 0 0 1 1.4 0 l .934 .6 a 1.3 1.3 0 0 0 1.4 0 l .933 -.6 A 1.3 1.3 0 0 1 19 2 a 1 1 0 0 1 1 1 v 18 a 1 1 0 0 1 -1 1 1.3 1.3 0 0 1 -.7 -.2 l -.933 -.6 a 1.3 1.3 0 0 0 -1.4 0 l -.934 .6 a 1.3 1.3 0 0 1 -1.4 0 l -.933 -.6 a 1.3 1.3 0 0 0 -1.4 0 l -.933 .6 a 1.3 1.3 0 0 1 -1.4 0 l -.934 -.6 a 1.3 1.3 0 0 0 -1.4 0 l -.933 .6 a 1.3 1.3 0 0 1 -.7 .2 1 1 0 0 1 -1 -1 z M 8 12 h 5
ReceiptIndianRupee	M 4 3 a 1 1 0 0 1 1 -1 1.3 1.3 0 0 1 .7 .2 l .933 .6 a 1.3 1.3 0 0 0 1.4 0 l .934 -.6 a 1.3 1.3 0 0 1 1.4 0 l .933 .6 a 1.3 1.3 0 0 0 1.4 0 l .933 -.6 a 1.3 1.3 0 0 1 1.4 0 l .934 .6 a 1.3 1.3 0 0 0 1.4 0 l .933 -.6 A 1.3 1.3 0 0 1 19 2 a 1 1 0 0 1 1 1 v 18 a 1 1 0 0 1 -1 1 1.3 1.3 0 0 1 -.7 -.2 l -.933 -.6 a 1.3 1.3 0 0 0 -1.4 0 l -.934 .6 a 1.3 1.3 0 0 1 -1.4 0 l -.933 -.6 a 1.3 1.3 0 0 0 -1.4 0 l -.933 .6 a 1.3 1.3 0 0 1 -1.4 0 l -.934 -.6 a 1.3 1.3 0 0 0 -1.4 0 l -.933 .6 a 1.3 1.3 0 0 1 -.7 .2 1 1 0 0 1 -1 -1 z M 8 11 h 8 M 8 7 h 8 M 9 7 a 4 4 0 0 1 0 8 H 8 l 3 2
ReceiptJapaneseYen	M 12 10 l 3 -3 M 4 3 a 1 1 0 0 1 1 -1 1.3 1.3 0 0 1 .7 .2 l .933 .6 a 1.3 1.3 0 0 0 1.4 0 l .934 -.6 a 1.3 1.3 0 0 1 1.4 0 l .933 .6 a 1.3 1.3 0 0 0 1.4 0 l .933 -.6 a 1.3 1.3 0 0 1 1.4 0 l .934 .6 a 1.3 1.3 0 0 0 1.4 0 l .933 -.6 A 1.3 1.3 0 0 1 19 2 a 1 1 0 0 1 1 1 v 18 a 1 1 0 0 1 -1 1 1.3 1.3 0 0 1 -.7 -.2 l -.933 -.6 a 1.3 1.3 0 0 0 -1.4 0 l -.934 .6 a 1.3 1.3 0 0 1 -1.4 0 l -.933 -.6 a 1.3 1.3 0 0 0 -1.4 0 l -.933 .6 a 1.3 1.3 0 0 1 -1.4 0 l -.934 -.6 a 1.3 1.3 0 0 0 -1.4 0 l -.933 .6 a 1.3 1.3 0 0 1 -.7 .2 1 1 0 0 1 -1 -1 z M 9 11 h 6 M 9 15 h 6 M 9 7 l 3 3 v 7
ReceiptPoundSterling	M 10 17 V 9.5 a 1 1 0 0 1 5 0 M 4 3 a 1 1 0 0 1 1 -1 1.3 1.3 0 0 1 .7 .2 l .933 .6 a 1.3 1.3 0 0 0 1.4 0 l .934 -.6 a 1.3 1.3 0 0 1 1.4 0 l .933 .6 a 1.3 1.3 0 0 0 1.4 0 l .933 -.6 a 1.3 1.3 0 0 1 1.4 0 l .934 .6 a 1.3 1.3 0 0 0 1.4 0 l .933 -.6 A 1.3 1.3 0 0 1 19 2 a 1 1 0 0 1 1 1 v 18 a 1 1 0 0 1 -1 1 1.3 1.3 0 0 1 -.7 -.2 l -.933 -.6 a 1.3 1.3 0 0 0 -1.4 0 l -.934 .6 a 1.3 1.3 0 0 1 -1.4 0 l -.933 -.6 a 1.3 1.3 0 0 0 -1.4 0 l -.933 .6 a 1.3 1.3 0 0 1 -1.4 0 l -.934 -.6 a 1.3 1.3 0 0 0 -1.4 0 l -.933 .6 a 1.3 1.3 0 0 1 -.7 .2 1 1 0 0 1 -1 -1 z M 8 13 h 5 M 8 17 h 7
ReceiptRussianRuble	M 4 3 a 1 1 0 0 1 1 -1 1.3 1.3 0 0 1 .7 .2 l .933 .6 a 1.3 1.3 0 0 0 1.4 0 l .934 -.6 a 1.3 1.3 0 0 1 1.4 0 l .933 .6 a 1.3 1.3 0 0 0 1.4 0 l .933 -.6 a 1.3 1.3 0 0 1 1.4 0 l .934 .6 a 1.3 1.3 0 0 0 1.4 0 l .933 -.6 A 1.3 1.3 0 0 1 19 2 a 1 1 0 0 1 1 1 v 18 a 1 1 0 0 1 -1 1 1.3 1.3 0 0 1 -.7 -.2 l -.933 -.6 a 1.3 1.3 0 0 0 -1.4 0 l -.934 .6 a 1.3 1.3 0 0 1 -1.4 0 l -.933 -.6 a 1.3 1.3 0 0 0 -1.4 0 l -.933 .6 a 1.3 1.3 0 0 1 -1.4 0 l -.934 -.6 a 1.3 1.3 0 0 0 -1.4 0 l -.933 .6 a 1.3 1.3 0 0 1 -.7 .2 1 1 0 0 1 -1 -1 z M 8 11 h 5 a 2 2 0 0 0 0 -4 h -3 v 10 M 8 15 h 5
ReceiptSwissFranc	M 10 11 h 4 M 10 17 V 7 h 5 M 4 3 a 1 1 0 0 1 1 -1 1.3 1.3 0 0 1 .7 .2 l .933 .6 a 1.3 1.3 0 0 0 1.4 0 l .934 -.6 a 1.3 1.3 0 0 1 1.4 0 l .933 .6 a 1.3 1.3 0 0 0 1.4 0 l .933 -.6 a 1.3 1.3 0 0 1 1.4 0 l .934 .6 a 1.3 1.3 0 0 0 1.4 0 l .933 -.6 A 1.3 1.3 0 0 1 19 2 a 1 1 0 0 1 1 1 v 18 a 1 1 0 0 1 -1 1 1.3 1.3 0 0 1 -.7 -.2 l -.933 -.6 a 1.3 1.3 0 0 0 -1.4 0 l -.934 .6 a 1.3 1.3 0 0 1 -1.4 0 l -.933 -.6 a 1.3 1.3 0 0 0 -1.4 0 l -.933 .6 a 1.3 1.3 0 0 1 -1.4 0 l -.934 -.6 a 1.3 1.3 0 0 0 -1.4 0 l -.933 .6 a 1.3 1.3 0 0 1 -.7 .2 1 1 0 0 1 -1 -1 z M 8 15 h 5
ReceiptText	M 13 16 H 8 M 14 8 H 8 M 16 12 H 8 M 4 3 a 1 1 0 0 1 1 -1 1.3 1.3 0 0 1 .7 .2 l .933 .6 a 1.3 1.3 0 0 0 1.4 0 l .934 -.6 a 1.3 1.3 0 0 1 1.4 0 l .933 .6 a 1.3 1.3 0 0 0 1.4 0 l .933 -.6 a 1.3 1.3 0 0 1 1.4 0 l .934 .6 a 1.3 1.3 0 0 0 1.4 0 l .933 -.6 A 1.3 1.3 0 0 1 19 2 a 1 1 0 0 1 1 1 v 18 a 1 1 0 0 1 -1 1 1.3 1.3 0 0 1 -.7 -.2 l -.933 -.6 a 1.3 1.3 0 0 0 -1.4 0 l -.934 .6 a 1.3 1.3 0 0 1 -1.4 0 l -.933 -.6 a 1.3 1.3 0 0 0 -1.4 0 l -.933 .6 a 1.3 1.3 0 0 1 -1.4 0 l -.934 -.6 a 1.3 1.3 0 0 0 -1.4 0 l -.933 .6 a 1.3 1.3 0 0 1 -.7 .2 1 1 0 0 1 -1 -1 z
ReceiptTurkishLira	M 10 7 v 10 a 5 5 0 0 0 5 -5 M 14 8 l -6 3 M 4 3 a 1 1 0 0 1 1 -1 1.3 1.3 0 0 1 .7 .2 l .933 .6 a 1.3 1.3 0 0 0 1.4 0 l .934 -.6 a 1.3 1.3 0 0 1 1.4 0 l .933 .6 a 1.3 1.3 0 0 0 1.4 0 l .933 -.6 a 1.3 1.3 0 0 1 1.4 0 l .934 .6 a 1.3 1.3 0 0 0 1.4 0 l .933 -.6 A 1.3 1.3 0 0 1 19 2 a 1 1 0 0 1 1 1 v 18 a 1 1 0 0 1 -1 1 1.3 1.3 0 0 1 -.7 -.2 l -.933 -.6 a 1.3 1.3 0 0 0 -1.4 0 l -.934 .6 a 1.3 1.3 0 0 1 -1.4 0 l -.933 -.6 a 1.3 1.3 0 0 0 -1.4 0 l -.933 .6 a 1.3 1.3 0 0 1 -1.4 0 l -.934 -.6 a 1.3 1.3 0 0 0 -1.4 0 l -.933 .6 a 1.3 1.3 0 0 1 -.7 .2 1 1 0 0 1 -1 -1 z
RectangleCircle	M 14 4 v 16 H 3 a 1 1 0 0 1 -1 -1 V 5 a 1 1 0 0 1 1 -1 z M 6 12 a 8 8 0 1 0 16 0 a 8 8 0 1 0 -16 0 Z
RectangleEllipsis	M 4 6 h 16 a 2 2 0 0 1 2 2 v 8 a 2 2 0 0 1 -2 2 h -16 a 2 2 0 0 1 -2 -2 v -8 a 2 2 0 0 1 2 -2 Z M 12 12 h .01 M 17 12 h .01 M 7 12 h .01
RectangleGoggles	M 20 6 a 2 2 0 0 1 2 2 v 8 a 2 2 0 0 1 -2 2 h -4 a 2 2 0 0 1 -1.6 -.8 l -1.6 -2.13 a 1 1 0 0 0 -1.6 0 L 9.6 17.2 A 2 2 0 0 1 8 18 H 4 a 2 2 0 0 1 -2 -2 V 8 a 2 2 0 0 1 2 -2 z
RectangleHorizontal	M 4 6 h 16 a 2 2 0 0 1 2 2 v 8 a 2 2 0 0 1 -2 2 h -16 a 2 2 0 0 1 -2 -2 v -8 a 2 2 0 0 1 2 -2 Z
RectangleVertical	M 8 2 h 8 a 2 2 0 0 1 2 2 v 16 a 2 2 0 0 1 -2 2 h -8 a 2 2 0 0 1 -2 -2 v -16 a 2 2 0 0 1 2 -2 Z
Recycle	M 7 19 H 4.815 a 1.83 1.83 0 0 1 -1.57 -.881 1.785 1.785 0 0 1 -.004 -1.784 L 7.196 9.5 M 11 19 h 8.203 a 1.83 1.83 0 0 0 1.556 -.89 1.784 1.784 0 0 0 0 -1.775 l -1.226 -2.12 M 14 16 l -3 3 3 3 M 8.293 13.596 7.196 9.5 3.1 10.598 M 9.344 5.811 l 1.093 -1.892 A 1.83 1.83 0 0 1 11.985 3 a 1.784 1.784 0 0 1 1.546 .888 l 3.943 6.843 M 13.378 9.633 l 4.096 1.098 1.097 -4.096
Redo	M 21 7 v 6 h -6 M 3 17 a 9 9 0 0 1 9 -9 9 9 0 0 1 6 2.3 l 3 2.7
Redo2	M 15 14 l 5 -5 -5 -5 M 20 9 H 9.5 A 5.5 5.5 0 0 0 4 14.5 A 5.5 5.5 0 0 0 9.5 20 H 13
RedoDot	M 11 17 a 1 1 0 1 0 2 0 a 1 1 0 1 0 -2 0 Z M 21 7 v 6 h -6 M 3 17 a 9 9 0 0 1 9 -9 9 9 0 0 1 6 2.3 l 3 2.7
RefreshCcw	M 21 12 a 9 9 0 0 0 -9 -9 9.75 9.75 0 0 0 -6.74 2.74 L 3 8 M 3 3 v 5 h 5 M 3 12 a 9 9 0 0 0 9 9 9.75 9.75 0 0 0 6.74 -2.74 L 21 16 M 16 16 h 5 v 5
RefreshCcwDot	M 21 12 a 9 9 0 0 0 -9 -9 9.75 9.75 0 0 0 -6.74 2.74 L 3 8 M 3 3 v 5 h 5 M 3 12 a 9 9 0 0 0 9 9 9.75 9.75 0 0 0 6.74 -2.74 L 21 16 M 16 16 h 5 v 5 M 11 12 a 1 1 0 1 0 2 0 a 1 1 0 1 0 -2 0 Z
RefreshCw	M 3 12 a 9 9 0 0 1 9 -9 9.75 9.75 0 0 1 6.74 2.74 L 21 8 M 21 3 v 5 h -5 M 21 12 a 9 9 0 0 1 -9 9 9.75 9.75 0 0 1 -6.74 -2.74 L 3 16 M 8 16 H 3 v 5
RefreshCwOff	M 21 8 L 18.74 5.74 A 9.75 9.75 0 0 0 12 3 C 11 3 10.03 3.16 9.13 3.47 M 8 16 H 3 v 5 M 3 12 C 3 9.51 4 7.26 5.64 5.64 M 3 16 l 2.26 2.26 A 9.75 9.75 0 0 0 12 21 c 2.49 0 4.74 -1 6.36 -2.64 M 21 12 c 0 1 -.16 1.97 -.47 2.87 M 21 3 v 5 h -5 M 22 22 2 2
Refrigerator	M 5 6 a 4 4 0 0 1 4 -4 h 6 a 4 4 0 0 1 4 4 v 14 a 2 2 0 0 1 -2 2 H 7 a 2 2 0 0 1 -2 -2 V 6 Z M 5 10 h 14 M 15 7 v 6
Regex	M 17 3 v 10 M 12.67 5.5 l 8.66 5 M 12.67 10.5 l 8.66 -5 M 9 17 a 2 2 0 0 0 -2 -2 H 5 a 2 2 0 0 0 -2 2 v 2 a 2 2 0 0 0 2 2 h 2 a 2 2 0 0 0 2 -2 v -2 z
RemoveFormatting	M 4 7 V 4 h 16 v 3 M 5 20 h 6 M 13 4 8 20 M 15 15 l 5 5 M 20 15 l -5 5
Repeat	M 17 2 l 4 4 -4 4 M 3 11 v -1 a 4 4 0 0 1 4 -4 h 14 M 7 22 l -4 -4 4 -4 M 21 13 v 1 a 4 4 0 0 1 -4 4 H 3
Repeat1	M 17 2 l 4 4 -4 4 M 3 11 v -1 a 4 4 0 0 1 4 -4 h 14 M 7 22 l -4 -4 4 -4 M 21 13 v 1 a 4 4 0 0 1 -4 4 H 3 M 11 10 h 1 v 4
Repeat2	M 2 9 l 3 -3 3 3 M 13 18 H 7 a 2 2 0 0 1 -2 -2 V 6 M 22 15 l -3 3 -3 -3 M 11 6 h 6 a 2 2 0 0 1 2 2 v 10
RepeatOff	M 11.656 6 H 21 l -4 -4 M 17.898 17.898 A 4 4 0 0 1 17 18 H 3 l 4 -4 M 2 2 l 20 20 M 21 13 v 1 a 4 4 0 0 1 -.171 1.159 M 21 6 l -4 4 M 3 11 v -1 a 4 4 0 0 1 3.102 -3.898 M 7 22 l -4 -4
Replace	M 14 4 a 1 1 0 0 1 1 -1 M 15 10 a 1 1 0 0 1 -1 -1 M 21 4 a 1 1 0 0 0 -1 -1 M 21 9 a 1 1 0 0 1 -1 1 M 3 7 l 3 3 3 -3 M 6 10 V 5 a 2 2 0 0 1 2 -2 h 2 M 4 14 h 5 a 1 1 0 0 1 1 1 v 5 a 1 1 0 0 1 -1 1 h -5 a 1 1 0 0 1 -1 -1 v -5 a 1 1 0 0 1 1 -1 Z
ReplaceAll	M 14 14 a 1 1 0 0 1 1 1 v 5 a 1 1 0 0 1 -1 1 M 14 4 a 1 1 0 0 1 1 -1 M 15 10 a 1 1 0 0 1 -1 -1 M 19 14 a 1 1 0 0 1 1 1 v 5 a 1 1 0 0 1 -1 1 M 21 4 a 1 1 0 0 0 -1 -1 M 21 9 a 1 1 0 0 1 -1 1 M 3 7 l 3 3 3 -3 M 6 10 V 5 a 2 2 0 0 1 2 -2 h 2 M 4 14 h 5 a 1 1 0 0 1 1 1 v 5 a 1 1 0 0 1 -1 1 h -5 a 1 1 0 0 1 -1 -1 v -5 a 1 1 0 0 1 1 -1 Z
Reply	M 20 18 v -2 a 4 4 0 0 0 -4 -4 H 4 M 9 17 l -5 -5 5 -5
ReplyAll	M 12 17 l -5 -5 5 -5 M 22 18 v -2 a 4 4 0 0 0 -4 -4 H 7 M 7 17 l -5 -5 5 -5
Rewind	M 12 6 a 2 2 0 0 0 -3.414 -1.414 l -6 6 a 2 2 0 0 0 0 2.828 l 6 6 A 2 2 0 0 0 12 18 z M 22 6 a 2 2 0 0 0 -3.414 -1.414 l -6 6 a 2 2 0 0 0 0 2.828 l 6 6 A 2 2 0 0 0 22 18 z
Ribbon	M 12 11.22 C 11 9.997 10 9 10 8 a 2 2 0 0 1 4 0 c 0 1 -.998 2.002 -2.01 3.22 M 12 18 l 2.57 -3.5 M 6.243 9.016 a 7 7 0 0 1 11.507 -.009 M 9.35 14.53 12 11.22 M 9.35 14.53 C 7.728 12.246 6 10.221 6 7 a 6 5 0 0 1 12 0 c -.005 3.22 -1.778 5.235 -3.43 7.5 l 3.557 4.527 a 1 1 0 0 1 -.203 1.43 l -1.894 1.36 a 1 1 0 0 1 -1.384 -.215 L 12 18 l -2.679 3.593 a 1 1 0 0 1 -1.39 .213 l -1.865 -1.353 a 1 1 0 0 1 -.203 -1.422 z
Road	M 12 17 v 4 M 12 5 V 3 M 12 9 v 3 M 2.077 18.449 A 2 2 0 0 0 4 21 h 16 a 2 2 0 0 0 1.924 -2.55 l -4 -14 A 2 2 0 0 0 16 3 H 8 a 2 2 0 0 0 -1.924 1.45 z
RobotArm	M 12 21 7.5 8.322 M 14 7 l 1.75 -3.767 a .5 .5 0 0 1 .662 -.172 L 20 5.005 M 20 8.998 l -3.588 1.944 a .5 .5 0 0 1 -.662 -.172 L 14 7 H 8 M 3.486 21 h 10 M 5 21 V 8.732 M 4 7 a 2 2 0 1 0 4 0 a 2 2 0 1 0 -4 0 Z
RobotVacuum	M 11 17 h 2 M 12 12 h .01 M 17 12 a 5 5 0 0 0 -10 0 M 19 2 v 2.8 M 2 5 h 2.8 M 22 5 h -2.8 M 5 2 v 2.8 M 2 12 a 10 10 0 1 0 20 0 a 10 10 0 1 0 -20 0 Z
Rocket	M 12 15 v 5 s 3.03 -.55 4 -2 c 1.08 -1.62 0 -5 0 -5 M 4.5 16.5 c -1.5 1.26 -2 5 -2 5 s 3.74 -.5 5 -2 c .71 -.84 .7 -2.13 -.09 -2.91 a 2.18 2.18 0 0 0 -2.91 -.09 M 9 12 a 22 22 0 0 1 2 -3.95 A 12.88 12.88 0 0 1 22 2 c 0 2.72 -.78 7.5 -6 11 a 22.4 22.4 0 0 1 -4 2 z M 9 12 H 4 s .55 -3.03 2 -4 c 1.62 -1.08 5 .05 5 .05
RockingChair	M 15 13 l 3.708 7.416 M 3 19 a 15 15 0 0 0 18 0 M 3 2 l 3.21 9.633 A 2 2 0 0 0 8.109 13 H 18 M 9 13 l -3.708 7.416
RollerCoaster	M 6 19 V 5 M 10 19 V 6.8 M 14 19 v -7.8 M 18 5 v 4 M 18 19 v -6 M 22 19 V 9 M 2 19 V 9 a 4 4 0 0 1 4 -4 c 2 0 4 1.33 6 4 s 4 4 6 4 a 4 4 0 1 0 -3 -6.65
Rose	M 17 10 h -1 a 4 4 0 1 1 4 -4 v .534 M 17 6 h 1 a 4 4 0 0 1 1.42 7.74 l -2.29 .87 a 6 6 0 0 1 -5.339 -10.68 l 2.069 -1.31 M 4.5 17 c 2.8 -.5 4.4 0 5.5 .8 s 1.8 2.2 2.3 3.7 c -2 .4 -3.5 .4 -4.8 -.3 -1.2 -.6 -2.3 -1.9 -3 -4.2 M 9.77 12 C 4 15 2 22 2 22 M 15 8 a 2 2 0 1 0 4 0 a 2 2 0 1 0 -4 0 Z
Rotate3d	M 15.194 13.707 l 3.814 1.86 -1.86 3.814 M 16.47214 7.52786 A 5 10 0 1 0 13 21.79796 M 21.79796 11 A 10 5 0 1 0 19 15.57071
RotateCcw	M 3 12 a 9 9 0 1 0 9 -9 9.75 9.75 0 0 0 -6.74 2.74 L 3 8 M 3 3 v 5 h 5
RotateCcwClock	M 3 12 a 9 9 0 1 0 9 -9 9.75 9.75 0 0 0 -6.74 2.74 L 3 8 M 3 3 v 5 h 5 M 12 7 v 5 l 4 2
RotateCcwKey	M 12 7 v 6 M 12 9 h 2 M 3 12 a 9 9 0 1 0 9 -9 9.74 9.74 0 0 0 -6.74 2.74 L 3 8 M 3 3 v 5 h 5 M 10 15 a 2 2 0 1 0 4 0 a 2 2 0 1 0 -4 0 Z
RotateCcwSquare	M 20 9 V 7 a 2 2 0 0 0 -2 -2 h -6 M 15 2 l -3 3 3 3 M 20 13 v 5 a 2 2 0 0 1 -2 2 H 6 a 2 2 0 0 1 -2 -2 V 7 a 2 2 0 0 1 2 -2 h 2
RotateCw	M 21 12 a 9 9 0 1 1 -9 -9 c 2.52 0 4.93 1 6.74 2.74 L 21 8 M 21 3 v 5 h -5
RotateCwFadingClock	M 12 3 a 9.75 9.75 0 0 1 6.74 2.74 M 18.74 5.74 21 8 M 21 8 V 3 M 7.5 19.794 c -6 -3.464 -6 -12.124 0 -15.588 M 7.5 4.206 A 9 9 0 0 1 12 3 M 12 7 v 5 l 4 2 M 14 20.775 A 9 9 0 0 1 12 21 M 19 17.656 a 9 9 0 0 1 -1.5 1.456 M 21 12 a 9 9 0 0 1 -.228 2 M 21 8 h -5
RotateCwSquare	M 12 5 H 6 a 2 2 0 0 0 -2 2 v 3 M 9 8 l 3 -3 -3 -3 M 4 14 v 4 a 2 2 0 0 0 2 2 h 12 a 2 2 0 0 0 2 -2 V 7 a 2 2 0 0 0 -2 -2 h -2
Route	M 3 19 a 3 3 0 1 0 6 0 a 3 3 0 1 0 -6 0 Z M 9 19 h 8.5 a 3.5 3.5 0 0 0 0 -7 h -11 a 3.5 3.5 0 0 1 0 -7 H 15 M 15 5 a 3 3 0 1 0 6 0 a 3 3 0 1 0 -6 0 Z
RouteOff	M 3 19 a 3 3 0 1 0 6 0 a 3 3 0 1 0 -6 0 Z M 9 19 h 8.5 c .4 0 .9 -.1 1.3 -.2 M 5.2 5.2 A 3.5 3.53 0 0 0 6.5 12 H 12 M 2 2 l 20 20 M 21 15.3 a 3.5 3.5 0 0 0 -3.3 -3.3 M 15 5 h -4.3 M 15 5 a 3 3 0 1 0 6 0 a 3 3 0 1 0 -6 0 Z
Router	M 4 14 h 16 a 2 2 0 0 1 2 2 v 4 a 2 2 0 0 1 -2 2 h -16 a 2 2 0 0 1 -2 -2 v -4 a 2 2 0 0 1 2 -2 Z M 6.01 18 H 6 M 10.01 18 H 10 M 15 10 v 4 M 17.84 7.17 a 4 4 0 0 0 -5.66 0 M 20.66 4.34 a 8 8 0 0 0 -11.31 0
Rows2	M 5 3 h 14 a 2 2 0 0 1 2 2 v 14 a 2 2 0 0 1 -2 2 h -14 a 2 2 0 0 1 -2 -2 v -14 a 2 2 0 0 1 2 -2 Z M 3 12 h 18
Rows3	M 5 3 h 14 a 2 2 0 0 1 2 2 v 14 a 2 2 0 0 1 -2 2 h -14 a 2 2 0 0 1 -2 -2 v -14 a 2 2 0 0 1 2 -2 Z M 21 9 H 3 M 21 15 H 3
Rows4	M 5 3 h 14 a 2 2 0 0 1 2 2 v 14 a 2 2 0 0 1 -2 2 h -14 a 2 2 0 0 1 -2 -2 v -14 a 2 2 0 0 1 2 -2 Z M 21 7.5 H 3 M 21 12 H 3 M 21 16.5 H 3
Rss	M 4 11 a 9 9 0 0 1 9 9 M 4 4 a 16 16 0 0 1 16 16 M 4 19 a 1 1 0 1 0 2 0 a 1 1 0 1 0 -2 0 Z
Ruler	M 21.3 15.3 a 2.4 2.4 0 0 1 0 3.4 l -2.6 2.6 a 2.4 2.4 0 0 1 -3.4 0 L 2.7 8.7 a 2.41 2.41 0 0 1 0 -3.4 l 2.6 -2.6 a 2.41 2.41 0 0 1 3.4 0 Z M 14.5 12.5 l 2 -2 M 11.5 9.5 l 2 -2 M 8.5 6.5 l 2 -2 M 17.5 15.5 l 2 -2
RulerDimensionLine	M 10 15 v -3 M 14 15 v -3 M 18 15 v -3 M 2 8 V 4 M 22 6 H 2 M 22 8 V 4 M 6 15 v -3 M 4 12 h 16 a 2 2 0 0 1 2 2 v 4 a 2 2 0 0 1 -2 2 h -16 a 2 2 0 0 1 -2 -2 v -4 a 2 2 0 0 1 2 -2 Z
RussianRuble	M 6 11 h 8 a 4 4 0 0 0 0 -8 H 9 v 18 M 6 15 h 8
Sailboat	M 10 2 v 15 M 7 22 a 4 4 0 0 1 -4 -4 1 1 0 0 1 1 -1 h 16 a 1 1 0 0 1 1 1 4 4 0 0 1 -4 4 z M 9.159 2.46 a 1 1 0 0 1 1.521 -.193 l 9.977 8.98 A 1 1 0 0 1 20 13 H 4 a 1 1 0 0 1 -.824 -1.567 z
Salad	M 7 21 h 10 M 12 21 a 9 9 0 0 0 9 -9 H 3 a 9 9 0 0 0 9 9 Z M 11.38 12 a 2.4 2.4 0 0 1 -.4 -4.77 2.4 2.4 0 0 1 3.2 -2.77 2.4 2.4 0 0 1 3.47 -.63 2.4 2.4 0 0 1 3.37 3.37 2.4 2.4 0 0 1 -1.1 3.7 2.51 2.51 0 0 1 .03 1.1 M 13 12 l 4 -4 M 10.9 7.25 A 3.99 3.99 0 0 0 4 10 c 0 .73 .2 1.41 .54 2
Sandwich	M 2.37 11.223 l 8.372 -6.777 a 2 2 0 0 1 2.516 0 l 8.371 6.777 M 21 15 a 1 1 0 0 1 1 1 v 2 a 1 1 0 0 1 -1 1 h -5.25 M 3 15 a 1 1 0 0 0 -1 1 v 2 a 1 1 0 0 0 1 1 h 9 M 6.67 15 l 6.13 4.6 a 2 2 0 0 0 2.8 -.4 l 3.15 -4.2 M 3 11 h 18 a 1 1 0 0 1 1 1 v 2 a 1 1 0 0 1 -1 1 h -18 a 1 1 0 0 1 -1 -1 v -2 a 1 1 0 0 1 1 -1 Z
Satellite	M 13.5 6.5 l -3.148 -3.148 a 1.205 1.205 0 0 0 -1.704 0 L 6.352 5.648 a 1.205 1.205 0 0 0 0 1.704 L 9.5 10.5 M 16.5 7.5 19 5 M 17.5 10.5 l 3.148 3.148 a 1.205 1.205 0 0 1 0 1.704 l -2.296 2.296 a 1.205 1.205 0 0 1 -1.704 0 L 13.5 14.5 M 9 21 a 6 6 0 0 0 -6 -6 M 9.352 10.648 a 1.205 1.205 0 0 0 0 1.704 l 2.296 2.296 a 1.205 1.205 0 0 0 1.704 0 l 4.296 -4.296 a 1.205 1.205 0 0 0 0 -1.704 l -2.296 -2.296 a 1.205 1.205 0 0 0 -1.704 0 z
SatelliteDish	M 18 12 a 6 6 0 0 0 -6 -6 M 2.824 10.459 a 8 8 0 0 0 10.717 10.717 c .558 -.276 .623 -1.012 .183 -1.452 l -9.448 -9.448 c -.44 -.44 -1.176 -.375 -1.452 .183 M 22 12 A 10 10 0 0 0 12 2 M 9 15 l 4 -4
SaudiRiyal	M 20 19.5 l -5.5 1.2 M 14.5 4 v 11.22 a 1 1 0 0 0 1.242 .97 L 20 15.2 M 2.978 19.351 l 5.549 -1.363 A 2 2 0 0 0 10 16 V 2 M 20 10 4 13.5
Save	M 15.2 3 a 2 2 0 0 1 1.4 .6 l 3.8 3.8 a 2 2 0 0 1 .6 1.4 V 19 a 2 2 0 0 1 -2 2 H 5 a 2 2 0 0 1 -2 -2 V 5 a 2 2 0 0 1 2 -2 z M 17 21 v -7 a 1 1 0 0 0 -1 -1 H 8 a 1 1 0 0 0 -1 1 v 7 M 7 3 v 4 a 1 1 0 0 0 1 1 h 7
SaveAll	M 10 2 v 3 a 1 1 0 0 0 1 1 h 5 M 18 18 v -6 a 1 1 0 0 0 -1 -1 h -6 a 1 1 0 0 0 -1 1 v 6 M 18 22 H 4 a 2 2 0 0 1 -2 -2 V 6 M 8 18 a 2 2 0 0 1 -2 -2 V 4 a 2 2 0 0 1 2 -2 h 9.172 a 2 2 0 0 1 1.414 .586 l 2.828 2.828 A 2 2 0 0 1 22 6.828 V 16 a 2 2 0 0 1 -2.01 2 z
SaveCheck	M 12.5 21 H 5 a 2 2 0 0 1 -2 -2 V 5 a 2 2 0 0 1 2 -2 h 10.2 a 2 2 0 0 1 1.4 .6 l 3.8 3.8 a 2 2 0 0 1 .6 1.4 v 4.35 M 16 19 l 2 2 4 -4 M 17 15.13 V 14 a 1 1 0 0 0 -1 -1 H 8 a 1 1 0 0 0 -1 1 v 7 M 7 3 v 4 a 1 1 0 0 0 1 1 h 7
SaveOff	M 13 13 H 8 a 1 1 0 0 0 -1 1 v 7 M 14 8 h 1 M 17 21 v -4 M 2 2 l 20 20 M 20.41 20.41 A 2 2 0 0 1 19 21 H 5 a 2 2 0 0 1 -2 -2 V 5 a 2 2 0 0 1 .59 -1.41 M 29.5 11.5 s 5 5 4 5 M 9 3 h 6.2 a 2 2 0 0 1 1.4 .6 l 3.8 3.8 a 2 2 0 0 1 .6 1.4 V 15
SavePen	M 13.33 13 H 8 a 1 1 0 0 0 -1 1 v 7 M 14.363 17.634 a 2 2 0 0 0 -.506 .854 l -.837 2.87 a .5 .5 0 0 0 .62 .62 l 2.87 -.837 a 2 2 0 0 0 .854 -.506 l 4.013 -4.009 a 1 1 0 1 0 -3.004 -3.004 z M 7 3 v 4 a 1 1 0 0 0 1 1 h 7 M 9 21 H 5 a 2 2 0 0 1 -2 -2 V 5 a 2 2 0 0 1 2 -2 h 10.2 a 2 2 0 0 1 1.4 .6 l 3.8 3.8 a 2 2 0 0 1 .6 1.4 v .3
SavePlus	M 12.5 21 H 5 a 2 2 0 0 1 -2 -2 V 5 a 2 2 0 0 1 2 -2 h 10.2 a 2 2 0 0 1 1.4 .6 l 3.8 3.8 a 2 2 0 0 1 .6 1.4 V 12 M 16 13 H 8 a 1 1 0 0 0 -1 1 v 7 M 19 22 v -6 M 22 19 h -6 M 7 3 v 4 a 1 1 0 0 0 1 1 h 7
Scale	M 12 3 v 18 M 19 8 l 3 8 a 5 5 0 0 1 -6 0 z V 7 M 3 7 h 1 a 17 17 0 0 0 8 -2 17 17 0 0 0 8 2 h 1 M 5 8 l 3 8 a 5 5 0 0 1 -6 0 z V 7 M 7 21 h 10
Scale3d	M 5 7 v 11 a 1 1 0 0 0 1 1 h 11 M 5.293 18.707 11 13 M 17 19 a 2 2 0 1 0 4 0 a 2 2 0 1 0 -4 0 Z M 3 5 a 2 2 0 1 0 4 0 a 2 2 0 1 0 -4 0 Z
Scaling	M 12 3 H 5 a 2 2 0 0 0 -2 2 v 14 a 2 2 0 0 0 2 2 h 14 a 2 2 0 0 0 2 -2 v -7 M 14 15 H 9 v -5 M 16 3 h 5 v 5 M 21 3 9 15
Scan	M 3 7 V 5 a 2 2 0 0 1 2 -2 h 2 M 17 3 h 2 a 2 2 0 0 1 2 2 v 2 M 21 17 v 2 a 2 2 0 0 1 -2 2 h -2 M 7 21 H 5 a 2 2 0 0 1 -2 -2 v -2
ScanBarcode	M 3 7 V 5 a 2 2 0 0 1 2 -2 h 2 M 17 3 h 2 a 2 2 0 0 1 2 2 v 2 M 21 17 v 2 a 2 2 0 0 1 -2 2 h -2 M 7 21 H 5 a 2 2 0 0 1 -2 -2 v -2 M 8 7 v 10 M 12 7 v 10 M 17 7 v 10
ScanBox	M 12 12 v 5.5 M 17 3 h 2 a 2 2 0 0 1 2 2 v 2 M 21 17 v 2 a 2 2 0 0 1 -2 2 h -2 M 3 7 V 5 a 2 2 0 0 1 2 -2 h 2 M 7 21 H 5 a 2 2 0 0 1 -2 -2 v -2 M 7.264 9.252 12 12 l 4.737 -2.748 M 7.995 8.514 A 2 2 0 0 0 7 10.244 v 3.516 a 2 2 0 0 0 .996 1.73 l 3 1.74 a 2 2 0 0 0 2.008 0 l 3 -1.74 A 2 2 0 0 0 17 13.76 v -3.517 a 2 2 0 0 0 -.995 -1.73 l -3 -1.742 a 2 2 0 0 0 -1.892 -.064 z
ScanEye	M 3 7 V 5 a 2 2 0 0 1 2 -2 h 2 M 17 3 h 2 a 2 2 0 0 1 2 2 v 2 M 21 17 v 2 a 2 2 0 0 1 -2 2 h -2 M 7 21 H 5 a 2 2 0 0 1 -2 -2 v -2 M 11 12 a 1 1 0 1 0 2 0 a 1 1 0 1 0 -2 0 Z M 18.944 12.33 a 1 1 0 0 0 0 -.66 7.5 7.5 0 0 0 -13.888 0 1 1 0 0 0 0 .66 7.5 7.5 0 0 0 13.888 0
ScanFace	M 3 7 V 5 a 2 2 0 0 1 2 -2 h 2 M 17 3 h 2 a 2 2 0 0 1 2 2 v 2 M 21 17 v 2 a 2 2 0 0 1 -2 2 h -2 M 7 21 H 5 a 2 2 0 0 1 -2 -2 v -2 M 8 14 s 1.5 2 4 2 4 -2 4 -2 M 9 9 h .01 M 15 9 h .01
ScanHeart	M 17 3 h 2 a 2 2 0 0 1 2 2 v 2 M 21 17 v 2 a 2 2 0 0 1 -2 2 h -2 M 3 7 V 5 a 2 2 0 0 1 2 -2 h 2 M 7 21 H 5 a 2 2 0 0 1 -2 -2 v -2 M 7.828 13.07 A 3 3 0 0 1 12 8.764 a 3 3 0 0 1 4.172 4.306 l -3.447 3.62 a 1 1 0 0 1 -1.449 0 z
ScanLine	M 3 7 V 5 a 2 2 0 0 1 2 -2 h 2 M 17 3 h 2 a 2 2 0 0 1 2 2 v 2 M 21 17 v 2 a 2 2 0 0 1 -2 2 h -2 M 7 21 H 5 a 2 2 0 0 1 -2 -2 v -2 M 7 12 h 10
ScanQrCode	M 17 12 v 4 a 1 1 0 0 1 -1 1 h -4 M 17 3 h 2 a 2 2 0 0 1 2 2 v 2 M 17 8 V 7 M 21 17 v 2 a 2 2 0 0 1 -2 2 h -2 M 3 7 V 5 a 2 2 0 0 1 2 -2 h 2 M 7 17 h .01 M 7 21 H 5 a 2 2 0 0 1 -2 -2 v -2 M 8 7 h 3 a 1 1 0 0 1 1 1 v 3 a 1 1 0 0 1 -1 1 h -3 a 1 1 0 0 1 -1 -1 v -3 a 1 1 0 0 1 1 -1 Z
ScanSearch	M 3 7 V 5 a 2 2 0 0 1 2 -2 h 2 M 17 3 h 2 a 2 2 0 0 1 2 2 v 2 M 21 17 v 2 a 2 2 0 0 1 -2 2 h -2 M 7 21 H 5 a 2 2 0 0 1 -2 -2 v -2 M 9 12 a 3 3 0 1 0 6 0 a 3 3 0 1 0 -6 0 Z M 16 16 l -1.9 -1.9
ScanSquare	M 3 7 V 5 a 2 2 0 0 1 2 -2 h 2 M 17 3 h 2 a 2 2 0 0 1 2 2 v 2 M 21 17 v 2 a 2 2 0 0 1 -2 2 h -2 M 7 21 H 5 a 2 2 0 0 1 -2 -2 v -2 M 9 8 h 6 a 1 1 0 0 1 1 1 v 6 a 1 1 0 0 1 -1 1 h -6 a 1 1 0 0 1 -1 -1 v -6 a 1 1 0 0 1 1 -1 Z
ScanText	M 3 7 V 5 a 2 2 0 0 1 2 -2 h 2 M 17 3 h 2 a 2 2 0 0 1 2 2 v 2 M 21 17 v 2 a 2 2 0 0 1 -2 2 h -2 M 7 21 H 5 a 2 2 0 0 1 -2 -2 v -2 M 7 8 h 8 M 7 12 h 10 M 7 16 h 6
School	M 14 21 v -3 a 2 2 0 0 0 -4 0 v 3 M 18 4.933 V 21 M 4 6 l 7.106 -3.79 a 2 2 0 0 1 1.788 0 L 20 6 M 6 11 l -3.52 2.147 a 1 1 0 0 0 -.48 .854 V 19 a 2 2 0 0 0 2 2 h 16 a 2 2 0 0 0 2 -2 v -5 a 1 1 0 0 0 -.48 -.853 L 18 11 M 6 4.933 V 21 M 10 9 a 2 2 0 1 0 4 0 a 2 2 0 1 0 -4 0 Z
Scissors	M 3 6 a 3 3 0 1 0 6 0 a 3 3 0 1 0 -6 0 Z M 8.12 8.12 12 12 M 20 4 8.12 15.88 M 3 18 a 3 3 0 1 0 6 0 a 3 3 0 1 0 -6 0 Z M 14.8 14.8 20 20
ScissorsLineDashed	M 5.42 9.42 8 12 M 2 8 a 2 2 0 1 0 4 0 a 2 2 0 1 0 -4 0 Z M 14 6 l -8.58 8.58 M 2 16 a 2 2 0 1 0 4 0 a 2 2 0 1 0 -4 0 Z M 10.8 14.8 14 18 M 16 12 h -2 M 22 12 h -2
Scooter	M 21 4 h -3.5 l 2 11.05 M 6.95 17 h 5.142 c .523 0 .95 -.406 1.063 -.916 a 6.5 6.5 0 0 1 5.345 -5.009 M 17 17.5 a 2.5 2.5 0 1 0 5 0 a 2.5 2.5 0 1 0 -5 0 Z M 2 17.5 a 2.5 2.5 0 1 0 5 0 a 2.5 2.5 0 1 0 -5 0 Z
ScreenShare	M 13 3 H 4 a 2 2 0 0 0 -2 2 v 10 a 2 2 0 0 0 2 2 h 16 a 2 2 0 0 0 2 -2 v -3 M 8 21 h 8 M 12 17 v 4 M 17 8 l 5 -5 M 17 3 h 5 v 5
ScreenShareOff	M 13 3 H 4 a 2 2 0 0 0 -2 2 v 10 a 2 2 0 0 0 2 2 h 16 a 2 2 0 0 0 2 -2 v -3 M 8 21 h 8 M 12 17 v 4 M 22 3 l -5 5 M 17 3 l 5 5
Scroll	M 19 17 V 5 a 2 2 0 0 0 -2 -2 H 4 M 8 21 h 12 a 2 2 0 0 0 2 -2 v -1 a 1 1 0 0 0 -1 -1 H 11 a 1 1 0 0 0 -1 1 v 1 a 2 2 0 1 1 -4 0 V 5 a 2 2 0 1 0 -4 0 v 2 a 1 1 0 0 0 1 1 h 3
ScrollText	M 15 12 h -5 M 15 8 h -5 M 19 17 V 5 a 2 2 0 0 0 -2 -2 H 4 M 8 21 h 12 a 2 2 0 0 0 2 -2 v -1 a 1 1 0 0 0 -1 -1 H 11 a 1 1 0 0 0 -1 1 v 1 a 2 2 0 1 1 -4 0 V 5 a 2 2 0 1 0 -4 0 v 2 a 1 1 0 0 0 1 1 h 3
Search	M 21 21 l -4.34 -4.34 M 3 11 a 8 8 0 1 0 16 0 a 8 8 0 1 0 -16 0 Z
SearchAlert	M 3 11 a 8 8 0 1 0 16 0 a 8 8 0 1 0 -16 0 Z M 21 21 l -4.3 -4.3 M 11 7 v 4 M 11 15 h .01
SearchCheck	M 8 11 l 2 2 4 -4 M 3 11 a 8 8 0 1 0 16 0 a 8 8 0 1 0 -16 0 Z M 21 21 l -4.3 -4.3
SearchCode	M 13 13.5 l 2 -2.5 -2 -2.5 M 21 21 l -4.3 -4.3 M 9 8.5 7 11 l 2 2.5 M 3 11 a 8 8 0 1 0 16 0 a 8 8 0 1 0 -16 0 Z
SearchSlash	M 13.5 8.5 l -5 5 M 3 11 a 8 8 0 1 0 16 0 a 8 8 0 1 0 -16 0 Z M 21 21 l -4.3 -4.3
SearchX	M 13.5 8.5 l -5 5 M 8.5 8.5 l 5 5 M 3 11 a 8 8 0 1 0 16 0 a 8 8 0 1 0 -16 0 Z M 21 21 l -4.3 -4.3
Section	M 16 5 a 4 3 0 0 0 -8 0 c 0 4 8 3 8 7 a 4 3 0 0 1 -8 0 M 8 19 a 4 3 0 0 0 8 0 c 0 -4 -8 -3 -8 -7 a 4 3 0 0 1 8 0
Send	M 14.536 21.686 a .5 .5 0 0 0 .937 -.024 l 6.5 -19 a .496 .496 0 0 0 -.635 -.635 l -19 6.5 a .5 .5 0 0 0 -.024 .937 l 7.93 3.18 a 2 2 0 0 1 1.112 1.11 z M 21.854 2.147 l -10.94 10.939
SendHorizontal	M 3.714 3.048 a .498 .498 0 0 0 -.683 .627 l 2.843 7.627 a 2 2 0 0 1 0 1.396 l -2.842 7.627 a .498 .498 0 0 0 .682 .627 l 18 -8.5 a .5 .5 0 0 0 0 -.904 z M 6 12 h 16
SendToBack	M 16 14 h 4 a 2 2 0 0 1 2 2 v 4 a 2 2 0 0 1 -2 2 h -4 a 2 2 0 0 1 -2 -2 v -4 a 2 2 0 0 1 2 -2 Z M 4 2 h 4 a 2 2 0 0 1 2 2 v 4 a 2 2 0 0 1 -2 2 h -4 a 2 2 0 0 1 -2 -2 v -4 a 2 2 0 0 1 2 -2 Z M 7 14 v 1 a 2 2 0 0 0 2 2 h 1 M 14 7 h 1 a 2 2 0 0 1 2 2 v 1
SeparatorHorizontal	M 16 16 l -4 4 -4 -4 M 3 12 h 18 M 8 8 l 4 -4 4 4
SeparatorVertical	M 12 3 v 18 M 16 16 l 4 -4 -4 -4 M 8 8 l -4 4 4 4
Server	M 4 2 h 16 a 2 2 0 0 1 2 2 v 4 a 2 2 0 0 1 -2 2 h -16 a 2 2 0 0 1 -2 -2 v -4 a 2 2 0 0 1 2 -2 Z M 4 14 h 16 a 2 2 0 0 1 2 2 v 4 a 2 2 0 0 1 -2 2 h -16 a 2 2 0 0 1 -2 -2 v -4 a 2 2 0 0 1 2 -2 Z M 6 6 L 6.01 6 M 6 18 L 6.01 18
ServerCog	M 10.852 14.772 l -.383 .923 M 13.148 14.772 a 3 3 0 1 0 -2.296 -5.544 l -.383 -.923 M 13.148 9.228 l .383 -.923 M 13.53 15.696 l -.382 -.924 a 3 3 0 1 1 -2.296 -5.544 M 14.772 10.852 l .923 -.383 M 14.772 13.148 l .923 .383 M 4.5 10 H 4 a 2 2 0 0 1 -2 -2 V 4 a 2 2 0 0 1 2 -2 h 16 a 2 2 0 0 1 2 2 v 4 a 2 2 0 0 1 -2 2 h -.5 M 4.5 14 H 4 a 2 2 0 0 0 -2 2 v 4 a 2 2 0 0 0 2 2 h 16 a 2 2 0 0 0 2 -2 v -4 a 2 2 0 0 0 -2 -2 h -.5 M 6 18 h .01 M 6 6 h .01 M 9.228 10.852 l -.923 -.383 M 9.228 13.148 l -.923 .383
ServerCrash	M 6 10 H 4 a 2 2 0 0 1 -2 -2 V 4 a 2 2 0 0 1 2 -2 h 16 a 2 2 0 0 1 2 2 v 4 a 2 2 0 0 1 -2 2 h -2 M 6 14 H 4 a 2 2 0 0 0 -2 2 v 4 a 2 2 0 0 0 2 2 h 16 a 2 2 0 0 0 2 -2 v -4 a 2 2 0 0 0 -2 -2 h -2 M 6 6 h .01 M 6 18 h .01 M 13 6 l -4 6 h 6 l -4 6
ServerOff	M 7 2 h 13 a 2 2 0 0 1 2 2 v 4 a 2 2 0 0 1 -2 2 h -5 M 10 10 2.5 2.5 C 2 2 2 2.5 2 5 v 3 a 2 2 0 0 0 2 2 h 6 z M 22 17 v -1 a 2 2 0 0 0 -2 -2 h -1 M 4 14 a 2 2 0 0 0 -2 2 v 4 a 2 2 0 0 0 2 2 h 16.5 l 1 -.5 .5 .5 -8 -8 H 4 z M 6 18 h .01 M 2 2 l 20 20
ServerPlus	M 12.5 10 H 4 a 2 2 0 0 1 -2 -2 V 4 a 2 2 0 0 1 2 -2 h 16 a 2 2 0 0 1 2 2 v 2 M 16 12 h 6 M 19 9 v 6 M 22 18 v 2 a 2 2 0 0 1 -2 2 H 4 a 2 2 0 0 1 -2 -2 v -4 a 2 2 0 0 1 2 -2 h 8.5 M 6 18 h .01 M 6 6 h .01
Settings	M 9.671 4.136 a 2.34 2.34 0 0 1 4.659 0 2.34 2.34 0 0 0 3.319 1.915 2.34 2.34 0 0 1 2.33 4.033 2.34 2.34 0 0 0 0 3.831 2.34 2.34 0 0 1 -2.33 4.033 2.34 2.34 0 0 0 -3.319 1.915 2.34 2.34 0 0 1 -4.659 0 2.34 2.34 0 0 0 -3.32 -1.915 2.34 2.34 0 0 1 -2.33 -4.033 2.34 2.34 0 0 0 0 -3.831 A 2.34 2.34 0 0 1 6.35 6.051 a 2.34 2.34 0 0 0 3.319 -1.915 M 9 12 a 3 3 0 1 0 6 0 a 3 3 0 1 0 -6 0 Z
Settings2	M 14 17 H 5 M 19 7 h -9 M 14 17 a 3 3 0 1 0 6 0 a 3 3 0 1 0 -6 0 Z M 4 7 a 3 3 0 1 0 6 0 a 3 3 0 1 0 -6 0 Z
Shapes	M 8.3 10 a .7 .7 0 0 1 -.626 -1.079 L 11.4 3 a .7 .7 0 0 1 1.198 -.043 L 16.3 8.9 a .7 .7 0 0 1 -.572 1.1 Z M 4 14 h 5 a 1 1 0 0 1 1 1 v 5 a 1 1 0 0 1 -1 1 h -5 a 1 1 0 0 1 -1 -1 v -5 a 1 1 0 0 1 1 -1 Z M 14 17.5 a 3.5 3.5 0 1 0 7 0 a 3.5 3.5 0 1 0 -7 0 Z
Share	M 12 2 v 13 M 16 6 l -4 -4 -4 4 M 4 12 v 8 a 2 2 0 0 0 2 2 h 12 a 2 2 0 0 0 2 -2 v -8
Share2	M 15 5 a 3 3 0 1 0 6 0 a 3 3 0 1 0 -6 0 Z M 3 12 a 3 3 0 1 0 6 0 a 3 3 0 1 0 -6 0 Z M 15 19 a 3 3 0 1 0 6 0 a 3 3 0 1 0 -6 0 Z M 8.59 13.51 L 15.42 17.49 M 15.41 6.51 L 8.59 10.49
Sheet	M 5 3 h 14 a 2 2 0 0 1 2 2 v 14 a 2 2 0 0 1 -2 2 h -14 a 2 2 0 0 1 -2 -2 v -14 a 2 2 0 0 1 2 -2 Z M 3 9 L 21 9 M 3 15 L 21 15 M 9 9 L 9 21 M 15 9 L 15 21
Shell	M 14 11 a 2 2 0 1 1 -4 0 4 4 0 0 1 8 0 6 6 0 0 1 -12 0 8 8 0 0 1 16 0 10 10 0 1 1 -20 0 11.93 11.93 0 0 1 2.42 -7.22 2 2 0 1 1 3.16 2.44
ShelvingUnit	M 12 12 V 9 a 1 1 0 0 0 -1 -1 H 9 a 1 1 0 0 0 -1 1 v 3 M 16 20 v -3 a 1 1 0 0 0 -1 -1 h -2 a 1 1 0 0 0 -1 1 v 3 M 20 22 V 2 M 4 12 h 16 M 4 20 h 16 M 4 2 v 20 M 4 4 h 16
Shield	M 20 13 c 0 5 -3.5 7.5 -7.66 8.95 a 1 1 0 0 1 -.67 -.01 C 7.5 20.5 4 18 4 13 V 6 a 1 1 0 0 1 1 -1 c 2 0 4.5 -1.2 6.24 -2.72 a 1.17 1.17 0 0 1 1.52 0 C 14.51 3.81 17 5 19 5 a 1 1 0 0 1 1 1 z
ShieldAlert	M 20 13 c 0 5 -3.5 7.5 -7.66 8.95 a 1 1 0 0 1 -.67 -.01 C 7.5 20.5 4 18 4 13 V 6 a 1 1 0 0 1 1 -1 c 2 0 4.5 -1.2 6.24 -2.72 a 1.17 1.17 0 0 1 1.52 0 C 14.51 3.81 17 5 19 5 a 1 1 0 0 1 1 1 z M 12 8 v 4 M 12 16 h .01
ShieldBan	M 20 13 c 0 5 -3.5 7.5 -7.66 8.95 a 1 1 0 0 1 -.67 -.01 C 7.5 20.5 4 18 4 13 V 6 a 1 1 0 0 1 1 -1 c 2 0 4.5 -1.2 6.24 -2.72 a 1.17 1.17 0 0 1 1.52 0 C 14.51 3.81 17 5 19 5 a 1 1 0 0 1 1 1 z M 4.243 5.21 l 14.39 12.472
ShieldCheck	M 20 13 c 0 5 -3.5 7.5 -7.66 8.95 a 1 1 0 0 1 -.67 -.01 C 7.5 20.5 4 18 4 13 V 6 a 1 1 0 0 1 1 -1 c 2 0 4.5 -1.2 6.24 -2.72 a 1.17 1.17 0 0 1 1.52 0 C 14.51 3.81 17 5 19 5 a 1 1 0 0 1 1 1 z M 9 12 l 2 2 4 -4
ShieldCog	M 10.929 14.467 l -.383 .924 M 10.929 8.923 10.546 8 M 13.225 8.923 13.608 8 M 13.607 15.391 l -.382 -.924 M 14.849 10.547 l .923 -.383 M 14.849 12.843 l .923 .383 M 20 13 c 0 5 -3.5 7.5 -7.66 8.95 a 1 1 0 0 1 -.67 -.01 C 7.5 20.5 4 18 4 13 V 6 a 1 1 0 0 1 1 -1 c 2 0 4.5 -1.2 6.24 -2.72 a 1.17 1.17 0 0 1 1.52 0 C 14.51 3.81 17 5 19 5 a 1 1 0 0 1 1 1 z M 9.305 10.547 l -.923 -.383 M 9.305 12.843 l -.923 .383 M 9.077 11.695 a 3 3 0 1 0 6 0 a 3 3 0 1 0 -6 0 Z
ShieldCogCorner	M 11 22 c -3.806 -1.45 -7 -3.966 -7 -9 V 6 a 1 1 0 0 1 1 -1 c 2 0 4.5 -1.2 6.24 -2.72 a 1.17 1.17 0 0 1 1.52 0 C 14.51 3.81 17 5 19 5 a 1 1 0 0 1 1 1 v 4 M 14.923 16.547 14 16.164 M 14.923 18.843 l -.923 .383 M 16.547 14.923 16.164 14 M 16.547 20.467 l -.383 .924 M 18.843 14.923 l .383 -.923 M 19.225 21.391 l -.382 -.924 M 20.467 16.547 l .923 -.383 M 20.467 18.843 l .923 .383 M 14.695 17.695 a 3 3 0 1 0 6 0 a 3 3 0 1 0 -6 0 Z
ShieldEllipsis	M 20 13 c 0 5 -3.5 7.5 -7.66 8.95 a 1 1 0 0 1 -.67 -.01 C 7.5 20.5 4 18 4 13 V 6 a 1 1 0 0 1 1 -1 c 2 0 4.5 -1.2 6.24 -2.72 a 1.17 1.17 0 0 1 1.52 0 C 14.51 3.81 17 5 19 5 a 1 1 0 0 1 1 1 z M 8 12 h .01 M 12 12 h .01 M 16 12 h .01
ShieldHalf	M 20 13 c 0 5 -3.5 7.5 -7.66 8.95 a 1 1 0 0 1 -.67 -.01 C 7.5 20.5 4 18 4 13 V 6 a 1 1 0 0 1 1 -1 c 2 0 4.5 -1.2 6.24 -2.72 a 1.17 1.17 0 0 1 1.52 0 C 14.51 3.81 17 5 19 5 a 1 1 0 0 1 1 1 z M 12 22 V 2
ShieldKeyhole	M 12 13 v 3 M 20 13 c 0 5 -3.5 7.5 -7.66 8.95 a 1 1 0 0 1 -.67 -.01 C 7.5 20.5 4 18 4 13 V 6 a 1 1 0 0 1 1 -1 c 2 0 4.5 -1.2 6.24 -2.72 a 1.17 1.17 0 0 1 1.52 0 C 14.51 3.81 17 5 19 5 a 1 1 0 0 1 1 1 z M 10 11 a 2 2 0 1 0 4 0 a 2 2 0 1 0 -4 0 Z
ShieldLock	M 20 9.807 V 6 a 1 1 0 0 0 -1 -1 c -2 0 -4.49 -1.19 -6.24 -2.72 a 1.17 1.17 0 0 0 -1.52 0 C 9.5 3.8 7 5 5 5 a 1 1 0 0 0 -1 1 v 7 c 0 3.88 2.107 6.254 5 7.796 M 19 17 v -2 a 2 2 0 0 0 -4 0 v 2 M 14 17 h 6 a 1 1 0 0 1 1 1 v 3 a 1 1 0 0 1 -1 1 h -6 a 1 1 0 0 1 -1 -1 v -3 a 1 1 0 0 1 1 -1 Z
ShieldMinus	M 20 13 c 0 5 -3.5 7.5 -7.66 8.95 a 1 1 0 0 1 -.67 -.01 C 7.5 20.5 4 18 4 13 V 6 a 1 1 0 0 1 1 -1 c 2 0 4.5 -1.2 6.24 -2.72 a 1.17 1.17 0 0 1 1.52 0 C 14.51 3.81 17 5 19 5 a 1 1 0 0 1 1 1 z M 9 12 h 6
ShieldOff	M 2 2 l 20 20 M 5 5 a 1 1 0 0 0 -1 1 v 7 c 0 5 3.5 7.5 7.67 8.94 a 1 1 0 0 0 .67 .01 c 2.35 -.82 4.48 -1.97 5.9 -3.71 M 9.309 3.652 A 12.252 12.252 0 0 0 11.24 2.28 a 1.17 1.17 0 0 1 1.52 0 C 14.51 3.81 17 5 19 5 a 1 1 0 0 1 1 1 v 7 a 9.784 9.784 0 0 1 -.08 1.264
ShieldPlus	M 20 13 c 0 5 -3.5 7.5 -7.66 8.95 a 1 1 0 0 1 -.67 -.01 C 7.5 20.5 4 18 4 13 V 6 a 1 1 0 0 1 1 -1 c 2 0 4.5 -1.2 6.24 -2.72 a 1.17 1.17 0 0 1 1.52 0 C 14.51 3.81 17 5 19 5 a 1 1 0 0 1 1 1 z M 9 12 h 6 M 12 9 v 6
ShieldQuestionMark	M 20 13 c 0 5 -3.5 7.5 -7.66 8.95 a 1 1 0 0 1 -.67 -.01 C 7.5 20.5 4 18 4 13 V 6 a 1 1 0 0 1 1 -1 c 2 0 4.5 -1.2 6.24 -2.72 a 1.17 1.17 0 0 1 1.52 0 C 14.51 3.81 17 5 19 5 a 1 1 0 0 1 1 1 z M 9.1 9 a 3 3 0 0 1 5.82 1 c 0 2 -3 3 -3 3 M 12 17 h .01
ShieldUser	M 20 13 c 0 5 -3.5 7.5 -7.66 8.95 a 1 1 0 0 1 -.67 -.01 C 7.5 20.5 4 18 4 13 V 6 a 1 1 0 0 1 1 -1 c 2 0 4.5 -1.2 6.24 -2.72 a 1.17 1.17 0 0 1 1.52 0 C 14.51 3.81 17 5 19 5 a 1 1 0 0 1 1 1 z M 6.376 18.91 a 6 6 0 0 1 11.249 .003 M 8 11 a 4 4 0 1 0 8 0 a 4 4 0 1 0 -8 0 Z
ShieldX	M 20 13 c 0 5 -3.5 7.5 -7.66 8.95 a 1 1 0 0 1 -.67 -.01 C 7.5 20.5 4 18 4 13 V 6 a 1 1 0 0 1 1 -1 c 2 0 4.5 -1.2 6.24 -2.72 a 1.17 1.17 0 0 1 1.52 0 C 14.51 3.81 17 5 19 5 a 1 1 0 0 1 1 1 z M 14.5 9.5 l -5 5 M 9.5 9.5 l 5 5
Ship	M 12 2 v 2 M 12 9.189 V 13 M 19 12 V 6 a 2 2 0 0 0 -2 -2 H 7 a 2 2 0 0 0 -2 2 v 6 M 19.38 19 A 11.6 11.6 0 0 0 21 13 l -8.188 -3.639 a 2 2 0 0 0 -1.624 0 L 3 13.001 a 11.6 11.6 0 0 0 2.81 7.76 M 2 20 c .6 .5 1.2 1 2.5 1 2.5 0 2.5 -2 5 -2 1.3 0 1.9 .5 2.5 1 s 1.2 1 2.5 1 c 2.5 0 2.5 -2 5 -2 1.3 0 1.9 .5 2.5 1
ShipCargo	M 12 15 v -3 M 12 2 v 2 M 16.5 12 V 9 a 1 1 0 0 1 1 -1 h 1 a 1 1 0 0 0 1 -1 V 5 a 1 1 0 0 0 -1 -1 h -13 a 1 1 0 0 0 -1 1 v 2 a 1 1 0 0 0 1 1 h 1 a 1 1 0 0 1 1 1 v 3 M 19.38 19 c 1.076 -1.815 1.636 -4.89 1.628 -6.008 a 1 1 0 0 0 -1 -.992 H 3.984 a 1 1 0 0 0 -1 .984 c -.03 1.86 .97 5.621 2.826 7.776 M 2 20 c .6 .5 1.2 1 2.5 1 2.5 0 2.5 -2 5 -2 1.3 0 1.9 .5 2.5 1 s 1.2 1 2.5 1 c 2.5 0 2.5 -2 5 -2 1.3 0 1.9 .5 2.5 1
ShipWheel	M 4 12 a 8 8 0 1 0 16 0 a 8 8 0 1 0 -16 0 Z M 12 2 v 7.5 M 19 5 l -5.23 5.23 M 22 12 h -7.5 M 19 19 l -5.23 -5.23 M 12 14.5 V 22 M 10.23 13.77 5 19 M 9.5 12 H 2 M 10.23 10.23 5 5 M 9.5 12 a 2.5 2.5 0 1 0 5 0 a 2.5 2.5 0 1 0 -5 0 Z
Shirt	M 20.38 3.46 16 2 a 4 4 0 0 1 -8 0 L 3.62 3.46 a 2 2 0 0 0 -1.34 2.23 l .58 3.47 a 1 1 0 0 0 .99 .84 H 6 v 10 c 0 1.1 .9 2 2 2 h 8 a 2 2 0 0 0 2 -2 V 10 h 2.15 a 1 1 0 0 0 .99 -.84 l .58 -3.47 a 2 2 0 0 0 -1.34 -2.23 z
ShoppingBag	M 16 10 a 4 4 0 0 1 -8 0 M 3.103 6.034 h 17.794 M 3.4 5.467 a 2 2 0 0 0 -.4 1.2 V 20 a 2 2 0 0 0 2 2 h 14 a 2 2 0 0 0 2 -2 V 6.667 a 2 2 0 0 0 -.4 -1.2 l -2 -2.667 A 2 2 0 0 0 17 2 H 7 a 2 2 0 0 0 -1.6 .8 z
ShoppingBasket	M 15 11 l -1 9 M 19 11 l -4 -7 M 2 11 h 20 M 3.5 11 l 1.6 7.4 a 2 2 0 0 0 2 1.6 h 9.8 a 2 2 0 0 0 2 -1.6 l 1.7 -7.4 M 4.5 15.5 h 15 M 5 11 l 4 -7 M 9 11 l 1 9
ShoppingCart	M 2.05 2.05 l 1.099 -.028 a 1 1 0 0 1 1.008 .815 l 2.69 14.347 A 1 1 0 0 0 7.83 18 H 18 M 4.563 5 h 16.435 a 1 1 0 0 1 .981 1.204 l -1.026 6.226 A 2 2 0 0 1 18.962 14 H 6.25 M 16 20 a 2 2 0 1 0 4 0 a 2 2 0 1 0 -4 0 Z M 6 20 a 2 2 0 1 0 4 0 a 2 2 0 1 0 -4 0 Z
ShoppingCartMinus	M 16 5 h 6 M 2.05 2.05 l 1.099 -.028 a 1 1 0 0 1 1.008 .815 l 2.69 14.347 A 1 1 0 0 0 7.83 18 H 18 M 4.564 5 H 12 M 6.25 14 h 12.712 a 2 2 0 0 0 1.991 -1.57 l .514 -3.113 M 16 20 a 2 2 0 1 0 4 0 a 2 2 0 1 0 -4 0 Z M 6 20 a 2 2 0 1 0 4 0 a 2 2 0 1 0 -4 0 Z
ShoppingCartPlus	M 16 5 h 6 M 19 2 v 6 M 2.05 2.05 l 1.099 -.028 a 1 1 0 0 1 1.008 .815 l 2.69 14.347 A 1 1 0 0 0 7.83 18 H 18 M 4.564 5 H 12 M 6.25 14 h 12.712 a 2 2 0 0 0 1.991 -1.57 l .172 -1.041 M 16 20 a 2 2 0 1 0 4 0 a 2 2 0 1 0 -4 0 Z M 6 20 a 2 2 0 1 0 4 0 a 2 2 0 1 0 -4 0 Z
Shovel	M 21.56 4.56 a 1.5 1.5 0 0 1 0 2.122 l -.47 .47 a 3 3 0 0 1 -4.212 -.03 3 3 0 0 1 0 -4.243 l .44 -.44 a 1.5 1.5 0 0 1 2.121 0 z M 3 22 a 1 1 0 0 1 -1 -1 v -3.586 a 1 1 0 0 1 .293 -.707 l 3.355 -3.355 a 1.205 1.205 0 0 1 1.704 0 l 3.296 3.296 a 1.205 1.205 0 0 1 0 1.704 l -3.355 3.355 a 1 1 0 0 1 -.707 .293 z M 9 15 l 7.879 -7.878
ShowerHead	M 4 4 l 2.5 2.5 M 13.5 6.5 a 4.95 4.95 0 0 0 -7 7 M 15 5 5 15 M 14 17 v .01 M 10 16 v .01 M 13 13 v .01 M 16 10 v .01 M 11 20 v .01 M 17 14 v .01 M 20 11 v .01
Shredder	M 4 13 V 4 a 2 2 0 0 1 2 -2 h 8 a 2.4 2.4 0 0 1 1.706 .706 l 3.588 3.588 A 2.4 2.4 0 0 1 20 8 v 5 M 14 2 v 5 a 1 1 0 0 0 1 1 h 5 M 10 22 v -5 M 14 19 v -2 M 18 20 v -3 M 2 13 h 20 M 6 20 v -3
Shrimp	M 10 2 a 3.28 3.28 0 0 0 3.227 1.798 l 6.17 -.561 A 1 1 0 1 1 19.614 8 H 8.5 a 6.44 6.44 0 0 0 -5.63 9.75 A 6.5 6.5 0 0 0 8.5 21 c 1.38 0 2 -.5 2.5 -1 M 10 8 a 8.5 8.5 0 0 0 0 8 M 11 22 c -.5 -.5 -1.12 -1 -2.5 -1 a 1 1 0 0 1 0 -5 H 12 a 7 7 0 0 0 7 -7 V 8 M 13 12 h .01 M 8 16 c -2 0 -4.5 -4 -4 -6
ShrimpOff	M 10 2 a 3.28 3.28 0 0 0 3.227 1.798 l 6.17 -.561 A 1 1 0 1 1 19.614 8 H 13.5 M 11 20 c -.5 .5 -1.12 1 -2.5 1 a 1 1 0 0 1 0 -5 H 12 a 7 7 0 0 0 3.283 -.817 M 11 22 c -.5 -.5 -1.12 -1 -2.5 -1 a 6.5 6.5 0 0 1 -5.63 -3.25 6.44 6.44 0 0 1 5.236 -9.744 M 18.04 12.54 A 7 7 0 0 0 19 9 V 8 M 2 2 l 20 20 M 8 16 c -2 0 -4.5 -4 -4 -6 M 9.43 9.33 A 8.5 8.5 0 0 0 10 16
Shrink	M 15 15 l 6 6 m -6 -6 v 4.8 m 0 -4.8 h 4.8 M 9 19.8 V 15 m 0 0 H 4.2 M 9 15 l -6 6 M 15 4.2 V 9 m 0 0 h 4.8 M 15 9 l 6 -6 M 9 4.2 V 9 m 0 0 H 4.2 M 9 9 3 3
Shrub	M 12 22 v -5.172 a 2 2 0 0 0 -.586 -1.414 L 9.5 13.5 M 14.5 14.5 12 17 M 17 8.8 A 6 6 0 0 1 13.8 20 H 10 A 6.5 6.5 0 0 1 7 8 a 5 5 0 0 1 10 0 z
Shuffle	M 18 14 l 4 4 -4 4 M 18 2 l 4 4 -4 4 M 2 18 h 1.973 a 4 4 0 0 0 3.3 -1.7 l 5.454 -8.6 a 4 4 0 0 1 3.3 -1.7 H 22 M 2 6 h 1.972 a 4 4 0 0 1 3.6 2.2 M 22 18 h -6.041 a 4 4 0 0 1 -3.3 -1.8 l -.359 -.45
Sigma	M 18 7 V 5 a 1 1 0 0 0 -1 -1 H 6.5 a .5 .5 0 0 0 -.4 .8 l 4.5 6 a 2 2 0 0 1 0 2.4 l -4.5 6 a .5 .5 0 0 0 .4 .8 H 17 a 1 1 0 0 0 1 -1 v -2
Signal	M 2 20 h .01 M 7 20 v -4 M 12 20 v -8 M 17 20 V 8 M 22 4 v 16
SignalHigh	M 2 20 h .01 M 7 20 v -4 M 12 20 v -8 M 17 20 V 8
SignalLow	M 2 20 h .01 M 7 20 v -4
SignalMedium	M 2 20 h .01 M 7 20 v -4 M 12 20 v -8
SignalZero	M 2 20 h .01
Signature	M 21 17 l -2.156 -1.868 A .5 .5 0 0 0 18 15.5 v .5 a 1 1 0 0 1 -1 1 h -2 a 1 1 0 0 1 -1 -1 c 0 -2.545 -3.991 -3.97 -8.5 -4 a 1 1 0 0 0 0 5 c 4.153 0 4.745 -11.295 5.708 -13.5 a 2.5 2.5 0 1 1 3.31 3.284 M 3 21 h 18
Signpost	M 12 13 v 8 M 12 3 v 3 M 2.354 10.354 a 1.207 1.207 0 0 1 0 -1.708 l 2.06 -2.06 A 2 2 0 0 1 5.828 6 h 12.344 a 2 2 0 0 1 1.414 .586 l 2.06 2.06 a 1.207 1.207 0 0 1 0 1.708 l -2.06 2.06 a 2 2 0 0 1 -1.414 .586 H 5.828 a 2 2 0 0 1 -1.414 -.586 z
SignpostBig	M 10 9 H 4 L 2 7 l 2 -2 h 6 M 14 5 h 6 l 2 2 -2 2 h -6 M 10 22 V 4 a 2 2 0 1 1 4 0 v 18 M 8 22 h 8
Siren	M 7 18 v -6 a 5 5 0 1 1 10 0 v 6 M 5 21 a 1 1 0 0 0 1 1 h 12 a 1 1 0 0 0 1 -1 v -1 a 2 2 0 0 0 -2 -2 H 7 a 2 2 0 0 0 -2 2 z M 21 12 h 1 M 18.5 4.5 18 5 M 2 12 h 1 M 12 2 v 1 M 4.929 4.929 l .707 .707 M 12 12 v 6
SkipBack	M 17.971 4.285 A 2 2 0 0 1 21 6 v 12 a 2 2 0 0 1 -3.029 1.715 l -9.997 -5.998 a 2 2 0 0 1 -.003 -3.432 z M 3 20 V 4
SkipForward	M 21 4 v 16 M 6.029 4.285 A 2 2 0 0 0 3 6 v 12 a 2 2 0 0 0 3.029 1.715 l 9.997 -5.998 a 2 2 0 0 0 .003 -3.432 z
Skull	M 12.5 17 l -.5 -1 -.5 1 h 1 z M 15 22 a 1 1 0 0 0 1 -1 v -1 a 2 2 0 0 0 1.56 -3.25 8 8 0 1 0 -11.12 0 A 2 2 0 0 0 8 20 v 1 a 1 1 0 0 0 1 1 z M 14 12 a 1 1 0 1 0 2 0 a 1 1 0 1 0 -2 0 Z M 8 12 a 1 1 0 1 0 2 0 a 1 1 0 1 0 -2 0 Z
Slash	M 22 2 2 22
Slice	M 11 16.586 V 19 a 1 1 0 0 1 -1 1 H 2 L 18.37 3.63 a 1 1 0 1 1 3 3 l -9.663 9.663 a 1 1 0 0 1 -1.414 0 L 8 14
SlidersHorizontal	M 10 5 H 3 M 12 19 H 3 M 14 3 v 4 M 16 17 v 4 M 21 12 h -9 M 21 19 h -5 M 21 5 h -7 M 8 10 v 4 M 8 12 H 3
SlidersVertical	M 10 8 h 4 M 12 21 v -9 M 12 8 V 3 M 17 16 h 4 M 19 12 V 3 M 19 21 v -5 M 3 14 h 4 M 5 10 V 3 M 5 21 v -7
Smartphone	M 7 2 h 10 a 2 2 0 0 1 2 2 v 16 a 2 2 0 0 1 -2 2 h -10 a 2 2 0 0 1 -2 -2 v -16 a 2 2 0 0 1 2 -2 Z M 12 18 h .01
SmartphoneCharging	M 7 2 h 10 a 2 2 0 0 1 2 2 v 16 a 2 2 0 0 1 -2 2 h -10 a 2 2 0 0 1 -2 -2 v -16 a 2 2 0 0 1 2 -2 Z M 12.667 8 10 12 h 4 l -2.667 4
SmartphoneNfc	M 3 6 h 5 a 1 1 0 0 1 1 1 v 10 a 1 1 0 0 1 -1 1 h -5 a 1 1 0 0 1 -1 -1 v -10 a 1 1 0 0 1 1 -1 Z M 13 8.32 a 7.43 7.43 0 0 1 0 7.36 M 16.46 6.21 a 11.76 11.76 0 0 1 0 11.58 M 19.91 4.1 a 15.91 15.91 0 0 1 .01 15.8
Snail	M 2 13 a 6 6 0 1 0 12 0 4 4 0 1 0 -8 0 2 2 0 0 0 4 0 M 2 13 a 8 8 0 1 0 16 0 a 8 8 0 1 0 -16 0 Z M 2 21 h 12 c 4.4 0 8 -3.6 8 -8 V 7 a 2 2 0 1 0 -4 0 v 6 M 18 3 19.1 5.2 M 22 3 20.9 5.2
Snowflake	M 10 20 l -1.25 -2.5 L 6 18 M 10 4 8.75 6.5 6 6 M 14 20 l 1.25 -2.5 L 18 18 M 14 4 l 1.25 2.5 L 18 6 M 17 21 l -3 -6 h -4 M 17 3 l -3 6 1.5 3 M 2 12 h 6.5 L 10 9 M 20 10 l -1.5 2 1.5 2 M 22 12 h -6.5 L 14 15 M 4 10 l 1.5 2 L 4 14 M 7 21 l 3 -6 -1.5 -3 M 7 3 l 3 6 h 4
SoapDispenserDroplet	M 10.5 2 v 4 M 14 2 H 7 a 2 2 0 0 0 -2 2 M 19.29 14.76 A 6.67 6.67 0 0 1 17 11 a 6.6 6.6 0 0 1 -2.29 3.76 c -1.15 .92 -1.71 2.04 -1.71 3.19 0 2.22 1.8 4.05 4 4.05 s 4 -1.83 4 -4.05 c 0 -1.16 -.57 -2.26 -1.71 -3.19 M 9.607 21 H 6 a 2 2 0 0 1 -2 -2 v -7 a 2 2 0 0 1 2 -2 h 7 V 7 a 1 1 0 0 0 -1 -1 H 9 a 1 1 0 0 0 -1 1 v 3
Sofa	M 20 9 V 6 a 2 2 0 0 0 -2 -2 H 6 a 2 2 0 0 0 -2 2 v 3 M 2 16 a 2 2 0 0 0 2 2 h 16 a 2 2 0 0 0 2 -2 v -5 a 2 2 0 0 0 -4 0 v 1.5 a .5 .5 0 0 1 -.5 .5 h -11 a .5 .5 0 0 1 -.5 -.5 V 11 a 2 2 0 0 0 -4 0 z M 4 18 v 2 M 20 18 v 2 M 12 4 v 9
SolarPanel	M 11 2 h 2 M 14.28 14 l -4.56 8 M 21 22 l -1.558 -4 H 4.558 M 3 10 v 2 M 6.245 15.04 A 2 2 0 0 1 8 14 h 12 a 1 1 0 0 1 .864 1.505 l -3.11 5.457 A 2 2 0 0 1 16 22 H 4 a 1 1 0 0 1 -.863 -1.506 z M 7 2 a 4 4 0 0 1 -4 4 M 8.66 7.66 l 1.41 1.41
Soup	M 12 21 a 9 9 0 0 0 9 -9 H 3 a 9 9 0 0 0 9 9 Z M 7 21 h 10 M 19.5 12 22 6 M 16.25 3 c .27 .1 .8 .53 .75 1.36 -.06 .83 -.93 1.2 -1 2.02 -.05 .78 .34 1.24 .73 1.62 M 11.25 3 c .27 .1 .8 .53 .74 1.36 -.05 .83 -.93 1.2 -.98 2.02 -.06 .78 .33 1.24 .72 1.62 M 6.25 3 c .27 .1 .8 .53 .75 1.36 -.06 .83 -.93 1.2 -1 2.02 -.05 .78 .34 1.24 .74 1.62
Space	M 22 17 v 1 c 0 .5 -.5 1 -1 1 H 3 c -.5 0 -1 -.5 -1 -1 v -1
Spade	M 12 18 v 4 M 2 14.499 a 5.5 5.5 0 0 0 9.591 3.675 .6 .6 0 0 1 .818 .001 A 5.5 5.5 0 0 0 22 14.5 c 0 -2.29 -1.5 -4 -3 -5.5 l -5.492 -5.312 a 2 2 0 0 0 -3 -.02 L 5 8.999 c -1.5 1.5 -3 3.2 -3 5.5
Sparkle	M 11.017 2.814 a 1 1 0 0 1 1.966 0 l 1.051 5.558 a 2 2 0 0 0 1.594 1.594 l 5.558 1.051 a 1 1 0 0 1 0 1.966 l -5.558 1.051 a 2 2 0 0 0 -1.594 1.594 l -1.051 5.558 a 1 1 0 0 1 -1.966 0 l -1.051 -5.558 a 2 2 0 0 0 -1.594 -1.594 l -5.558 -1.051 a 1 1 0 0 1 0 -1.966 l 5.558 -1.051 a 2 2 0 0 0 1.594 -1.594 z
Sparkles	M 11.017 2.814 a 1 1 0 0 1 1.966 0 l 1.051 5.558 a 2 2 0 0 0 1.594 1.594 l 5.558 1.051 a 1 1 0 0 1 0 1.966 l -5.558 1.051 a 2 2 0 0 0 -1.594 1.594 l -1.051 5.558 a 1 1 0 0 1 -1.966 0 l -1.051 -5.558 a 2 2 0 0 0 -1.594 -1.594 l -5.558 -1.051 a 1 1 0 0 1 0 -1.966 l 5.558 -1.051 a 2 2 0 0 0 1.594 -1.594 z M 20 2 v 4 M 22 4 h -4 M 2 20 a 2 2 0 1 0 4 0 a 2 2 0 1 0 -4 0 Z
Speaker	M 6 2 h 12 a 2 2 0 0 1 2 2 v 16 a 2 2 0 0 1 -2 2 h -12 a 2 2 0 0 1 -2 -2 v -16 a 2 2 0 0 1 2 -2 Z M 12 6 h .01 M 8 14 a 4 4 0 1 0 8 0 a 4 4 0 1 0 -8 0 Z M 12 14 h .01
Speech	M 8.8 20 v -4.1 l 1.9 .2 a 2.3 2.3 0 0 0 2.164 -2.1 V 8.3 A 5.37 5.37 0 0 0 2 8.25 c 0 2.8 .656 3.054 1 4.55 a 5.77 5.77 0 0 1 .029 2.758 L 2 20 M 19.8 17.8 a 7.5 7.5 0 0 0 .003 -10.603 M 17 15 a 3.5 3.5 0 0 0 -.025 -4.975
SpellCheck	M 20 15 l -5.5 5.5 L 12 18 M 4 16 l 6 -12 5.115 10.23 M 6 12 h 8
SpellCheck2	M 6 16 l 6 -12 6 12 M 8 12 h 8 M 4 21 c 1.1 0 1.1 -1 2.3 -1 s 1.1 1 2.3 1 c 1.1 0 1.1 -1 2.3 -1 1.1 0 1.1 1 2.3 1 1.1 0 1.1 -1 2.3 -1 1.1 0 1.1 1 2.3 1 1.1 0 1.1 -1 2.3 -1
Spline	M 17 5 a 2 2 0 1 0 4 0 a 2 2 0 1 0 -4 0 Z M 3 19 a 2 2 0 1 0 4 0 a 2 2 0 1 0 -4 0 Z M 5 17 A 12 12 0 0 1 17 5
SplinePointer	M 12.034 12.681 a .498 .498 0 0 1 .647 -.647 l 9 3.5 a .5 .5 0 0 1 -.033 .943 l -3.444 1.068 a 1 1 0 0 0 -.66 .66 l -1.067 3.443 a .5 .5 0 0 1 -.943 .033 z M 5 17 A 12 12 0 0 1 17 5 M 17 5 a 2 2 0 1 0 4 0 a 2 2 0 1 0 -4 0 Z M 3 19 a 2 2 0 1 0 4 0 a 2 2 0 1 0 -4 0 Z
Split	M 16 3 h 5 v 5 M 8 3 H 3 v 5 M 12 22 v -8.3 a 4 4 0 0 0 -1.172 -2.872 L 3 3 M 15 9 l 6 -6
Spool	M 17 13.44 4.442 17.082 A 2 2 0 0 0 4.982 21 H 19 a 2 2 0 0 0 .558 -3.921 l -1.115 -.32 A 2 2 0 0 1 17 14.837 V 7.66 M 7 10.56 l 12.558 -3.642 A 2 2 0 0 0 19.018 3 H 5 a 2 2 0 0 0 -.558 3.921 l 1.115 .32 A 2 2 0 0 1 7 9.163 v 7.178
SportShoe	M 15 10.42 l 4.8 -5.07 M 19 18 h 3 M 9.5 22 21.414 9.415 A 2 2 0 0 0 21.2 6.4 l -5.61 -4.208 A 1 1 0 0 0 14 3 v 2 a 2 2 0 0 1 -1.394 1.906 L 8.677 8.053 A 1 1 0 0 0 8 9 c -.155 6.393 -2.082 9 -4 9 a 2 2 0 0 0 0 4 h 14
Spotlight	M 15.295 19.562 16 22 M 17 16 l 3.758 2.098 M 19 12.5 l 3.026 -.598 M 7.61 6.3 a 3 3 0 0 0 -3.92 1.3 l -1.38 2.79 a 3 3 0 0 0 1.3 3.91 l 6.89 3.597 a 1 1 0 0 0 1.342 -.447 l 3.106 -6.211 a 1 1 0 0 0 -.447 -1.341 z M 8 9 V 2
SprayCan	M 3 3 h .01 M 7 5 h .01 M 11 7 h .01 M 3 7 h .01 M 7 9 h .01 M 3 11 h .01 M 15 5 h 4 v 4 h -4 Z M 19 9 l 2 2 v 10 c 0 .6 -.4 1 -1 1 h -6 c -.6 0 -1 -.4 -1 -1 V 11 l 2 -2 M 13 14 l 8 -2 M 13 19 l 8 -2
Sprout	M 14 9.536 V 7 a 4 4 0 0 1 4 -4 h 1.5 a .5 .5 0 0 1 .5 .5 V 5 a 4 4 0 0 1 -4 4 4 4 0 0 0 -4 4 c 0 2 1 3 1 5 a 5 5 0 0 1 -1 3 M 4 9 a 5 5 0 0 1 8 4 5 5 0 0 1 -8 -4 M 5 21 h 14
Square	M 5 3 h 14 a 2 2 0 0 1 2 2 v 14 a 2 2 0 0 1 -2 2 h -14 a 2 2 0 0 1 -2 -2 v -14 a 2 2 0 0 1 2 -2 Z
SquareActivity	M 5 3 h 14 a 2 2 0 0 1 2 2 v 14 a 2 2 0 0 1 -2 2 h -14 a 2 2 0 0 1 -2 -2 v -14 a 2 2 0 0 1 2 -2 Z M 17 12 h -2 l -2 5 -2 -10 -2 5 H 7
SquareArrowDown	M 5 3 h 14 a 2 2 0 0 1 2 2 v 14 a 2 2 0 0 1 -2 2 h -14 a 2 2 0 0 1 -2 -2 v -14 a 2 2 0 0 1 2 -2 Z M 12 8 v 8 M 8 12 l 4 4 4 -4
SquareArrowDownLeft	M 15 15 H 9 l 6 -6 M 9 15 V 9 M 5 3 h 14 a 2 2 0 0 1 2 2 v 14 a 2 2 0 0 1 -2 2 h -14 a 2 2 0 0 1 -2 -2 v -14 a 2 2 0 0 1 2 -2 Z
SquareArrowDownRight	M 15 15 9 9 M 9 15 h 6 V 9 M 5 3 h 14 a 2 2 0 0 1 2 2 v 14 a 2 2 0 0 1 -2 2 h -14 a 2 2 0 0 1 -2 -2 v -14 a 2 2 0 0 1 2 -2 Z
SquareArrowLeft	M 5 3 h 14 a 2 2 0 0 1 2 2 v 14 a 2 2 0 0 1 -2 2 h -14 a 2 2 0 0 1 -2 -2 v -14 a 2 2 0 0 1 2 -2 Z M 12 8 l -4 4 4 4 M 16 12 H 8
SquareArrowOutDownLeft	M 13 21 h 6 a 2 2 0 0 0 2 -2 V 5 a 2 2 0 0 0 -2 -2 H 5 a 2 2 0 0 0 -2 2 v 6 M 3 21 l 9 -9 M 9 21 H 3 v -6
SquareArrowOutDownRight	M 21 11 V 5 a 2 2 0 0 0 -2 -2 H 5 a 2 2 0 0 0 -2 2 v 14 a 2 2 0 0 0 2 2 h 6 M 21 21 l -9 -9 M 21 15 v 6 h -6
SquareArrowOutUpLeft	M 13 3 h 6 a 2 2 0 0 1 2 2 v 14 a 2 2 0 0 1 -2 2 H 5 a 2 2 0 0 1 -2 -2 v -6 M 3 3 l 9 9 M 3 9 V 3 h 6
SquareArrowOutUpRight	M 21 13 v 6 a 2 2 0 0 1 -2 2 H 5 a 2 2 0 0 1 -2 -2 V 5 a 2 2 0 0 1 2 -2 h 6 M 21 3 l -9 9 M 15 3 h 6 v 6
SquareArrowRight	M 5 3 h 14 a 2 2 0 0 1 2 2 v 14 a 2 2 0 0 1 -2 2 h -14 a 2 2 0 0 1 -2 -2 v -14 a 2 2 0 0 1 2 -2 Z M 8 12 h 8 M 12 16 l 4 -4 -4 -4
SquareArrowRightEnter	M 10 16 l 4 -4 -4 -4 M 3 12 h 11 M 3 8 V 5 a 2 2 0 0 1 2 -2 h 14 a 2 2 0 0 1 2 2 v 14 a 2 2 0 0 1 -2 2 H 5 a 2 2 0 0 1 -2 -2 v -3
SquareArrowRightExit	M 10 12 h 11 M 17 16 l 4 -4 -4 -4 M 21 6.344 V 5 a 2 2 0 0 0 -2 -2 H 5 a 2 2 0 0 0 -2 2 v 14 a 2 2 0 0 0 2 2 h 14 a 2 2 0 0 0 2 -2 v -1.344
SquareArrowUp	M 5 3 h 14 a 2 2 0 0 1 2 2 v 14 a 2 2 0 0 1 -2 2 h -14 a 2 2 0 0 1 -2 -2 v -14 a 2 2 0 0 1 2 -2 Z M 16 12 l -4 -4 -4 4 M 12 16 V 8
SquareArrowUpLeft	M 15 15 9 9 M 9 15 V 9 h 6 M 5 3 h 14 a 2 2 0 0 1 2 2 v 14 a 2 2 0 0 1 -2 2 h -14 a 2 2 0 0 1 -2 -2 v -14 a 2 2 0 0 1 2 -2 Z
SquareArrowUpRight	M 15 15 V 9 H 9 M 9 15 l 6 -6 M 5 3 h 14 a 2 2 0 0 1 2 2 v 14 a 2 2 0 0 1 -2 2 h -14 a 2 2 0 0 1 -2 -2 v -14 a 2 2 0 0 1 2 -2 Z
SquareAsterisk	M 5 3 h 14 a 2 2 0 0 1 2 2 v 14 a 2 2 0 0 1 -2 2 h -14 a 2 2 0 0 1 -2 -2 v -14 a 2 2 0 0 1 2 -2 Z M 12 8 v 8 M 8.5 14 l 7 -4 M 8.5 10 l 7 4
SquareBookmark	M 11 3 v 7.751 a .25 .25 0 0 0 .407 .195 l 2.28 -1.834 a .5 .5 0 0 1 .627 0 l 2.28 1.834 a .25 .25 0 0 0 .406 -.195 V 3 M 5 3 h 14 a 2 2 0 0 1 2 2 v 14 a 2 2 0 0 1 -2 2 h -14 a 2 2 0 0 1 -2 -2 v -14 a 2 2 0 0 1 2 -2 Z
SquareBottomDashedScissors	M 14 21 h 1 M 17 17 l -2.18 -2.18 M 5 21 a 2 2 0 0 1 -2 -2 V 5 a 2 2 0 0 1 2 -2 h 14 a 2 2 0 0 1 2 2 v 14 a 2 2 0 0 1 -2 2 M 9 21 h 1 M 9.56 14.44 17 7 M 9.56 9.56 12 12 M 7 15.5 a 1.5 1.5 0 1 0 3 0 a 1.5 1.5 0 1 0 -3 0 Z M 7 8.5 a 1.5 1.5 0 1 0 3 0 a 1.5 1.5 0 1 0 -3 0 Z
SquareCenterlineDashedHorizontal	M 8 3 H 5 a 2 2 0 0 0 -2 2 v 14 c 0 1.1 .9 2 2 2 h 3 M 16 3 h 3 a 2 2 0 0 1 2 2 v 14 a 2 2 0 0 1 -2 2 h -3 M 12 20 v 2 M 12 14 v 2 M 12 8 v 2 M 12 2 v 2
SquareCenterlineDashedVertical	M 21 8 V 5 a 2 2 0 0 0 -2 -2 H 5 a 2 2 0 0 0 -2 2 v 3 M 21 16 v 3 a 2 2 0 0 1 -2 2 H 5 a 2 2 0 0 1 -2 -2 v -3 M 4 12 H 2 M 10 12 H 8 M 16 12 h -2 M 22 12 h -2
SquareChartGantt	M 5 3 h 14 a 2 2 0 0 1 2 2 v 14 a 2 2 0 0 1 -2 2 h -14 a 2 2 0 0 1 -2 -2 v -14 a 2 2 0 0 1 2 -2 Z M 9 8 h 7 M 8 12 h 6 M 11 16 h 5
SquareCheck	M 5 3 h 14 a 2 2 0 0 1 2 2 v 14 a 2 2 0 0 1 -2 2 h -14 a 2 2 0 0 1 -2 -2 v -14 a 2 2 0 0 1 2 -2 Z M 16 9 l -5.5 5.5 L 8 12
SquareCheckBig	M 21 10.656 V 19 a 2 2 0 0 1 -2 2 H 5 a 2 2 0 0 1 -2 -2 V 5 a 2 2 0 0 1 2 -2 h 12.344 M 9 11 l 3 3 L 22 4
SquareChevronDown	M 5 3 h 14 a 2 2 0 0 1 2 2 v 14 a 2 2 0 0 1 -2 2 h -14 a 2 2 0 0 1 -2 -2 v -14 a 2 2 0 0 1 2 -2 Z M 16 10 l -4 4 -4 -4
SquareChevronLeft	M 5 3 h 14 a 2 2 0 0 1 2 2 v 14 a 2 2 0 0 1 -2 2 h -14 a 2 2 0 0 1 -2 -2 v -14 a 2 2 0 0 1 2 -2 Z M 14 16 l -4 -4 4 -4
SquareChevronRight	M 5 3 h 14 a 2 2 0 0 1 2 2 v 14 a 2 2 0 0 1 -2 2 h -14 a 2 2 0 0 1 -2 -2 v -14 a 2 2 0 0 1 2 -2 Z M 10 8 l 4 4 -4 4
SquareChevronUp	M 5 3 h 14 a 2 2 0 0 1 2 2 v 14 a 2 2 0 0 1 -2 2 h -14 a 2 2 0 0 1 -2 -2 v -14 a 2 2 0 0 1 2 -2 Z M 8 14 l 4 -4 4 4
SquareCode	M 10 9 l -3 3 3 3 M 14 15 l 3 -3 -3 -3 M 5 3 h 14 a 2 2 0 0 1 2 2 v 14 a 2 2 0 0 1 -2 2 h -14 a 2 2 0 0 1 -2 -2 v -14 a 2 2 0 0 1 2 -2 Z
SquareDashed	M 5 3 a 2 2 0 0 0 -2 2 M 19 3 a 2 2 0 0 1 2 2 M 21 19 a 2 2 0 0 1 -2 2 M 5 21 a 2 2 0 0 1 -2 -2 M 9 3 h 1 M 9 21 h 1 M 14 3 h 1 M 14 21 h 1 M 3 9 v 1 M 21 9 v 1 M 3 14 v 1 M 21 14 v 1
SquareDashedBottom	M 5 21 a 2 2 0 0 1 -2 -2 V 5 a 2 2 0 0 1 2 -2 h 14 a 2 2 0 0 1 2 2 v 14 a 2 2 0 0 1 -2 2 M 9 21 h 1 M 14 21 h 1
SquareDashedBottomCode	M 10 9.5 8 12 l 2 2.5 M 14 21 h 1 M 14 9.5 l 2 2.5 -2 2.5 M 5 21 a 2 2 0 0 1 -2 -2 V 5 a 2 2 0 0 1 2 -2 h 14 a 2 2 0 0 1 2 2 v 14 a 2 2 0 0 1 -2 2 M 9 21 h 1
SquareDashedKanban	M 8 7 v 7 M 12 7 v 4 M 16 7 v 9 M 5 3 a 2 2 0 0 0 -2 2 M 9 3 h 1 M 14 3 h 1 M 19 3 a 2 2 0 0 1 2 2 M 21 9 v 1 M 21 14 v 1 M 21 19 a 2 2 0 0 1 -2 2 M 14 21 h 1 M 9 21 h 1 M 5 21 a 2 2 0 0 1 -2 -2 M 3 14 v 1 M 3 9 v 1
SquareDashedMousePointer	M 12.034 12.681 a .498 .498 0 0 1 .647 -.647 l 9 3.5 a .5 .5 0 0 1 -.033 .943 l -3.444 1.068 a 1 1 0 0 0 -.66 .66 l -1.067 3.443 a .5 .5 0 0 1 -.943 .033 z M 5 3 a 2 2 0 0 0 -2 2 M 19 3 a 2 2 0 0 1 2 2 M 5 21 a 2 2 0 0 1 -2 -2 M 9 3 h 1 M 9 21 h 2 M 14 3 h 1 M 3 9 v 1 M 21 9 v 2 M 3 14 v 1
SquareDashedText	M 14 21 h 1 M 14 3 h 1 M 19 3 a 2 2 0 0 1 2 2 M 21 14 v 1 M 21 19 a 2 2 0 0 1 -2 2 M 21 9 v 1 M 3 14 v 1 M 3 9 v 1 M 5 21 a 2 2 0 0 1 -2 -2 M 5 3 a 2 2 0 0 0 -2 2 M 7 12 h 10 M 7 16 h 6 M 7 8 h 8 M 9 21 h 1 M 9 3 h 1
SquareDashedTopSolid	M 14 21 h 1 M 21 14 v 1 M 21 19 a 2 2 0 0 1 -2 2 M 21 9 v 1 M 3 14 v 1 M 3 5 a 2 2 0 0 1 2 -2 h 14 a 2 2 0 0 1 2 2 M 3 9 v 1 M 5 21 a 2 2 0 0 1 -2 -2 M 9 21 h 1
SquareDimensions	M 5 3 h 14 a 2 2 0 0 1 2 2 v 14 a 2 2 0 0 1 -2 2 h -14 a 2 2 0 0 1 -2 -2 v -14 a 2 2 0 0 1 2 -2 Z M 12 7 H 7 v 5 M 12 17 h 5 v -5
SquareDivide	M 5 3 h 14 a 2 2 0 0 1 2 2 v 14 a 2 2 0 0 1 -2 2 h -14 a 2 2 0 0 1 -2 -2 v -14 a 2 2 0 0 1 2 -2 Z M 8 12 L 16 12 M 12 16 L 12 16 M 12 8 L 12 8
SquareDot	M 5 3 h 14 a 2 2 0 0 1 2 2 v 14 a 2 2 0 0 1 -2 2 h -14 a 2 2 0 0 1 -2 -2 v -14 a 2 2 0 0 1 2 -2 Z M 11 12 a 1 1 0 1 0 2 0 a 1 1 0 1 0 -2 0 Z
SquareEqual	M 5 3 h 14 a 2 2 0 0 1 2 2 v 14 a 2 2 0 0 1 -2 2 h -14 a 2 2 0 0 1 -2 -2 v -14 a 2 2 0 0 1 2 -2 Z M 7 10 h 10 M 7 14 h 10
SquareExclamationPoint	M 5 3 h 14 a 2 2 0 0 1 2 2 v 14 a 2 2 0 0 1 -2 2 h -14 a 2 2 0 0 1 -2 -2 v -14 a 2 2 0 0 1 2 -2 Z M 12 8 L 12 12 M 12 16 L 12.01 16
SquareFunction	M 5 3 h 14 a 2 2 0 0 1 2 2 v 14 a 2 2 0 0 1 -2 2 h -14 a 2 2 0 0 1 -2 -2 v -14 a 2 2 0 0 1 2 -2 Z M 9 17 c 2 0 2.8 -1 2.8 -2.8 V 10 c 0 -2 1 -3.3 3.2 -3 M 9 11.2 h 5.7
SquareKanban	M 5 3 h 14 a 2 2 0 0 1 2 2 v 14 a 2 2 0 0 1 -2 2 h -14 a 2 2 0 0 1 -2 -2 v -14 a 2 2 0 0 1 2 -2 Z M 8 7 v 7 M 12 7 v 4 M 16 7 v 9
SquareLibrary	M 5 3 h 14 a 2 2 0 0 1 2 2 v 14 a 2 2 0 0 1 -2 2 h -14 a 2 2 0 0 1 -2 -2 v -14 a 2 2 0 0 1 2 -2 Z M 7 7 v 10 M 11 7 v 10 M 15 7 l 2 10
SquareM	M 8 16 V 8.5 a .5 .5 0 0 1 .9 -.3 l 2.7 3.599 a .5 .5 0 0 0 .8 0 l 2.7 -3.6 a .5 .5 0 0 1 .9 .3 V 16 M 5 3 h 14 a 2 2 0 0 1 2 2 v 14 a 2 2 0 0 1 -2 2 h -14 a 2 2 0 0 1 -2 -2 v -14 a 2 2 0 0 1 2 -2 Z
SquareMenu	M 5 3 h 14 a 2 2 0 0 1 2 2 v 14 a 2 2 0 0 1 -2 2 h -14 a 2 2 0 0 1 -2 -2 v -14 a 2 2 0 0 1 2 -2 Z M 7 8 h 10 M 7 12 h 10 M 7 16 h 10
SquareMinus	M 5 3 h 14 a 2 2 0 0 1 2 2 v 14 a 2 2 0 0 1 -2 2 h -14 a 2 2 0 0 1 -2 -2 v -14 a 2 2 0 0 1 2 -2 Z M 8 12 h 8
SquareMousePointer	M 12.034 12.681 a .498 .498 0 0 1 .647 -.647 l 9 3.5 a .5 .5 0 0 1 -.033 .943 l -3.444 1.068 a 1 1 0 0 0 -.66 .66 l -1.067 3.443 a .5 .5 0 0 1 -.943 .033 z M 21 11 V 5 a 2 2 0 0 0 -2 -2 H 5 a 2 2 0 0 0 -2 2 v 14 a 2 2 0 0 0 2 2 h 6
SquareOff	M 20.4 20.4 a 2 2 0 0 1 -1.4 .6 H 5 a 2 2 0 0 1 -2 -2 V 5 a 2 2 0 0 1 .59 -1.41 M 21 15.3 V 5 a 2 2 0 0 0 -2 -2 H 8.7 M 22 22 2 2
SquareParking	M 5 3 h 14 a 2 2 0 0 1 2 2 v 14 a 2 2 0 0 1 -2 2 h -14 a 2 2 0 0 1 -2 -2 v -14 a 2 2 0 0 1 2 -2 Z M 9 17 V 7 h 4 a 3 3 0 0 1 0 6 H 9
SquareParkingOff	M 3.6 3.6 A 2 2 0 0 1 5 3 h 14 a 2 2 0 0 1 2 2 v 14 a 2 2 0 0 1 -.59 1.41 M 3 8.7 V 19 a 2 2 0 0 0 2 2 h 10.3 M 2 2 l 20 20 M 13 13 a 3 3 0 1 0 0 -6 H 9 v 2 M 9 17 v -2.3
SquarePause	M 5 3 h 14 a 2 2 0 0 1 2 2 v 14 a 2 2 0 0 1 -2 2 h -14 a 2 2 0 0 1 -2 -2 v -14 a 2 2 0 0 1 2 -2 Z M 10 15 L 10 9 M 14 15 L 14 9
SquarePen	M 12 3 H 5 a 2 2 0 0 0 -2 2 v 14 a 2 2 0 0 0 2 2 h 14 a 2 2 0 0 0 2 -2 v -7 M 18.375 2.625 a 1 1 0 0 1 3 3 l -9.013 9.014 a 2 2 0 0 1 -.853 .505 l -2.873 .84 a .5 .5 0 0 1 -.62 -.62 l .84 -2.873 a 2 2 0 0 1 .506 -.852 z
SquarePercent	M 5 3 h 14 a 2 2 0 0 1 2 2 v 14 a 2 2 0 0 1 -2 2 h -14 a 2 2 0 0 1 -2 -2 v -14 a 2 2 0 0 1 2 -2 Z M 15 9 l -6 6 M 9 9 h .01 M 15 15 h .01
SquarePi	M 5 3 h 14 a 2 2 0 0 1 2 2 v 14 a 2 2 0 0 1 -2 2 h -14 a 2 2 0 0 1 -2 -2 v -14 a 2 2 0 0 1 2 -2 Z M 7 7 h 10 M 10 7 v 10 M 16 17 a 2 2 0 0 1 -2 -2 V 7
SquarePilcrow	M 5 3 h 14 a 2 2 0 0 1 2 2 v 14 a 2 2 0 0 1 -2 2 h -14 a 2 2 0 0 1 -2 -2 v -14 a 2 2 0 0 1 2 -2 Z M 12 12 H 9.5 a 2.5 2.5 0 0 1 0 -5 H 17 M 12 7 v 10 M 16 7 v 10
SquarePlay	M 5 3 h 14 a 2 2 0 0 1 2 2 v 14 a 2 2 0 0 1 -2 2 h -14 a 2 2 0 0 1 -2 -2 v -14 a 2 2 0 0 1 2 -2 Z M 9 9.003 a 1 1 0 0 1 1.517 -.859 l 4.997 2.997 a 1 1 0 0 1 0 1.718 l -4.997 2.997 A 1 1 0 0 1 9 14.996 z
SquarePlus	M 5 3 h 14 a 2 2 0 0 1 2 2 v 14 a 2 2 0 0 1 -2 2 h -14 a 2 2 0 0 1 -2 -2 v -14 a 2 2 0 0 1 2 -2 Z M 8 12 h 8 M 12 8 v 8
SquarePower	M 12 7 v 4 M 7.998 9.003 a 5 5 0 1 0 8 -.005 M 5 3 h 14 a 2 2 0 0 1 2 2 v 14 a 2 2 0 0 1 -2 2 h -14 a 2 2 0 0 1 -2 -2 v -14 a 2 2 0 0 1 2 -2 Z
SquareRadical	M 7 12 h 2 l 2 5 2 -10 h 4 M 5 3 h 14 a 2 2 0 0 1 2 2 v 14 a 2 2 0 0 1 -2 2 h -14 a 2 2 0 0 1 -2 -2 v -14 a 2 2 0 0 1 2 -2 Z
SquareRoundCorner	M 21 11 a 8 8 0 0 0 -8 -8 M 21 15 v 4 a 2 2 0 0 1 -2 2 H 5 a 2 2 0 0 1 -2 -2 V 5 a 2 2 0 0 1 2 -2 h 4
SquareScissors	M 17 17 l -2.18 -2.18 M 9.56 14.44 17 7 M 9.56 9.56 12 12 M 7 15.5 a 1.5 1.5 0 1 0 3 0 a 1.5 1.5 0 1 0 -3 0 Z M 7 8.5 a 1.5 1.5 0 1 0 3 0 a 1.5 1.5 0 1 0 -3 0 Z M 5 3 h 14 a 2 2 0 0 1 2 2 v 14 a 2 2 0 0 1 -2 2 h -14 a 2 2 0 0 1 -2 -2 v -14 a 2 2 0 0 1 2 -2 Z
SquareSigma	M 5 3 h 14 a 2 2 0 0 1 2 2 v 14 a 2 2 0 0 1 -2 2 h -14 a 2 2 0 0 1 -2 -2 v -14 a 2 2 0 0 1 2 -2 Z M 16 8.9 V 7 H 8 l 4 5 -4 5 h 8 v -1.9
SquareSlash	M 5 3 h 14 a 2 2 0 0 1 2 2 v 14 a 2 2 0 0 1 -2 2 h -14 a 2 2 0 0 1 -2 -2 v -14 a 2 2 0 0 1 2 -2 Z M 9 15 L 15 9
SquareSplitHorizontal	M 12 2 v 20 M 16 3 h 3 a 2 2 0 0 1 2 2 v 14 a 2 2 0 0 1 -2 2 h -3 M 8 21 H 5 a 2 2 0 0 1 -2 -2 V 5 a 2 2 0 0 1 2 -2 h 3
SquareSplitVertical	M 2 12 h 20 M 21 16 v 3 a 2 2 0 0 1 -2 2 H 5 a 2 2 0 0 1 -2 -2 v -3 M 3 8 V 5 a 2 2 0 0 1 2 -2 h 14 a 2 2 0 0 1 2 2 v 3
SquareSquare	M 5 3 h 14 a 2 2 0 0 1 2 2 v 14 a 2 2 0 0 1 -2 2 h -14 a 2 2 0 0 1 -2 -2 v -14 a 2 2 0 0 1 2 -2 Z M 9 8 h 6 a 1 1 0 0 1 1 1 v 6 a 1 1 0 0 1 -1 1 h -6 a 1 1 0 0 1 -1 -1 v -6 a 1 1 0 0 1 1 -1 Z
SquareStack	M 4 10 c -1.1 0 -2 -.9 -2 -2 V 4 c 0 -1.1 .9 -2 2 -2 h 4 c 1.1 0 2 .9 2 2 M 10 16 c -1.1 0 -2 -.9 -2 -2 v -4 c 0 -1.1 .9 -2 2 -2 h 4 c 1.1 0 2 .9 2 2 M 16 14 h 4 a 2 2 0 0 1 2 2 v 4 a 2 2 0 0 1 -2 2 h -4 a 2 2 0 0 1 -2 -2 v -4 a 2 2 0 0 1 2 -2 Z
SquareStar	M 11.035 7.69 a 1 1 0 0 1 1.909 .024 l .737 1.452 a 1 1 0 0 0 .737 .535 l 1.634 .256 a 1 1 0 0 1 .588 1.806 l -1.172 1.168 a 1 1 0 0 0 -.282 .866 l .259 1.613 a 1 1 0 0 1 -1.541 1.134 l -1.465 -.75 a 1 1 0 0 0 -.912 0 l -1.465 .75 a 1 1 0 0 1 -1.539 -1.133 l .258 -1.613 a 1 1 0 0 0 -.282 -.866 l -1.156 -1.153 a 1 1 0 0 1 .572 -1.822 l 1.633 -.256 a 1 1 0 0 0 .737 -.535 z M 5 3 h 14 a 2 2 0 0 1 2 2 v 14 a 2 2 0 0 1 -2 2 h -14 a 2 2 0 0 1 -2 -2 v -14 a 2 2 0 0 1 2 -2 Z
SquareStop	M 5 3 h 14 a 2 2 0 0 1 2 2 v 14 a 2 2 0 0 1 -2 2 h -14 a 2 2 0 0 1 -2 -2 v -14 a 2 2 0 0 1 2 -2 Z M 10 9 h 4 a 1 1 0 0 1 1 1 v 4 a 1 1 0 0 1 -1 1 h -4 a 1 1 0 0 1 -1 -1 v -4 a 1 1 0 0 1 1 -1 Z
SquareTerminal	M 7 11 l 2 -2 -2 -2 M 11 13 h 4 M 5 3 h 14 a 2 2 0 0 1 2 2 v 14 a 2 2 0 0 1 -2 2 h -14 a 2 2 0 0 1 -2 -2 v -14 a 2 2 0 0 1 2 -2 Z
SquareText	M 5 3 h 14 a 2 2 0 0 1 2 2 v 14 a 2 2 0 0 1 -2 2 h -14 a 2 2 0 0 1 -2 -2 v -14 a 2 2 0 0 1 2 -2 Z M 7 8 h 8 M 7 12 h 10 M 7 16 h 6
SquareUser	M 5 3 h 14 a 2 2 0 0 1 2 2 v 14 a 2 2 0 0 1 -2 2 h -14 a 2 2 0 0 1 -2 -2 v -14 a 2 2 0 0 1 2 -2 Z M 9 10 a 3 3 0 1 0 6 0 a 3 3 0 1 0 -6 0 Z M 7 21 v -2 a 2 2 0 0 1 2 -2 h 6 a 2 2 0 0 1 2 2 v 2
SquareUserRound	M 18 21 a 6 6 0 0 0 -12 0 M 8 11 a 4 4 0 1 0 8 0 a 4 4 0 1 0 -8 0 Z M 5 3 h 14 a 2 2 0 0 1 2 2 v 14 a 2 2 0 0 1 -2 2 h -14 a 2 2 0 0 1 -2 -2 v -14 a 2 2 0 0 1 2 -2 Z
SquareX	M 5 3 h 14 a 2 2 0 0 1 2 2 v 14 a 2 2 0 0 1 -2 2 h -14 a 2 2 0 0 1 -2 -2 v -14 a 2 2 0 0 1 2 -2 Z M 15 9 l -6 6 M 9 9 l 6 6
SquaresExclude	M 16 12 v 2 a 2 2 0 0 1 -2 2 H 9 a 1 1 0 0 0 -1 1 v 3 a 2 2 0 0 0 2 2 h 10 a 2 2 0 0 0 2 -2 V 10 a 2 2 0 0 0 -2 -2 h 0 M 4 16 a 2 2 0 0 1 -2 -2 V 4 a 2 2 0 0 1 2 -2 h 10 a 2 2 0 0 1 2 2 v 3 a 1 1 0 0 1 -1 1 h -5 a 2 2 0 0 0 -2 2 v 2
SquaresIntersect	M 10 22 a 2 2 0 0 1 -2 -2 M 14 2 a 2 2 0 0 1 2 2 M 16 22 h -2 M 2 10 V 8 M 2 4 a 2 2 0 0 1 2 -2 M 20 8 a 2 2 0 0 1 2 2 M 22 14 v 2 M 22 20 a 2 2 0 0 1 -2 2 M 4 16 a 2 2 0 0 1 -2 -2 M 8 10 a 2 2 0 0 1 2 -2 h 5 a 1 1 0 0 1 1 1 v 5 a 2 2 0 0 1 -2 2 H 9 a 1 1 0 0 1 -1 -1 z M 8 2 h 2
SquaresSubtract	M 10 22 a 2 2 0 0 1 -2 -2 M 16 22 h -2 M 16 4 a 2 2 0 0 0 -2 -2 H 4 a 2 2 0 0 0 -2 2 v 10 a 2 2 0 0 0 2 2 h 3 a 1 1 0 0 0 1 -1 v -5 a 2 2 0 0 1 2 -2 h 5 a 1 1 0 0 0 1 -1 z M 20 8 a 2 2 0 0 1 2 2 M 22 14 v 2 M 22 20 a 2 2 0 0 1 -2 2
SquaresUnite	M 4 16 a 2 2 0 0 1 -2 -2 V 4 a 2 2 0 0 1 2 -2 h 10 a 2 2 0 0 1 2 2 v 3 a 1 1 0 0 0 1 1 h 3 a 2 2 0 0 1 2 2 v 10 a 2 2 0 0 1 -2 2 H 10 a 2 2 0 0 1 -2 -2 v -3 a 1 1 0 0 0 -1 -1 z
Squircle	M 12 3 c 7.2 0 9 1.8 9 9 s -1.8 9 -9 9 -9 -1.8 -9 -9 1.8 -9 9 -9
SquircleDashed	M 13.77 3.043 a 34 34 0 0 0 -3.54 0 M 13.771 20.956 a 33 33 0 0 1 -3.541 .001 M 20.18 17.74 c -.51 1.15 -1.29 1.93 -2.439 2.44 M 20.18 6.259 c -.51 -1.148 -1.291 -1.929 -2.44 -2.438 M 20.957 10.23 a 33 33 0 0 1 0 3.54 M 3.043 10.23 a 34 34 0 0 0 .001 3.541 M 6.26 20.179 c -1.15 -.508 -1.93 -1.29 -2.44 -2.438 M 6.26 3.82 c -1.149 .51 -1.93 1.291 -2.44 2.44
Squirrel	M 15.236 22 a 3 3 0 0 0 -2.2 -5 M 16 20 a 3 3 0 0 1 3 -3 h 1 a 2 2 0 0 0 2 -2 v -2 a 4 4 0 0 0 -4 -4 V 4 M 18 13 h .01 M 18 6 a 4 4 0 0 0 -4 4 7 7 0 0 0 -7 7 c 0 -5 4 -5 4 -10.5 a 4.5 4.5 0 1 0 -9 0 2.5 2.5 0 0 0 5 0 C 7 10 3 11 3 17 c 0 2.8 2.2 5 5 5 h 10
Stamp	M 14 13 V 8.5 C 14 7 15 7 15 5 a 3 3 0 0 0 -6 0 c 0 2 1 2 1 3.5 V 13 M 20 15.5 a 2.5 2.5 0 0 0 -2.5 -2.5 h -11 A 2.5 2.5 0 0 0 4 15.5 V 17 a 1 1 0 0 0 1 1 h 14 a 1 1 0 0 0 1 -1 z M 5 22 h 14
Star	M 11.525 2.295 a .53 .53 0 0 1 .95 0 l 2.31 4.679 a 2.123 2.123 0 0 0 1.595 1.16 l 5.166 .756 a .53 .53 0 0 1 .294 .904 l -3.736 3.638 a 2.123 2.123 0 0 0 -.611 1.878 l .882 5.14 a .53 .53 0 0 1 -.771 .56 l -4.618 -2.428 a 2.122 2.122 0 0 0 -1.973 0 L 6.396 21.01 a .53 .53 0 0 1 -.77 -.56 l .881 -5.139 a 2.122 2.122 0 0 0 -.611 -1.879 L 2.16 9.795 a .53 .53 0 0 1 .294 -.906 l 5.165 -.755 a 2.122 2.122 0 0 0 1.597 -1.16 z
StarCheck	M 19.06 12.501 l 2.78 -2.707 a .53 .53 0 0 0 -.294 -.905 l -5.166 -.755 a 2.1 2.1 0 0 1 -1.595 -1.16 l -2.31 -4.68 a .53 .53 0 0 0 -.95 .001 L 9.216 6.974 a 2.1 2.1 0 0 1 -1.597 1.16 l -5.165 .755 a .53 .53 0 0 0 -.294 .906 l 3.736 3.637 a 2.1 2.1 0 0 1 .611 1.879 l -.88 5.139 a .53 .53 0 0 0 .769 .56 l 4.617 -2.428 .027 -.014 M 15 18 l 2 2 4 -4
StarHalf	M 12 18.338 a 2.1 2.1 0 0 0 -.987 .244 L 6.396 21.01 a .53 .53 0 0 1 -.77 -.56 l .881 -5.139 a 2.12 2.12 0 0 0 -.611 -1.879 L 2.16 9.795 a .53 .53 0 0 1 .294 -.906 l 5.165 -.755 a 2.12 2.12 0 0 0 1.597 -1.16 l 2.309 -4.679 A .53 .53 0 0 1 12 2
StarMinus	M 15 18 h 6 M 17.688 14 a 2.1 2.1 0 0 1 .416 -.568 l 3.736 -3.638 a .53 .53 0 0 0 -.294 -.905 l -5.166 -.755 a 2.1 2.1 0 0 1 -1.595 -1.16 l -2.31 -4.68 a .53 .53 0 0 0 -.95 .001 L 9.216 6.974 a 2.1 2.1 0 0 1 -1.597 1.16 l -5.165 .755 a .53 .53 0 0 0 -.294 .906 l 3.736 3.637 a 2.1 2.1 0 0 1 .611 1.879 l -.88 5.139 a .53 .53 0 0 0 .769 .56 l 4.617 -2.428 .027 -.014
StarOff	M 10.344 4.688 l 1.181 -2.393 a .53 .53 0 0 1 .95 0 l 2.31 4.679 a 2.12 2.12 0 0 0 1.595 1.16 l 5.166 .756 a .53 .53 0 0 1 .294 .904 l -3.237 3.152 M 17.945 17.945 l .43 2.505 a .53 .53 0 0 1 -.771 .56 l -4.618 -2.428 a 2.12 2.12 0 0 0 -1.973 0 L 6.396 21.01 a .53 .53 0 0 1 -.77 -.56 l .881 -5.139 a 2.12 2.12 0 0 0 -.611 -1.879 L 2.16 9.795 a .53 .53 0 0 1 .294 -.906 l 5.165 -.755 a 8 8 0 0 0 .4 -.099 M 2 2 l 20 20
StarPlus	M 11.013 18.582 6.396 21.01 a .53 .53 0 0 1 -.77 -.56 l .881 -5.139 a 2.12 2.12 0 0 0 -.611 -1.879 L 2.16 9.795 a .53 .53 0 0 1 .294 -.906 l 5.165 -.755 a 2.12 2.12 0 0 0 1.597 -1.16 l 2.309 -4.679 a .53 .53 0 0 1 .95 0 l 2.31 4.679 a 2.12 2.12 0 0 0 1.595 1.16 l 5.166 .756 a .53 .53 0 0 1 .294 .904 L 20 11.5 M 15 18 h 6 M 18 15 v 6
StarX	M 15.5 15.5 l 5 5 M 20.063 11.525 l 1.777 -1.731 a .53 .53 0 0 0 -.294 -.905 l -5.166 -.755 a 2.1 2.1 0 0 1 -1.595 -1.16 l -2.31 -4.68 a .53 .53 0 0 0 -.95 .001 L 9.216 6.974 a 2.1 2.1 0 0 1 -1.597 1.16 l -5.165 .755 a .53 .53 0 0 0 -.294 .906 l 3.736 3.637 a 2.1 2.1 0 0 1 .611 1.879 l -.88 5.139 a .53 .53 0 0 0 .769 .56 l 4.617 -2.428 a 2.1 2.1 0 0 1 .987 -.243 2 2 0 0 1 .132 .004 M 20.5 15.5 l -5 5
StepBack	M 13.971 4.285 A 2 2 0 0 1 17 6 v 12 a 2 2 0 0 1 -3.029 1.715 l -9.997 -5.998 a 2 2 0 0 1 -.003 -3.432 z M 21 20 V 4
StepForward	M 10.029 4.285 A 2 2 0 0 0 7 6 v 12 a 2 2 0 0 0 3.029 1.715 l 9.997 -5.998 a 2 2 0 0 0 .003 -3.432 z M 3 4 v 16
Stethoscope	M 11 2 v 2 M 5 2 v 2 M 5 3 H 4 a 2 2 0 0 0 -2 2 v 4 a 6 6 0 0 0 12 0 V 5 a 2 2 0 0 0 -2 -2 h -1 M 8 15 a 6 6 0 0 0 12 0 v -3 M 18 10 a 2 2 0 1 0 4 0 a 2 2 0 1 0 -4 0 Z
Sticker	M 21 9 a 2.4 2.4 0 0 0 -.706 -1.706 l -3.588 -3.588 A 2.4 2.4 0 0 0 15 3 H 5 a 2 2 0 0 0 -2 2 v 14 a 2 2 0 0 0 2 2 h 14 a 2 2 0 0 0 2 -2 z M 15 3 v 5 a 1 1 0 0 0 1 1 h 5 M 8 13 h .01 M 16 13 h .01 M 10 16 s .8 1 2 1 c 1.3 0 2 -1 2 -1
StickyNote	M 21 9 a 2.4 2.4 0 0 0 -.706 -1.706 l -3.588 -3.588 A 2.4 2.4 0 0 0 15 3 H 5 a 2 2 0 0 0 -2 2 v 14 a 2 2 0 0 0 2 2 h 14 a 2 2 0 0 0 2 -2 z M 15 3 v 5 a 1 1 0 0 0 1 1 h 5
StickyNoteCheck	M 15 19 l 2 2 4 -4 M 15 3 v 5 a 1 1 0 0 0 1 1 h 5 M 21 13 V 9 a 2.4 2.4 0 0 0 -.706 -1.706 l -3.588 -3.588 A 2.4 2.4 0 0 0 15 3 H 5 a 2 2 0 0 0 -2 2 v 14 a 2 2 0 0 0 2 2 h 6.5
StickyNoteMinus	M 15 3 v 5 a 1 1 0 0 0 1 1 h 5 M 21 14 V 9 a 2.4 2.4 0 0 0 -.706 -1.706 l -3.588 -3.588 A 2.4 2.4 0 0 0 15 3 H 5 a 2 2 0 0 0 -2 2 v 14 a 2 2 0 0 0 2 2 h 7.35 M 21 18 h -6
StickyNoteOff	M 15 3 v 5 a 1 1 0 0 0 1 1 h 5 M 2 2 l 20 20 M 3.586 3.586 A 2 2 0 0 0 3 5 v 14 a 2 2 0 0 0 2 2 h 14 a 2 2 0 0 0 1.414 -.586 M 8.656 3 H 15 a 2.4 2.4 0 0 1 1.706 .706 l 3.588 3.588 A 2.4 2.4 0 0 1 21 9 v 6.344
StickyNotePlus	M 15 3 v 5 a 1 1 0 0 0 1 1 h 5 M 18 15 v 6 M 21 12.356 V 9 a 2.4 2.4 0 0 0 -.706 -1.706 l -3.588 -3.588 A 2.4 2.4 0 0 0 15 3 H 5 a 2 2 0 0 0 -2 2 v 14 a 2 2 0 0 0 2 2 h 7.355 M 21 18 h -6
StickyNoteX	M 15 3 v 5 a 1 1 0 0 0 1 1 h 5 M 16 16 l 5 5 M 21 12 V 9 a 2.4 2.4 0 0 0 -.706 -1.706 l -3.588 -3.588 A 2.4 2.4 0 0 0 15 3 H 5 a 2 2 0 0 0 -2 2 v 14 a 2 2 0 0 0 2 2 h 7 M 21 16 l -5 5
StickyNotes	M 10 8 a 2.4 2.4 0 0 1 1.706 .706 l 3.588 3.588 A 2.4 2.4 0 0 1 16 14 v 6 a 2 2 0 0 1 -2 2 H 4 a 2 2 0 0 1 -2 -2 V 10 a 2 2 0 0 1 2 -2 z M 10 8 v 5 a 1 1 0 0 0 1 1 h 5 M 8 4 a 2 2 0 0 1 2 -2 h 6 a 2.4 2.4 0 0 1 1.706 .706 l 3.588 3.588 A 2.4 2.4 0 0 1 22 8 v 6 a 2 2 0 0 1 -2 2 M 16 2 v 5 a 1 1 0 0 0 1 1 h 5
Stone	M 11.264 2.205 A 4 4 0 0 0 6.42 4.211 l -4 8 a 4 4 0 0 0 1.359 5.117 l 6 4 a 4 4 0 0 0 4.438 0 l 6 -4 a 4 4 0 0 0 1.576 -4.592 l -2 -6 a 4 4 0 0 0 -2.53 -2.53 z M 11.99 22 14 12 l 7.822 3.184 M 14 12 8.47 2.302
Store	M 15 21 v -5 a 1 1 0 0 0 -1 -1 h -4 a 1 1 0 0 0 -1 1 v 5 M 17.774 10.31 a 1.12 1.12 0 0 0 -1.549 0 2.5 2.5 0 0 1 -3.451 0 1.12 1.12 0 0 0 -1.548 0 2.5 2.5 0 0 1 -3.452 0 1.12 1.12 0 0 0 -1.549 0 2.5 2.5 0 0 1 -3.77 -3.248 l 2.889 -4.184 A 2 2 0 0 1 7 2 h 10 a 2 2 0 0 1 1.653 .873 l 2.895 4.192 a 2.5 2.5 0 0 1 -3.774 3.244 M 4 10.95 V 19 a 2 2 0 0 0 2 2 h 12 a 2 2 0 0 0 2 -2 v -8.05
StretchHorizontal	M 4 4 h 16 a 2 2 0 0 1 2 2 v 2 a 2 2 0 0 1 -2 2 h -16 a 2 2 0 0 1 -2 -2 v -2 a 2 2 0 0 1 2 -2 Z M 4 14 h 16 a 2 2 0 0 1 2 2 v 2 a 2 2 0 0 1 -2 2 h -16 a 2 2 0 0 1 -2 -2 v -2 a 2 2 0 0 1 2 -2 Z
StretchVertical	M 6 2 h 2 a 2 2 0 0 1 2 2 v 16 a 2 2 0 0 1 -2 2 h -2 a 2 2 0 0 1 -2 -2 v -16 a 2 2 0 0 1 2 -2 Z M 16 2 h 2 a 2 2 0 0 1 2 2 v 16 a 2 2 0 0 1 -2 2 h -2 a 2 2 0 0 1 -2 -2 v -16 a 2 2 0 0 1 2 -2 Z
Strikethrough	M 16 4 H 9 a 3 3 0 0 0 -2.83 4 M 14 12 a 4 4 0 0 1 0 8 H 6 M 4 12 L 20 12
Subscript	M 4 5 l 8 8 M 12 5 l -8 8 M 20 19 h -4 c 0 -1.5 .44 -2 1.5 -2.5 S 20 15.33 20 14 c 0 -.47 -.17 -.93 -.48 -1.29 a 2.11 2.11 0 0 0 -2.62 -.44 c -.42 .24 -.74 .62 -.9 1.07
Summary	M 15 4 H 7 M 18 16 l 3 3 -3 3 M 3 4 v 13 a 2 2 0 0 0 2 2 h 16 M 7 14 h 7 M 7 9 h 12
Sun	M 8 12 a 4 4 0 1 0 8 0 a 4 4 0 1 0 -8 0 Z M 12 2 v 2 M 12 20 v 2 M 4.93 4.93 l 1.41 1.41 M 17.66 17.66 l 1.41 1.41 M 2 12 h 2 M 20 12 h 2 M 6.34 17.66 l -1.41 1.41 M 19.07 4.93 l -1.41 1.41
SunDim	M 8 12 a 4 4 0 1 0 8 0 a 4 4 0 1 0 -8 0 Z M 12 4 h .01 M 20 12 h .01 M 12 20 h .01 M 4 12 h .01 M 17.657 6.343 h .01 M 17.657 17.657 h .01 M 6.343 17.657 h .01 M 6.343 6.343 h .01
SunMedium	M 8 12 a 4 4 0 1 0 8 0 a 4 4 0 1 0 -8 0 Z M 12 3 v 1 M 12 20 v 1 M 3 12 h 1 M 20 12 h 1 M 18.364 5.636 l -.707 .707 M 6.343 17.657 l -.707 .707 M 5.636 5.636 l .707 .707 M 17.657 17.657 l .707 .707
SunMoon	M 12 2 v 2 M 14.837 16.385 a 6 6 0 1 1 -7.223 -7.222 c .624 -.147 .97 .66 .715 1.248 a 4 4 0 0 0 5.26 5.259 c .589 -.255 1.396 .09 1.248 .715 M 16 12 a 4 4 0 0 0 -4 -4 M 19 5 l -1.256 1.256 M 20 12 h 2
SunSnow	M 10 21 v -1 M 10 4 V 3 M 10 9 a 3 3 0 0 0 0 6 M 14 20 l 1.25 -2.5 L 18 18 M 14 4 l 1.25 2.5 L 18 6 M 17 21 l -3 -6 1.5 -3 H 22 M 17 3 l -3 6 1.5 3 M 2 12 h 1 M 20 10 l -1.5 2 1.5 2 M 3.64 18.36 l .7 -.7 M 4.34 6.34 l -.7 -.7
Sunrise	M 12 2 v 8 M 4.93 10.93 l 1.41 1.41 M 2 18 h 2 M 20 18 h 2 M 19.07 10.93 l -1.41 1.41 M 22 22 H 2 M 8 6 l 4 -4 4 4 M 16 18 a 4 4 0 0 0 -8 0
Sunset	M 12 10 V 2 M 4.93 10.93 l 1.41 1.41 M 2 18 h 2 M 20 18 h 2 M 19.07 10.93 l -1.41 1.41 M 22 22 H 2 M 16 6 l -4 4 -4 -4 M 16 18 a 4 4 0 0 0 -8 0
Superscript	M 4 19 l 8 -8 M 12 19 l -8 -8 M 20 12 h -4 c 0 -1.5 .442 -2 1.5 -2.5 S 20 8.334 20 7.002 c 0 -.472 -.17 -.93 -.484 -1.29 a 2.105 2.105 0 0 0 -2.617 -.436 c -.42 .239 -.738 .614 -.899 1.06
SwatchBook	M 11 17 a 4 4 0 0 1 -8 0 V 5 a 2 2 0 0 1 2 -2 h 4 a 2 2 0 0 1 2 2 Z M 16.7 13 H 19 a 2 2 0 0 1 2 2 v 4 a 2 2 0 0 1 -2 2 H 7 M 7 17 h .01 M 11 8 l 2.3 -2.3 a 2.4 2.4 0 0 1 3.404 .004 L 18.6 7.6 a 2.4 2.4 0 0 1 .026 3.434 L 9.9 19.8
SwissFranc	M 10 21 V 3 h 8 M 6 16 h 9 M 10 9.5 h 7
SwitchCamera	M 11 19 H 4 a 2 2 0 0 1 -2 -2 V 7 a 2 2 0 0 1 2 -2 h 5 M 13 5 h 7 a 2 2 0 0 1 2 2 v 10 a 2 2 0 0 1 -2 2 h -5 M 9 12 a 3 3 0 1 0 6 0 a 3 3 0 1 0 -6 0 Z M 18 22 l -3 -3 3 -3 M 6 2 l 3 3 -3 3
Sword	M 11 19 l -6 -6 M 5 21 l -2 -2 M 8 16 l -4 4 M 9.5 17.5 20.414 6.586 A 2 2 0 0 0 21 5.172 V 3 h -2.172 a 2 2 0 0 0 -1.414 .586 L 6.5 14.5
Swords	M 13 19 l 6 -6 M 14.5 17.5 3.586 6.586 A 2 2 0 0 1 3 5.172 V 3 h 2.172 a 2 2 0 0 1 1.414 .586 L 17.5 14.5 M 14.828 6.172 l 2.586 -2.586 A 2 2 0 0 1 18.828 3 H 21 v 2.172 a 2 2 0 0 1 -.586 1.414 l -2.586 2.586 M 16 16 l 4 4 M 19 21 l 2 -2 M 5 14 l 4 4 M 5 21 l -2 -2 M 7.5 16.5 4 20
Syringe	M 18 2 l 4 4 M 17 7 l 3 -3 M 19 9 8.7 19.3 c -1 1 -2.5 1 -3.4 0 l -.6 -.6 c -1 -1 -1 -2.5 0 -3.4 L 15 5 M 9 11 l 4 4 M 5 19 l -3 3 M 14 4 l 6 6
Table	M 12 3 v 18 M 5 3 h 14 a 2 2 0 0 1 2 2 v 14 a 2 2 0 0 1 -2 2 h -14 a 2 2 0 0 1 -2 -2 v -14 a 2 2 0 0 1 2 -2 Z M 3 9 h 18 M 3 15 h 18
Table2	M 3 9 h 18 M 9 3 v 18 M 5 3 h 14 a 2 2 0 0 1 2 2 v 14 a 2 2 0 0 1 -2 2 h -14 a 2 2 0 0 1 -2 -2 v -14 a 2 2 0 0 1 2 -2 Z
TableCellsMerge	M 12 21 v -6 M 12 9 V 3 M 3 15 h 18 M 3 9 h 18 M 5 3 h 14 a 2 2 0 0 1 2 2 v 14 a 2 2 0 0 1 -2 2 h -14 a 2 2 0 0 1 -2 -2 v -14 a 2 2 0 0 1 2 -2 Z
TableCellsSplit	M 12 15 V 9 M 3 15 h 18 M 3 9 h 18 M 5 3 h 14 a 2 2 0 0 1 2 2 v 14 a 2 2 0 0 1 -2 2 h -14 a 2 2 0 0 1 -2 -2 v -14 a 2 2 0 0 1 2 -2 Z
TableColumnsSplit	M 14 14 v 2 M 14 20 v 2 M 14 2 v 2 M 14 8 v 2 M 2 15 h 8 M 2 3 h 6 a 2 2 0 0 1 2 2 v 14 a 2 2 0 0 1 -2 2 H 2 M 2 9 h 8 M 22 15 h -4 M 22 3 h -2 a 2 2 0 0 0 -2 2 v 14 a 2 2 0 0 0 2 2 h 2 M 22 9 h -4 M 5 3 v 18
TableOfContents	M 16 5 H 3 M 16 12 H 3 M 16 19 H 3 M 21 5 h .01 M 21 12 h .01 M 21 19 h .01
TableProperties	M 15 3 v 18 M 5 3 h 14 a 2 2 0 0 1 2 2 v 14 a 2 2 0 0 1 -2 2 h -14 a 2 2 0 0 1 -2 -2 v -14 a 2 2 0 0 1 2 -2 Z M 21 9 H 3 M 21 15 H 3
TableRowsSplit	M 14 10 h 2 M 15 22 v -8 M 15 2 v 4 M 2 10 h 2 M 20 10 h 2 M 3 19 h 18 M 3 22 v -6 a 2 2 135 0 1 2 -2 h 14 a 2 2 45 0 1 2 2 v 6 M 3 2 v 2 a 2 2 45 0 0 2 2 h 14 a 2 2 135 0 0 2 -2 V 2 M 8 10 h 2 M 9 22 v -8 M 9 2 v 4
Tablet	M 6 2 h 12 a 2 2 0 0 1 2 2 v 16 a 2 2 0 0 1 -2 2 h -12 a 2 2 0 0 1 -2 -2 v -16 a 2 2 0 0 1 2 -2 Z M 12 18 L 12.01 18
TabletSmartphone	M 5 8 h 6 a 2 2 0 0 1 2 2 v 10 a 2 2 0 0 1 -2 2 h -6 a 2 2 0 0 1 -2 -2 v -10 a 2 2 0 0 1 2 -2 Z M 5 4 a 2 2 0 0 1 2 -2 h 12 a 2 2 0 0 1 2 2 v 16 a 2 2 0 0 1 -2 2 h -2.4 M 8 18 h .01
Tablets	M 2 7 a 5 5 0 1 0 10 0 a 5 5 0 1 0 -10 0 Z M 12 17 a 5 5 0 1 0 10 0 a 5 5 0 1 0 -10 0 Z M 12 17 h 10 M 3.46 10.54 l 7.08 -7.08
Tag	M 12.586 2.586 A 2 2 0 0 0 11.172 2 H 4 a 2 2 0 0 0 -2 2 v 7.172 a 2 2 0 0 0 .586 1.414 l 8.704 8.704 a 2.426 2.426 0 0 0 3.42 0 l 6.58 -6.58 a 2.426 2.426 0 0 0 0 -3.42 z	M 7 7.5 a 0.5 0.5 0 1 0 1 0 a 0.5 0.5 0 1 0 -1 0 Z
TagPlus	M 16 13 h 6 M 16.5 6.5 l -3.914 -3.914 A 2 2 0 0 0 11.172 2 H 4 a 2 2 0 0 0 -2 2 v 7.172 a 2 2 0 0 0 .586 1.414 l 8.704 8.704 a 2.426 2.426 0 0 0 3.42 0 l 1.79 -1.79 M 19 10 v 6	M 7 7.5 a 0.5 0.5 0 1 0 1 0 a 0.5 0.5 0 1 0 -1 0 Z
TagX	M 16.5 6.5 l -3.914 -3.914 A 2 2 0 0 0 11.172 2 H 4 a 2 2 0 0 0 -2 2 v 7.172 a 2 2 0 0 0 .586 1.414 l 8.704 8.704 a 2.43 2.43 0 0 0 3.42 0 l 1.79 -1.79 M 16.5 10.5 l 5 5 M 21.5 10.5 l -5 5	M 7 7.5 a 0.5 0.5 0 1 0 1 0 a 0.5 0.5 0 1 0 -1 0 Z
Tags	M 13.172 2 a 2 2 0 0 1 1.414 .586 l 6.71 6.71 a 2.4 2.4 0 0 1 0 3.408 l -4.592 4.592 a 2.4 2.4 0 0 1 -3.408 0 l -6.71 -6.71 A 2 2 0 0 1 6 9.172 V 3 a 1 1 0 0 1 1 -1 z M 2 7 v 6.172 a 2 2 0 0 0 .586 1.414 l 6.71 6.71 a 2.4 2.4 0 0 0 3.191 .193	M 10 6.5 a 0.5 0.5 0 1 0 1 0 a 0.5 0.5 0 1 0 -1 0 Z
Tally1	M 4 4 v 16
Tally2	M 4 4 v 16 M 9 4 v 16
Tally3	M 4 4 v 16 M 9 4 v 16 M 14 4 v 16
Tally4	M 4 4 v 16 M 9 4 v 16 M 14 4 v 16 M 19 4 v 16
Tally5	M 4 4 v 16 M 9 4 v 16 M 14 4 v 16 M 19 4 v 16 M 22 6 2 18
Tangent	M 15 4 a 2 2 0 1 0 4 0 a 2 2 0 1 0 -4 0 Z M 15.59 5.41 5.41 15.59 M 2 17 a 2 2 0 1 0 4 0 a 2 2 0 1 0 -4 0 Z M 12 22 s -4 -9 -1.5 -11.5 S 22 12 22 12
Target	M 2 12 a 10 10 0 1 0 20 0 a 10 10 0 1 0 -20 0 Z M 6 12 a 6 6 0 1 0 12 0 a 6 6 0 1 0 -12 0 Z M 10 12 a 2 2 0 1 0 4 0 a 2 2 0 1 0 -4 0 Z
Telescope	M 10.065 12.493 l -6.18 1.318 a .934 .934 0 0 1 -1.108 -.702 l -.537 -2.15 a 1.07 1.07 0 0 1 .691 -1.265 l 13.504 -4.44 M 13.56 11.747 l 4.332 -.924 M 16 21 l -3.105 -6.21 M 16.485 5.94 a 2 2 0 0 1 1.455 -2.425 l 1.09 -.272 a 1 1 0 0 1 1.212 .727 l 1.515 6.06 a 1 1 0 0 1 -.727 1.213 l -1.09 .272 a 2 2 0 0 1 -2.425 -1.455 z M 6.158 8.633 l 1.114 4.456 M 8 21 l 3.105 -6.21 M 10 13 a 2 2 0 1 0 4 0 a 2 2 0 1 0 -4 0 Z
Tent	M 3.5 21 14 3 M 20.5 21 10 3 M 15.5 21 12 15 l -3.5 6 M 2 21 h 20
TentTree	M 2 4 a 2 2 0 1 0 4 0 a 2 2 0 1 0 -4 0 Z M 14 5 l 3 -3 3 3 M 14 10 l 3 -3 3 3 M 17 14 V 2 M 17 14 H 7 l -5 8 h 20 Z M 8 14 v 8 M 9 14 l 5 8
Terminal	M 12 19 h 8 M 4 17 l 6 -6 -6 -6
TestTube	M 14.5 2 v 17.5 c 0 1.4 -1.1 2.5 -2.5 2.5 c -1.4 0 -2.5 -1.1 -2.5 -2.5 V 2 M 8.5 2 h 7 M 14.5 16 h -5
TestTubeDiagonal	M 21 7 6.82 21.18 a 2.83 2.83 0 0 1 -3.99 -.01 a 2.83 2.83 0 0 1 0 -4 L 17 3 M 16 2 l 6 6 M 12 16 H 4
TestTubes	M 9 2 v 17.5 A 2.5 2.5 0 0 1 6.5 22 A 2.5 2.5 0 0 1 4 19.5 V 2 M 20 2 v 17.5 a 2.5 2.5 0 0 1 -2.5 2.5 a 2.5 2.5 0 0 1 -2.5 -2.5 V 2 M 3 2 h 7 M 14 2 h 7 M 9 16 H 4 M 20 16 h -5
TextAlignCenter	M 21 5 H 3 M 17 12 H 7 M 19 19 H 5
TextAlignEnd	M 21 5 H 3 M 21 12 H 9 M 21 19 H 7
TextAlignJustify	M 3 5 h 18 M 3 12 h 18 M 3 19 h 18
TextAlignStart	M 21 5 H 3 M 15 12 H 3 M 17 19 H 3
TextCursor	M 17 22 h -1 a 4 4 0 0 1 -4 -4 V 6 a 4 4 0 0 1 4 -4 h 1 M 7 22 h 1 a 4 4 0 0 0 4 -4 M 7 2 h 1 a 4 4 0 0 1 4 4
TextCursorInput	M 12 20 h -1 a 2 2 0 0 1 -2 -2 2 2 0 0 1 -2 2 H 6 M 13 8 h 7 a 2 2 0 0 1 2 2 v 4 a 2 2 0 0 1 -2 2 h -7 M 5 16 H 4 a 2 2 0 0 1 -2 -2 v -4 a 2 2 0 0 1 2 -2 h 1 M 6 4 h 1 a 2 2 0 0 1 2 2 2 2 0 0 1 2 -2 h 1 M 9 6 v 12
TextInitial	M 15 5 h 6 M 15 12 h 6 M 3 19 h 18 M 3 12 l 3.553 -7.724 a .5 .5 0 0 1 .894 0 L 11 12 M 3.92 10 h 6.16
TextQuote	M 17 5 H 3 M 21 12 H 8 M 21 19 H 8 M 3 12 v 7
TextSearch	M 21 5 H 3 M 10 12 H 3 M 10 19 H 3 M 14 15 a 3 3 0 1 0 6 0 a 3 3 0 1 0 -6 0 Z M 21 19 l -1.9 -1.9
TextWrap	M 16 16 l -3 3 3 3 M 3 12 h 14.5 a 1 1 0 0 1 0 7 H 13 M 3 19 h 6 M 3 5 h 18
Theater	M 2 10 s 3 -3 3 -8 M 22 10 s -3 -3 -3 -8 M 10 2 c 0 4.4 -3.6 8 -8 8 M 14 2 c 0 4.4 3.6 8 8 8 M 2 10 s 2 2 2 5 M 22 10 s -2 2 -2 5 M 8 15 h 8 M 2 22 v -1 a 2 2 0 0 1 2 -2 h 4 a 2 2 0 0 1 2 2 v 1 M 14 22 v -1 a 2 2 0 0 1 2 -2 h 4 a 2 2 0 0 1 2 2 v 1
Thermometer	M 14 4 v 10.54 a 4 4 0 1 1 -4 0 V 4 a 2 2 0 0 1 4 0 Z
ThermometerSnowflake	M 10 20 l -1.25 -2.5 L 6 18 M 10 4 8.75 6.5 6 6 M 10.585 15 H 10 M 2 12 h 6.5 L 10 9 M 20 14.54 a 4 4 0 1 1 -4 0 V 4 a 2 2 0 0 1 4 0 z M 4 10 l 1.5 2 L 4 14 M 7 21 l 3 -6 -1.5 -3 M 7 3 l 3 6 h 2
ThermometerSun	M 12 2 v 2 M 12 8 a 4 4 0 0 0 -1.645 7.647 M 2 12 h 2 M 20 14.54 a 4 4 0 1 1 -4 0 V 4 a 2 2 0 0 1 4 0 z M 4.93 4.93 l 1.41 1.41 M 6.34 17.66 l -1.41 1.41
ThumbsDown	M 9 18.12 10 14 H 4.17 a 2 2 0 0 1 -1.92 -2.56 l 2.33 -8 A 2 2 0 0 1 6.5 2 H 20 a 2 2 0 0 1 2 2 v 8 a 2 2 0 0 1 -2 2 h -2.76 a 2 2 0 0 0 -1.79 1.11 L 12 22 a 3.13 3.13 0 0 1 -3 -3.88 Z M 17 14 V 2
ThumbsUp	M 15 5.88 14 10 h 5.83 a 2 2 0 0 1 1.92 2.56 l -2.33 8 A 2 2 0 0 1 17.5 22 H 4 a 2 2 0 0 1 -2 -2 v -8 a 2 2 0 0 1 2 -2 h 2.76 a 2 2 0 0 0 1.79 -1.11 L 12 2 a 3.13 3.13 0 0 1 3 3.88 Z M 7 10 v 12
TicTacToe	M 12 2 v 20 M 21 16 l -5 5 M 21 21 l -5 -5 M 22 12 H 2 M 8 3 3 8 M 8 8 3 3 M 16 5.5 a 2.5 2.5 0 1 0 5 0 a 2.5 2.5 0 1 0 -5 0 Z M 3 18.5 a 2.5 2.5 0 1 0 5 0 a 2.5 2.5 0 1 0 -5 0 Z
Ticket	M 2 9 a 3 3 0 0 1 0 6 v 2 a 2 2 0 0 0 2 2 h 16 a 2 2 0 0 0 2 -2 v -2 a 3 3 0 0 1 0 -6 V 7 a 2 2 0 0 0 -2 -2 H 4 a 2 2 0 0 0 -2 2 Z M 13 5 v 2 M 13 17 v 2 M 13 11 v 2
TicketCheck	M 2 9 a 3 3 0 0 1 0 6 v 2 a 2 2 0 0 0 2 2 h 16 a 2 2 0 0 0 2 -2 v -2 a 3 3 0 0 1 0 -6 V 7 a 2 2 0 0 0 -2 -2 H 4 a 2 2 0 0 0 -2 2 Z M 9 12 l 2 2 4 -4
TicketMinus	M 2 9 a 3 3 0 0 1 0 6 v 2 a 2 2 0 0 0 2 2 h 16 a 2 2 0 0 0 2 -2 v -2 a 3 3 0 0 1 0 -6 V 7 a 2 2 0 0 0 -2 -2 H 4 a 2 2 0 0 0 -2 2 Z M 9 12 h 6
TicketPercent	M 2 9 a 3 3 0 1 1 0 6 v 2 a 2 2 0 0 0 2 2 h 16 a 2 2 0 0 0 2 -2 v -2 a 3 3 0 1 1 0 -6 V 7 a 2 2 0 0 0 -2 -2 H 4 a 2 2 0 0 0 -2 2 Z M 9 9 h .01 M 15 9 l -6 6 M 15 15 h .01
TicketPlus	M 2 9 a 3 3 0 0 1 0 6 v 2 a 2 2 0 0 0 2 2 h 16 a 2 2 0 0 0 2 -2 v -2 a 3 3 0 0 1 0 -6 V 7 a 2 2 0 0 0 -2 -2 H 4 a 2 2 0 0 0 -2 2 Z M 9 12 h 6 M 12 9 v 6
TicketSlash	M 2 9 a 3 3 0 0 1 0 6 v 2 a 2 2 0 0 0 2 2 h 16 a 2 2 0 0 0 2 -2 v -2 a 3 3 0 0 1 0 -6 V 7 a 2 2 0 0 0 -2 -2 H 4 a 2 2 0 0 0 -2 2 Z M 9.5 14.5 l 5 -5
TicketX	M 2 9 a 3 3 0 0 1 0 6 v 2 a 2 2 0 0 0 2 2 h 16 a 2 2 0 0 0 2 -2 v -2 a 3 3 0 0 1 0 -6 V 7 a 2 2 0 0 0 -2 -2 H 4 a 2 2 0 0 0 -2 2 Z M 9.5 14.5 l 5 -5 M 9.5 9.5 l 5 5
Tickets	M 3.173 8.18 l 11 -5 a 2 2 0 0 1 2.647 .993 L 18.56 8 M 6 10 V 8 M 6 14 v 1 M 6 19 v 2 M 4 8 h 16 a 2 2 0 0 1 2 2 v 9 a 2 2 0 0 1 -2 2 h -16 a 2 2 0 0 1 -2 -2 v -9 a 2 2 0 0 1 2 -2 Z
TicketsPlane	M 10.5 17 h 1.227 a 2 2 0 0 0 1.345 -.52 L 18 12 M 12 13.5 l 3.794 .506 M 3.173 8.18 l 11 -5 a 2 2 0 0 1 2.647 .993 L 18.56 8 M 6 10 V 8 M 6 14 v 1 M 6 19 v 2 M 4 8 h 16 a 2 2 0 0 1 2 2 v 9 a 2 2 0 0 1 -2 2 h -16 a 2 2 0 0 1 -2 -2 v -9 a 2 2 0 0 1 2 -2 Z
Timeline	M 4 12 h .01 M 4 16 h .01 M 4 20 h .01 M 4 4 h .01 M 4 8 h .01 M 9.414 13.414 a 2 2 0 0 0 1.414 .586 H 19 a 1 1 0 0 0 1 -1 v -2 a 1 1 0 0 0 -1 -1 h -8.172 a 2 2 0 0 0 -1.414 .586 L 8 12 z M 9.414 21.414 a 2 2 0 0 0 1.414 .586 H 19 a 1 1 0 0 0 1 -1 v -2 a 1 1 0 0 0 -1 -1 h -8.172 a 2 2 0 0 0 -1.414 .586 L 8 20 z M 9.414 5.414 A 2 2 0 0 0 10.828 6 H 19 a 1 1 0 0 0 1 -1 V 3 a 1 1 0 0 0 -1 -1 h -8.172 a 2 2 0 0 0 -1.414 .586 L 8 4 z
Timer	M 10 2 L 14 2 M 12 14 L 15 11 M 4 14 a 8 8 0 1 0 16 0 a 8 8 0 1 0 -16 0 Z
TimerOff	M 10 2 h 4 M 4.6 11 a 8 8 0 0 0 1.7 8.7 8 8 0 0 0 8.7 1.7 M 7.4 7.4 a 8 8 0 0 1 10.3 1 8 8 0 0 1 .9 10.2 M 2 2 l 20 20 M 12 12 v -2
TimerReset	M 10 2 h 4 M 12 14 v -4 M 4 13 a 8 8 0 0 1 8 -7 8 8 0 1 1 -5.3 14 L 4 17.6 M 9 17 H 4 v 5
ToggleLeft	M 6 12 a 3 3 0 1 0 6 0 a 3 3 0 1 0 -6 0 Z M 9 5 h 6 a 7 7 0 0 1 7 7 v 0 a 7 7 0 0 1 -7 7 h -6 a 7 7 0 0 1 -7 -7 v 0 a 7 7 0 0 1 7 -7 Z
ToggleRight	M 12 12 a 3 3 0 1 0 6 0 a 3 3 0 1 0 -6 0 Z M 9 5 h 6 a 7 7 0 0 1 7 7 v 0 a 7 7 0 0 1 -7 7 h -6 a 7 7 0 0 1 -7 -7 v 0 a 7 7 0 0 1 7 -7 Z
Toilet	M 7 12 h 13 a 1 1 0 0 1 1 1 5 5 0 0 1 -5 5 h -.598 a .5 .5 0 0 0 -.424 .765 l 1.544 2.47 a .5 .5 0 0 1 -.424 .765 H 5.402 a .5 .5 0 0 1 -.424 -.765 L 7 18 M 8 18 a 5 5 0 0 1 -5 -5 V 4 a 2 2 0 0 1 2 -2 h 8 a 2 2 0 0 1 2 2 v 8
ToolCase	M 10 15 h 4 M 14.817 10.995 l -.971 -1.45 1.034 -1.232 a 2 2 0 0 0 -2.025 -3.238 l -1.82 .364 L 9.91 3.885 a 2 2 0 0 0 -3.625 .748 L 6.141 6.55 l -1.725 .426 a 2 2 0 0 0 -.19 3.756 l .657 .27 M 18.822 10.995 l 2.26 -5.38 a 1 1 0 0 0 -.557 -1.318 L 16.954 2.9 a 1 1 0 0 0 -1.281 .533 l -.924 2.122 M 4 12.006 A 1 1 0 0 1 4.994 11 H 19 a 1 1 0 0 1 1 1 v 7 a 2 2 0 0 1 -2 2 H 6 a 2 2 0 0 1 -2 -2 z
Toolbox	M 16 12 v 4 M 16 6 V 4 a 2 2 0 0 0 -2 -2 h -4 a 2 2 0 0 0 -2 2 v 2 M 17 6 a 2 2 0 0 1 1.414 .586 l 3 3 A 2 2 0 0 1 22 11 v 8 a 2 2 0 0 1 -2 2 H 4 a 2 2 0 0 1 -2 -2 v -8 a 2 2 0 0 1 .586 -1.414 l 3 -3 A 2 2 0 0 1 7 6 z M 2 14 h 20 M 8 12 v 4
Toothbrush	M 15 11 c -2 2 -4 2 -6 4 l -7 7 M 22 4 l -7.414 7.414 -2 -2 A 2 2 0 0 1 14 6 c 0 -.512 .196 -1.024 .586 -1.414 A 2 2 0 0 1 16 4 a 2 2 0 0 1 3.262 -1.552 l 2.152 2.138
ToothbrushSparkles	M 10 3 H 8 M 14.586 11.414 22 4 M 15 11 a 8 8 0 0 1 -.429 .4 M 2 22 l 7 -7 c 1.857 -1.857 3.714 -1.99 5.571 -3.6 l -1.985 -1.986 A 2 2 0 0 1 14 6 a 2 2 0 0 1 2 -2 2 2 0 0 1 3.262 -1.552 l 2.152 2.138 M 20 15 v 4 M 22 17 h -4 M 4 5 v 4 M 6 7 H 2 M 9 2 v 2
Tornado	M 21 4 H 3 M 18 8 H 6 M 19 12 H 9 M 16 16 h -6 M 11 20 H 9
Torus	M 9 11 a 3 2 0 1 0 6 0 a 3 2 0 1 0 -6 0 Z M 2 12.5 a 10 8.5 0 1 0 20 0 a 10 8.5 0 1 0 -20 0 Z
Touchpad	M 4 4 h 16 a 2 2 0 0 1 2 2 v 12 a 2 2 0 0 1 -2 2 h -16 a 2 2 0 0 1 -2 -2 v -12 a 2 2 0 0 1 2 -2 Z M 2 14 h 20 M 12 20 v -6
TouchpadOff	M 12 20 v -6 M 19.656 14 H 22 M 2 14 h 12 M 2 2 l 20 20 M 20 20 H 4 a 2 2 0 0 1 -2 -2 V 6 a 2 2 0 0 1 2 -2 M 9.656 4 H 20 a 2 2 0 0 1 2 2 v 10.344
TowelRack	M 22 7 h -2 M 6.5 3 h 11 A 2.5 2.5 0 0 1 20 5.5 V 20 a 1 1 0 0 1 -1 1 h -9 a 1 1 0 0 1 -1 -1 V 5.5 a 1 1 0 0 0 -5 0 V 17 a 1 1 0 0 0 1 1 h 4 M 9 7 H 2
TowerControl	M 18.2 12.27 20 6 H 4 l 1.8 6.27 a 1 1 0 0 0 .95 .73 h 10.5 a 1 1 0 0 0 .96 -.73 Z M 8 13 v 9 M 16 22 v -9 M 9 6 l 1 7 M 15 6 l -1 7 M 12 6 V 2 M 13 2 h -2
ToyBrick	M 4 8 h 16 a 1 1 0 0 1 1 1 v 10 a 1 1 0 0 1 -1 1 h -16 a 1 1 0 0 1 -1 -1 v -10 a 1 1 0 0 1 1 -1 Z M 10 8 V 5 c 0 -.6 -.4 -1 -1 -1 H 6 a 1 1 0 0 0 -1 1 v 3 M 19 8 V 5 c 0 -.6 -.4 -1 -1 -1 h -3 a 1 1 0 0 0 -1 1 v 3
Tractor	M 10 11 l 11 .9 a 1 1 0 0 1 .8 1.1 l -.665 4.158 a 1 1 0 0 1 -.988 .842 H 20 M 16 18 h -5 M 18 5 a 1 1 0 0 0 -1 1 v 5.573 M 3 4 h 8.129 a 1 1 0 0 1 .99 .863 L 13 11.246 M 4 11 V 4 M 7 15 h .01 M 8 10.1 V 4 M 16 18 a 2 2 0 1 0 4 0 a 2 2 0 1 0 -4 0 Z M 2 15 a 5 5 0 1 0 10 0 a 5 5 0 1 0 -10 0 Z
TrafficCone	M 16.05 10.966 a 5 2.5 0 0 1 -8.1 0 M 16.923 14.049 l 4.48 2.04 a 1 1 0 0 1 .001 1.831 l -8.574 3.9 a 2 2 0 0 1 -1.66 0 l -8.574 -3.91 a 1 1 0 0 1 0 -1.83 l 4.484 -2.04 M 16.949 14.14 a 5 2.5 0 1 1 -9.9 0 L 10.063 3.5 a 2 2 0 0 1 3.874 0 z M 9.194 6.57 a 5 2.5 0 0 0 5.61 0
Trailer	M 10 11.341 V 10 M 14 13 v -3 M 18 17 V 8 a 2 2 0 0 0 -2 -2 H 4 a 2 2 0 0 0 -2 2 v 7 a 2 2 0 0 0 2 2 h 2 M 22 15 v 1 a 1 1 0 0 1 -1 1 H 10 M 6 11.341 V 10 M 6 17 a 2 2 0 1 0 4 0 a 2 2 0 1 0 -4 0 Z
TrainFront	M 8 3.1 V 7 a 4 4 0 0 0 8 0 V 3.1 M 9 15 l -1 -1 M 15 15 l 1 -1 M 9 19 c -2.8 0 -5 -2.2 -5 -5 v -4 a 8 8 0 0 1 16 0 v 4 c 0 2.8 -2.2 5 -5 5 Z M 8 19 l -2 3 M 16 19 l 2 3
TrainFrontTunnel	M 2 22 V 12 a 10 10 0 1 1 20 0 v 10 M 15 6.8 v 1.4 a 3 2.8 0 1 1 -6 0 V 6.8 M 10 15 h .01 M 14 15 h .01 M 10 19 a 4 4 0 0 1 -4 -4 v -3 a 6 6 0 1 1 12 0 v 3 a 4 4 0 0 1 -4 4 Z M 9 19 l -2 3 M 15 19 l 2 3
TrainTrack	M 2 17 17 2 M 2 14 l 8 8 M 5 11 l 8 8 M 8 8 l 8 8 M 11 5 l 8 8 M 14 2 l 8 8 M 7 22 22 7
TramFront	M 6 3 h 12 a 2 2 0 0 1 2 2 v 12 a 2 2 0 0 1 -2 2 h -12 a 2 2 0 0 1 -2 -2 v -12 a 2 2 0 0 1 2 -2 Z M 4 11 h 16 M 12 3 v 8 M 8 19 l -2 3 M 18 22 l -2 -3 M 8 15 h .01 M 16 15 h .01
Transgender	M 12 16 v 6 M 14 20 h -4 M 18 2 h 4 v 4 M 2 2 l 7.17 7.17 M 2 5.355 V 2 h 3.357 M 22 2 l -7.17 7.17 M 8 5 5 8 M 8 12 a 4 4 0 1 0 8 0 a 4 4 0 1 0 -8 0 Z
Trash	M 10 11 v 6 M 14 11 v 6 M 19 6 v 14 a 2 2 0 0 1 -2 2 H 7 a 2 2 0 0 1 -2 -2 V 6 M 3 6 h 18 M 8 6 V 4 a 2 2 0 0 1 2 -2 h 4 a 2 2 0 0 1 2 2 v 2
TrashOff	M 10 11 v 6 M 14 17 v -3 M 16 6 V 4 a 2 2 0 0 0 -2 -2 h -4 a 2 2 0 0 0 -1.576 .768 M 19 6 v 7.344 M 2 2 l 20 20 M 21 6 h -9.344 M 3 6 h 3 M 5 6 v 14 a 2 2 0 0 0 2 2 h 10 a 2 2 0 0 0 2 -2 v -1
TreeDeciduous	M 8 19 a 4 4 0 0 1 -2.24 -7.32 A 3.5 3.5 0 0 1 9 6.03 V 6 a 3 3 0 1 1 6 0 v .04 a 3.5 3.5 0 0 1 3.24 5.65 A 4 4 0 0 1 16 19 Z M 12 19 v 3
TreePalm	M 13 8 c 0 -2.76 -2.46 -5 -5.5 -5 S 2 5.24 2 8 h 2 l 1 -1 1 1 h 4 M 13 7.14 A 5.82 5.82 0 0 1 16.5 6 c 3.04 0 5.5 2.24 5.5 5 h -3 l -1 -1 -1 1 h -3 M 5.89 9.71 c -2.15 2.15 -2.3 5.47 -.35 7.43 l 4.24 -4.25 .7 -.7 .71 -.71 2.12 -2.12 c -1.95 -1.96 -5.27 -1.8 -7.42 .35 M 11 15.5 c .5 2.5 -.17 4.5 -1 6.5 h 4 c 2 -5.5 -.5 -12 -1 -14
TreePine	M 17 14 l 3 3.3 a 1 1 0 0 1 -.7 1.7 H 4.7 a 1 1 0 0 1 -.7 -1.7 L 7 14 h -.3 a 1 1 0 0 1 -.7 -1.7 L 9 9 h -.2 A 1 1 0 0 1 8 7.3 L 12 3 l 4 4.3 a 1 1 0 0 1 -.8 1.7 H 15 l 3 3.3 a 1 1 0 0 1 -.7 1.7 H 17 Z M 12 22 v -3
Trees	M 10 10 v .2 A 3 3 0 0 1 8.9 16 H 5 a 3 3 0 0 1 -1 -5.8 V 10 a 3 3 0 0 1 6 0 Z M 7 16 v 6 M 13 19 v 3 M 12 19 h 8.3 a 1 1 0 0 0 .7 -1.7 L 18 14 h .3 a 1 1 0 0 0 .7 -1.7 L 16 9 h .2 a 1 1 0 0 0 .8 -1.7 L 13 3 l -1.4 1.5
TrendingDown	M 16 17 h 6 v -6 M 22 17 l -8.5 -8.5 -5 5 L 2 7
TrendingUp	M 16 7 h 6 v 6 M 22 7 l -8.5 8.5 -5 -5 L 2 17
TrendingUpDown	M 14.828 14.828 21 21 M 21 16 v 5 h -5 M 21 3 l -9 9 -4 -4 -6 6 M 21 8 V 3 h -5
Triangle	M 13.73 4 a 2 2 0 0 0 -3.46 0 l -8 14 A 2 2 0 0 0 4 21 h 16 a 2 2 0 0 0 1.73 -3 Z
TriangleAlert	M 21.73 18 l -8 -14 a 2 2 0 0 0 -3.48 0 l -8 14 A 2 2 0 0 0 4 21 h 16 a 2 2 0 0 0 1.73 -3 M 12 9 v 4 M 12 17 h .01
TriangleDashed	M 10.17 4.193 a 2 2 0 0 1 3.666 .013 M 14 21 h 2 M 15.874 7.743 l 1 1.732 M 18.849 12.952 l 1 1.732 M 21.824 18.18 a 2 2 0 0 1 -1.835 2.824 M 4.024 21 a 2 2 0 0 1 -1.839 -2.839 M 5.136 12.952 l -1 1.732 M 8 21 h 2 M 8.102 7.743 l -1 1.732
TriangleRight	M 22 18 a 2 2 0 0 1 -2 2 H 3 c -1.1 0 -1.3 -.6 -.4 -1.3 L 20.4 4.3 c .9 -.7 1.6 -.4 1.6 .7 Z
TrianglesCenterlineDashedHorizontal	M 10 12 H 8 M 16 12 h -2 M 22 12 h -2 M 4 12 H 2 M 7.298 20.288 A 1 1 0 0 0 8 22 h 8 a 1 1 0 0 0 .703 -1.712 l -3.991 -3.99 a 1 1 0 0 0 -1.424 -.001 z M 7.298 3.712 A 1 1 0 0 1 8 2 h 8 a 1 1 0 0 1 .703 1.712 l -3.991 3.99 a 1 1 0 0 1 -1.424 .001 z
TrianglesCenterlineDashedVertical	M 12 14 v 2 M 12 20 v 2 M 12 2 v 2 M 12 8 v 2 M 20.288 16.703 A 1 1 0 0 0 22 16 V 8 a 1 1 0 0 0 -1.712 -.703 l -3.99 3.991 a 1 1 0 0 0 -.001 1.424 z M 3.712 16.703 A 1 1 0 0 1 2 16 V 8 a 1 1 0 0 1 1.712 -.703 l 3.99 3.991 a 1 1 0 0 1 .001 1.424 z
Trophy	M 10 14.66 V 17 a 1 1 0 0 1 -1 1 2 2 0 0 0 -2 2 v 2 M 14 14.66 V 17 a 1 1 0 0 0 1 1 2 2 0 0 1 2 2 v 2 M 17.916 10 H 19.5 A 2.5 2.5 0 0 0 22 7.5 V 5 a 1 1 0 0 0 -1 -1 h -3 M 4 22 h 16 M 6 9 a 6 6 0 0 0 12 0 V 3 a 1 1 0 0 0 -1 -1 H 7 a 1 1 0 0 0 -1 1 z M 6.084 10 H 4.5 A 2.5 2.5 0 0 1 2 7.5 V 5 a 1 1 0 0 1 1 -1 h 3
Truck	M 14 18 V 6 a 2 2 0 0 0 -2 -2 H 4 a 2 2 0 0 0 -2 2 v 11 a 1 1 0 0 0 1 1 h 2 M 15 18 H 9 M 19 18 h 2 a 1 1 0 0 0 1 -1 v -3.65 a 1 1 0 0 0 -.22 -.624 l -3.48 -4.35 A 1 1 0 0 0 17.52 8 H 14 M 15 18 a 2 2 0 1 0 4 0 a 2 2 0 1 0 -4 0 Z M 5 18 a 2 2 0 1 0 4 0 a 2 2 0 1 0 -4 0 Z
TruckElectric	M 14 19 V 7 a 2 2 0 0 0 -2 -2 H 9 M 15 19 H 9 M 19 19 h 2 a 1 1 0 0 0 1 -1 v -3.65 a 1 1 0 0 0 -.22 -.62 L 18.3 9.38 a 1 1 0 0 0 -.78 -.38 H 14 M 2 13 v 5 a 1 1 0 0 0 1 1 h 2 M 4 3 2.15 5.15 a .495 .495 0 0 0 .35 .86 h 2.15 a .47 .47 0 0 1 .35 .86 L 3 9.02 M 15 19 a 2 2 0 1 0 4 0 a 2 2 0 1 0 -4 0 Z M 5 19 a 2 2 0 1 0 4 0 a 2 2 0 1 0 -4 0 Z
TurkishLira	M 15 4 5 9 M 15 8.5 l -10 5 M 18 12 a 9 9 0 0 1 -9 9 V 3
Turntable	M 10 12.01 h .01 M 18 8 v 4 a 8 8 0 0 1 -1.07 4 M 6 12 a 4 4 0 1 0 8 0 a 4 4 0 1 0 -8 0 Z M 4 4 h 16 a 2 2 0 0 1 2 2 v 12 a 2 2 0 0 1 -2 2 h -16 a 2 2 0 0 1 -2 -2 v -12 a 2 2 0 0 1 2 -2 Z
Turtle	M 12 10 l 2 4 v 3 a 1 1 0 0 0 1 1 h 2 a 1 1 0 0 0 1 -1 v -3 a 8 8 0 1 0 -16 0 v 3 a 1 1 0 0 0 1 1 h 2 a 1 1 0 0 0 1 -1 v -3 l 2 -4 h 4 Z M 4.82 7.9 8 10 M 15.18 7.9 12 10 M 16.93 10 H 20 a 2 2 0 0 1 0 4 H 2
Tv	M 17 2 l -5 5 -5 -5 M 4 7 h 16 a 2 2 0 0 1 2 2 v 11 a 2 2 0 0 1 -2 2 h -16 a 2 2 0 0 1 -2 -2 v -11 a 2 2 0 0 1 2 -2 Z
TvMinimal	M 7 21 h 10 M 4 3 h 16 a 2 2 0 0 1 2 2 v 10 a 2 2 0 0 1 -2 2 h -16 a 2 2 0 0 1 -2 -2 v -10 a 2 2 0 0 1 2 -2 Z
TvMinimalPlay	M 15.033 9.44 a .647 .647 0 0 1 0 1.12 l -4.065 2.352 a .645 .645 0 0 1 -.968 -.56 V 7.648 a .645 .645 0 0 1 .967 -.56 z M 7 21 h 10 M 4 3 h 16 a 2 2 0 0 1 2 2 v 10 a 2 2 0 0 1 -2 2 h -16 a 2 2 0 0 1 -2 -2 v -10 a 2 2 0 0 1 2 -2 Z
Type	M 12 4 v 16 M 4 7 V 5 a 1 1 0 0 1 1 -1 h 14 a 1 1 0 0 1 1 1 v 2 M 9 20 h 6
TypeOutline	M 14 16.5 a .5 .5 0 0 0 .5 .5 h .5 a 2 2 0 0 1 0 4 H 9 a 2 2 0 0 1 0 -4 h .5 a .5 .5 0 0 0 .5 -.5 v -9 a .5 .5 0 0 0 -.5 -.5 h -3 a .5 .5 0 0 0 -.5 .5 V 8 a 2 2 0 0 1 -4 0 V 5 a 2 2 0 0 1 2 -2 h 16 a 2 2 0 0 1 2 2 v 3 a 2 2 0 0 1 -4 0 v -.5 a .5 .5 0 0 0 -.5 -.5 h -3 a .5 .5 0 0 0 -.5 .5 Z
Umbrella	M 12 13 v 7 a 2 2 0 0 0 4 0 M 12 2 v 2 M 20.992 13 a 1 1 0 0 0 .97 -1.274 10.284 10.284 0 0 0 -19.923 0 A 1 1 0 0 0 3 13 z
UmbrellaOff	M 12 13 v 7 a 2 2 0 0 0 4 0 M 12 2 v 2 M 18.656 13 h 2.336 a 1 1 0 0 0 .97 -1.274 10.284 10.284 0 0 0 -12.07 -7.51 M 2 2 l 20 20 M 5.961 5.957 a 10.28 10.28 0 0 0 -3.922 5.769 A 1 1 0 0 0 3 13 h 10
Underline	M 6 4 v 6 a 6 6 0 0 0 12 0 V 4 M 4 20 L 20 20
Undo	M 3 7 v 6 h 6 M 21 17 a 9 9 0 0 0 -9 -9 9 9 0 0 0 -6 2.3 L 3 13
Undo2	M 9 14 4 9 l 5 -5 M 4 9 h 10.5 a 5.5 5.5 0 0 1 5.5 5.5 a 5.5 5.5 0 0 1 -5.5 5.5 H 11
UndoDot	M 21 17 a 9 9 0 0 0 -15 -6.7 L 3 13 M 3 7 v 6 h 6 M 11 17 a 1 1 0 1 0 2 0 a 1 1 0 1 0 -2 0 Z
UnfoldHorizontal	M 16 12 h 6 M 8 12 H 2 M 12 2 v 2 M 12 8 v 2 M 12 14 v 2 M 12 20 v 2 M 19 15 l 3 -3 -3 -3 M 5 9 l -3 3 3 3
UnfoldVertical	M 12 22 v -6 M 12 8 V 2 M 4 12 H 2 M 10 12 H 8 M 16 12 h -2 M 22 12 h -2 M 15 19 l -3 3 -3 -3 M 15 5 l -3 -3 -3 3
Ungroup	M 13 14 h 6 a 2 2 0 0 1 2 2 v 3 a 2 2 0 0 1 -2 2 h -6 a 2 2 0 0 1 -2 -2 v -3 a 2 2 0 0 1 2 -2 Z M 5 3 h 6 a 2 2 0 0 1 2 2 v 3 a 2 2 0 0 1 -2 2 h -6 a 2 2 0 0 1 -2 -2 v -3 a 2 2 0 0 1 2 -2 Z
University	M 14 21 v -3 a 2 2 0 0 0 -4 0 v 3 M 18 12 h .01 M 18 16 h .01 M 22 7 a 1 1 0 0 0 -1 -1 h -2 a 2 2 0 0 1 -1.143 -.359 L 13.143 2.36 a 2 2 0 0 0 -2.286 -.001 L 6.143 5.64 A 2 2 0 0 1 5 6 H 3 a 1 1 0 0 0 -1 1 v 12 a 2 2 0 0 0 2 2 h 16 a 2 2 0 0 0 2 -2 z M 6 12 h .01 M 6 16 h .01 M 10 10 a 2 2 0 1 0 4 0 a 2 2 0 1 0 -4 0 Z
Unlink	M 18.84 12.25 l 1.72 -1.71 h -.02 a 5.004 5.004 0 0 0 -.12 -7.07 5.006 5.006 0 0 0 -6.95 0 l -1.72 1.71 M 5.17 11.75 l -1.71 1.71 a 5.004 5.004 0 0 0 .12 7.07 5.006 5.006 0 0 0 6.95 0 l 1.71 -1.71 M 8 2 L 8 5 M 2 8 L 5 8 M 16 19 L 16 22 M 19 16 L 22 16
Unlink2	M 15 7 h 2 a 5 5 0 0 1 0 10 h -2 m -6 0 H 7 A 5 5 0 0 1 7 7 h 2
Unplug	M 19 5 l 3 -3 M 2 22 l 3 -3 M 6.3 20.3 a 2.4 2.4 0 0 0 3.4 0 L 12 18 l -6 -6 -2.3 2.3 a 2.4 2.4 0 0 0 0 3.4 Z M 7.5 13.5 10 11 M 10.5 16.5 13 14 M 12 6 l 6 6 2.3 -2.3 a 2.4 2.4 0 0 0 0 -3.4 l -2.6 -2.6 a 2.4 2.4 0 0 0 -3.4 0 Z
Upload	M 12 3 v 12 M 17 8 l -5 -5 -5 5 M 21 15 v 4 a 2 2 0 0 1 -2 2 H 5 a 2 2 0 0 1 -2 -2 v -4
Usb	M 9 7 a 1 1 0 1 0 2 0 a 1 1 0 1 0 -2 0 Z M 3 20 a 1 1 0 1 0 2 0 a 1 1 0 1 0 -2 0 Z M 4.7 19.3 19 5 M 21 3 l -3 1 2 2 Z M 9.26 7.68 5 12 l 2 5 M 10 14 l 5 2 3.5 -3.5 M 18 12 l 1 -1 1 1 -1 1 Z
UsbCPort	M 6 12 h 12 M 6 8 h 12 a 4 4 0 0 1 4 4 v 0 a 4 4 0 0 1 -4 4 h -12 a 4 4 0 0 1 -4 -4 v 0 a 4 4 0 0 1 4 -4 Z
User	M 19 21 v -2 a 4 4 0 0 0 -4 -4 H 9 a 4 4 0 0 0 -4 4 v 2 M 8 7 a 4 4 0 1 0 8 0 a 4 4 0 1 0 -8 0 Z
UserCheck	M 16 11 l 2 2 4 -4 M 16 21 v -2 a 4 4 0 0 0 -4 -4 H 6 a 4 4 0 0 0 -4 4 v 2 M 5 7 a 4 4 0 1 0 8 0 a 4 4 0 1 0 -8 0 Z
UserCog	M 10 15 H 6 a 4 4 0 0 0 -4 4 v 2 M 14.305 16.53 l .923 -.382 M 15.228 13.852 l -.923 -.383 M 16.852 12.228 l -.383 -.923 M 16.852 17.772 l -.383 .924 M 19.148 12.228 l .383 -.923 M 19.53 18.696 l -.382 -.924 M 20.772 13.852 l .924 -.383 M 20.772 16.148 l .924 .383 M 15 15 a 3 3 0 1 0 6 0 a 3 3 0 1 0 -6 0 Z M 5 7 a 4 4 0 1 0 8 0 a 4 4 0 1 0 -8 0 Z
UserGroup	M 17 21 v -1 a 2 2 0 0 0 -2 -2 H 9 a 2 2 0 0 0 -2 2 v 1 M 19 10 h 1 a 2 2 0 0 1 2 2 v 1 M 5 10 H 4 a 2 2 0 0 0 -2 2 v 1 M 9 11 a 3 3 0 1 0 6 0 a 3 3 0 1 0 -6 0 Z M 16 4 a 2 2 0 1 0 4 0 a 2 2 0 1 0 -4 0 Z M 4 4 a 2 2 0 1 0 4 0 a 2 2 0 1 0 -4 0 Z
UserKey	M 20 11 v 6 M 20 13 h 2 M 3 21 v -2 a 4 4 0 0 1 4 -4 h 6 a 4 4 0 0 1 2.072 .578 M 6 7 a 4 4 0 1 0 8 0 a 4 4 0 1 0 -8 0 Z M 18 19 a 2 2 0 1 0 4 0 a 2 2 0 1 0 -4 0 Z
UserLock	M 19 16 v -2 a 2 2 0 0 0 -4 0 v 2 M 9.5 15 H 7 a 4 4 0 0 0 -4 4 v 2 M 6 7 a 4 4 0 1 0 8 0 a 4 4 0 1 0 -8 0 Z M 13.899 16 h 6.202 a 0.899 0.899 0 0 1 0.899 0.899 v 3.202 a 0.899 0.899 0 0 1 -0.899 0.899 h -6.202 a 0.899 0.899 0 0 1 -0.899 -0.899 v -3.202 a 0.899 0.899 0 0 1 0.899 -0.899 Z
UserMinus	M 16 21 v -2 a 4 4 0 0 0 -4 -4 H 6 a 4 4 0 0 0 -4 4 v 2 M 5 7 a 4 4 0 1 0 8 0 a 4 4 0 1 0 -8 0 Z M 22 11 L 16 11
UserPen	M 11.5 15 H 7 a 4 4 0 0 0 -4 4 v 2 M 21.378 16.626 a 1 1 0 0 0 -3.004 -3.004 l -4.01 4.012 a 2 2 0 0 0 -.506 .854 l -.837 2.87 a .5 .5 0 0 0 .62 .62 l 2.87 -.837 a 2 2 0 0 0 .854 -.506 z M 6 7 a 4 4 0 1 0 8 0 a 4 4 0 1 0 -8 0 Z
UserPlus	M 16 21 v -2 a 4 4 0 0 0 -4 -4 H 6 a 4 4 0 0 0 -4 4 v 2 M 5 7 a 4 4 0 1 0 8 0 a 4 4 0 1 0 -8 0 Z M 19 8 L 19 14 M 22 11 L 16 11
UserRound	M 7 8 a 5 5 0 1 0 10 0 a 5 5 0 1 0 -10 0 Z M 20 21 a 8 8 0 0 0 -16 0
UserRoundArrowLeft	M 19 16 l -3 3 M 2 21 a 8 8 0 0 1 12.664 -6.5 M 22 19 h -6 l 3 3 M 5 8 a 5 5 0 1 0 10 0 a 5 5 0 1 0 -10 0 Z
UserRoundCheck	M 2 21 a 8 8 0 0 1 13.292 -6 M 5 8 a 5 5 0 1 0 10 0 a 5 5 0 1 0 -10 0 Z M 16 19 l 2 2 4 -4
UserRoundCog	M 14.305 19.53 l .923 -.382 M 15.228 16.852 l -.923 -.383 M 16.852 15.228 l -.383 -.923 M 16.852 20.772 l -.383 .924 M 19.148 15.228 l .383 -.923 M 19.53 21.696 l -.382 -.924 M 2 21 a 8 8 0 0 1 10.434 -7.62 M 20.772 16.852 l .924 -.383 M 20.772 19.148 l .924 .383 M 5 8 a 5 5 0 1 0 10 0 a 5 5 0 1 0 -10 0 Z M 15 18 a 3 3 0 1 0 6 0 a 3 3 0 1 0 -6 0 Z
UserRoundGroup	M 17 21 a 5 5 0 0 0 -10 0 M 22 10.5 a 3.5 3.5 0 0 0 -5.507 -2.868 M 7.507 7.632 A 3.5 3.5 0 0 0 2 10.5 M 9 13 a 3 3 0 1 0 6 0 a 3 3 0 1 0 -6 0 Z M 16 4.5 a 2.5 2.5 0 1 0 5 0 a 2.5 2.5 0 1 0 -5 0 Z M 3 4.5 a 2.5 2.5 0 1 0 5 0 a 2.5 2.5 0 1 0 -5 0 Z
UserRoundKey	M 19 11 v 6 M 19 13 h 2 M 2 21 a 8 8 0 0 1 12.868 -6.349 M 5 8 a 5 5 0 1 0 10 0 a 5 5 0 1 0 -10 0 Z M 17 19 a 2 2 0 1 0 4 0 a 2 2 0 1 0 -4 0 Z
UserRoundMinus	M 2 21 a 8 8 0 0 1 13.292 -6 M 5 8 a 5 5 0 1 0 10 0 a 5 5 0 1 0 -10 0 Z M 22 19 h -6
UserRoundPen	M 2 21 a 8 8 0 0 1 10.821 -7.487 M 21.378 16.626 a 1 1 0 0 0 -3.004 -3.004 l -4.01 4.012 a 2 2 0 0 0 -.506 .854 l -.837 2.87 a .5 .5 0 0 0 .62 .62 l 2.87 -.837 a 2 2 0 0 0 .854 -.506 z M 5 8 a 5 5 0 1 0 10 0 a 5 5 0 1 0 -10 0 Z
UserRoundPlus	M 2 21 a 8 8 0 0 1 13.292 -6 M 5 8 a 5 5 0 1 0 10 0 a 5 5 0 1 0 -10 0 Z M 19 16 v 6 M 22 19 h -6
UserRoundSearch	M 5 8 a 5 5 0 1 0 10 0 a 5 5 0 1 0 -10 0 Z M 2 21 a 8 8 0 0 1 10.434 -7.62 M 15 18 a 3 3 0 1 0 6 0 a 3 3 0 1 0 -6 0 Z M 22 22 l -1.9 -1.9
UserRoundX	M 16.5 16.5 l 5 5 M 2 21 a 8 8 0 0 1 11.531 -7.18 M 21.5 16.5 l -5 5 M 5 8 a 5 5 0 1 0 10 0 a 5 5 0 1 0 -10 0 Z
UserSearch	M 6 7 a 4 4 0 1 0 8 0 a 4 4 0 1 0 -8 0 Z M 10.3 15 H 7 a 4 4 0 0 0 -4 4 v 2 M 14 17 a 3 3 0 1 0 6 0 a 3 3 0 1 0 -6 0 Z M 21 21 l -1.9 -1.9
UserShield	M 10 15 H 6 a 4 4 0 0 0 -4 4 v 2 M 22 17.5 c 0 2.499 -1.75 3.749 -3.83 4.474 a .5 .5 0 0 1 -.335 -.005 c -2.085 -.72 -3.835 -1.97 -3.835 -4.47 V 14 a .5 .5 0 0 1 .5 -.499 c 1 0 2.25 -.6 3.12 -1.36 a .6 .6 0 0 1 .76 -.001 c .875 .765 2.12 1.36 3.12 1.36 a .5 .5 0 0 1 .5 .5 z M 5 7 a 4 4 0 1 0 8 0 a 4 4 0 1 0 -8 0 Z
UserStar	M 16.051 12.616 a 1 1 0 0 1 1.909 .024 l .737 1.452 a 1 1 0 0 0 .737 .535 l 1.634 .256 a 1 1 0 0 1 .588 1.806 l -1.172 1.168 a 1 1 0 0 0 -.282 .866 l .259 1.613 a 1 1 0 0 1 -1.541 1.134 l -1.465 -.75 a 1 1 0 0 0 -.912 0 l -1.465 .75 a 1 1 0 0 1 -1.539 -1.133 l .258 -1.613 a 1 1 0 0 0 -.282 -.866 l -1.156 -1.153 a 1 1 0 0 1 .572 -1.822 l 1.633 -.256 a 1 1 0 0 0 .737 -.535 z M 8 15 H 7 a 4 4 0 0 0 -4 4 v 2 M 6 7 a 4 4 0 1 0 8 0 a 4 4 0 1 0 -8 0 Z
UserX	M 16 21 v -2 a 4 4 0 0 0 -4 -4 H 6 a 4 4 0 0 0 -4 4 v 2 M 5 7 a 4 4 0 1 0 8 0 a 4 4 0 1 0 -8 0 Z M 17 8 L 22 13 M 22 8 L 17 13
Users	M 16 21 v -2 a 4 4 0 0 0 -4 -4 H 6 a 4 4 0 0 0 -4 4 v 2 M 16 3.128 a 4 4 0 0 1 0 7.744 M 22 21 v -2 a 4 4 0 0 0 -3 -3.87 M 5 7 a 4 4 0 1 0 8 0 a 4 4 0 1 0 -8 0 Z
UsersRound	M 18 21 a 8 8 0 0 0 -16 0 M 5 8 a 5 5 0 1 0 10 0 a 5 5 0 1 0 -10 0 Z M 22 20 c 0 -3.37 -2 -6.5 -4 -8 a 5 5 0 0 0 -.45 -8.3
Utensils	M 3 2 v 7 c 0 1.1 .9 2 2 2 h 4 a 2 2 0 0 0 2 -2 V 2 M 7 2 v 20 M 21 15 V 2 a 5 5 0 0 0 -5 5 v 6 c 0 1.1 .9 2 2 2 h 3 Z m 0 0 v 7
UtensilsCrossed	M 16 2 l -2.3 2.3 a 3 3 0 0 0 0 4.2 l 1.8 1.8 a 3 3 0 0 0 4.2 0 L 22 8 M 15 15 3.3 3.3 a 4.2 4.2 0 0 0 0 6 l 7.3 7.3 c .7 .7 2 .7 2.8 0 L 15 15 Z m 0 0 7 7 M 2.1 21.8 l 6.4 -6.3 M 19 5 l -7 7
UtilityPole	M 12 2 v 20 M 2 5 h 20 M 3 3 v 2 M 7 3 v 2 M 17 3 v 2 M 21 3 v 2 M 19 5 l -7 7 -7 -7
Van	M 13 6 v 5 a 1 1 0 0 0 1 1 h 6.102 a 1 1 0 0 1 .712 .298 l .898 .91 a 1 1 0 0 1 .288 .702 V 17 a 1 1 0 0 1 -1 1 h -3 M 5 18 H 3 a 1 1 0 0 1 -1 -1 V 8 a 2 2 0 0 1 2 -2 h 12 c 1.1 0 2.1 .8 2.4 1.8 l 1.176 4.2 M 9 18 h 5 M 14 18 a 2 2 0 1 0 4 0 a 2 2 0 1 0 -4 0 Z M 5 18 a 2 2 0 1 0 4 0 a 2 2 0 1 0 -4 0 Z
Variable	M 8 21 s -4 -3 -4 -9 4 -9 4 -9 M 16 3 s 4 3 4 9 -4 9 -4 9 M 15 9 L 9 15 M 9 9 L 15 15
Vault	M 5 3 h 14 a 2 2 0 0 1 2 2 v 14 a 2 2 0 0 1 -2 2 h -14 a 2 2 0 0 1 -2 -2 v -14 a 2 2 0 0 1 2 -2 Z M 7.9 7.9 l 2.7 2.7 M 13.4 10.6 l 2.7 -2.7 M 7.9 16.1 l 2.7 -2.7 M 13.4 13.4 l 2.7 2.7 M 10 12 a 2 2 0 1 0 4 0 a 2 2 0 1 0 -4 0 Z	M 7 7.5 a 0.5 0.5 0 1 0 1 0 a 0.5 0.5 0 1 0 -1 0 Z M 16 7.5 a 0.5 0.5 0 1 0 1 0 a 0.5 0.5 0 1 0 -1 0 Z M 7 16.5 a 0.5 0.5 0 1 0 1 0 a 0.5 0.5 0 1 0 -1 0 Z M 16 16.5 a 0.5 0.5 0 1 0 1 0 a 0.5 0.5 0 1 0 -1 0 Z
VectorPolygon	M 12.828 4.813 l 5.344 2.375 M 15.769 18.153 l 3.461 -8.306 M 5.687 14.074 l 7.625 4.852 M 9.772 5.579 5.228 11.42 M 9 4 a 2 2 0 1 0 4 0 a 2 2 0 1 0 -4 0 Z M 13 20 a 2 2 0 1 0 4 0 a 2 2 0 1 0 -4 0 Z M 18 8 a 2 2 0 1 0 4 0 a 2 2 0 1 0 -4 0 Z M 2 13 a 2 2 0 1 0 4 0 a 2 2 0 1 0 -4 0 Z
VectorSquare	M 17.055 4.533 a 24 24 0 0 0 -10.11 0 M 19.467 17.055 a 24 24 0 0 0 0 -10.11 M 4.533 6.945 a 24 24 0 0 0 0 10.11 M 6.945 19.467 a 24 24 0 0 0 10.11 0 M 17 19 a 2 2 0 1 0 4 0 a 2 2 0 1 0 -4 0 Z M 17 5 a 2 2 0 1 0 4 0 a 2 2 0 1 0 -4 0 Z M 3 19 a 2 2 0 1 0 4 0 a 2 2 0 1 0 -4 0 Z M 3 5 a 2 2 0 1 0 4 0 a 2 2 0 1 0 -4 0 Z
Vegan	M 16 8 q 6 0 6 -6 -6 0 -6 6 M 17.41 3.59 a 10 10 0 1 0 3 3 M 2 2 a 26.6 26.6 0 0 1 10 20 c .9 -6.82 1.5 -9.5 4 -14
VenetianMask	M 18 11 c -1.5 0 -2.5 .5 -3 2 M 4 6 a 2 2 0 0 0 -2 2 v 4 a 5 5 0 0 0 5 5 8 8 0 0 1 5 2 8 8 0 0 1 5 -2 5 5 0 0 0 5 -5 V 8 a 2 2 0 0 0 -2 -2 h -3 a 8 8 0 0 0 -5 2 8 8 0 0 0 -5 -2 z M 6 11 c 1.5 0 2.5 .5 3 2
Venus	M 12 15 v 7 M 9 19 h 6 M 6 9 a 6 6 0 1 0 12 0 a 6 6 0 1 0 -12 0 Z
VenusAndMars	M 10 20 h 4 M 12 16 v 6 M 17 2 h 4 v 4 M 21 2 l -5.46 5.46 M 7 11 a 5 5 0 1 0 10 0 a 5 5 0 1 0 -10 0 Z
Vibrate	M 2 8 l 2 2 -2 2 2 2 -2 2 M 22 8 l -2 2 2 2 -2 2 2 2 M 9 5 h 6 a 1 1 0 0 1 1 1 v 12 a 1 1 0 0 1 -1 1 h -6 a 1 1 0 0 1 -1 -1 v -12 a 1 1 0 0 1 1 -1 Z
VibrateOff	M 2 8 l 2 2 -2 2 2 2 -2 2 M 22 8 l -2 2 2 2 -2 2 2 2 M 8 8 v 10 c 0 .55 .45 1 1 1 h 6 c .55 0 1 -.45 1 -1 v -2 M 16 10.34 V 6 c 0 -.55 -.45 -1 -1 -1 h -4.34 M 2 2 L 22 22
Video	M 16 13 l 5.223 3.482 a .5 .5 0 0 0 .777 -.416 V 7.87 a .5 .5 0 0 0 -.752 -.432 L 16 10.5 M 4 6 h 10 a 2 2 0 0 1 2 2 v 8 a 2 2 0 0 1 -2 2 h -10 a 2 2 0 0 1 -2 -2 v -8 a 2 2 0 0 1 2 -2 Z
VideoOff	M 10.66 6 H 14 a 2 2 0 0 1 2 2 v 2.5 l 5.248 -3.062 A .5 .5 0 0 1 22 7.87 v 8.196 M 16 16 a 2 2 0 0 1 -2 2 H 4 a 2 2 0 0 1 -2 -2 V 8 a 2 2 0 0 1 2 -2 h 2 M 2 2 l 20 20
Videotape	M 4 4 h 16 a 2 2 0 0 1 2 2 v 12 a 2 2 0 0 1 -2 2 h -16 a 2 2 0 0 1 -2 -2 v -12 a 2 2 0 0 1 2 -2 Z M 2 8 h 20 M 6 14 a 2 2 0 1 0 4 0 a 2 2 0 1 0 -4 0 Z M 8 12 h 8 M 14 14 a 2 2 0 1 0 4 0 a 2 2 0 1 0 -4 0 Z
View	M 21 17 v 2 a 2 2 0 0 1 -2 2 H 5 a 2 2 0 0 1 -2 -2 v -2 M 21 7 V 5 a 2 2 0 0 0 -2 -2 H 5 a 2 2 0 0 0 -2 2 v 2 M 11 12 a 1 1 0 1 0 2 0 a 1 1 0 1 0 -2 0 Z M 18.944 12.33 a 1 1 0 0 0 0 -.66 7.5 7.5 0 0 0 -13.888 0 1 1 0 0 0 0 .66 7.5 7.5 0 0 0 13.888 0
Virus	M 12 14.991 h .01 M 12 22 v -3 M 12 2 v 3 M 13 22 h -2 M 13 2 h -2 M 13.99 10 H 14 M 16.5 19.794 l -1 -1.733 M 16.5 4.205 l -1 1.732 M 19.794 16.5 l -1.732 -1 M 19.794 7.5 l -1.732 1 M 2 12 h 3 M 2 13 v -2 M 22 12 h -3 M 22 13 v -2 M 4.206 16.5 l 1.732 -1 M 4.206 7.5 l 1.732 1 M 7.5 19.794 l 1 -1.733 M 7.5 4.205 l 1 1.732 M 9 12 h .01 M 5 12 a 7 7 0 1 0 14 0 a 7 7 0 1 0 -14 0 Z
VirusOff	M 10.01 10 h .01 M 12 14.991 h .01 M 12 22 v -3 M 12 2 v 3 M 13 22 h -2 M 13 2 h -2 M 16.5 19.794 l -1 -1.733 M 16.5 4.205 l -1 1.732 M 18.891 13.235 a 7 7 0 0 0 -8.126 -8.126 M 19.794 7.5 l -1.732 1 M 2 12 h 3 M 2 13 v -2 M 2 2 l 20 20 M 22 12 h -3 M 22 13 v -2 M 4.206 16.5 l 1.732 -1 M 4.206 7.5 l 1.732 1 M 7.05 7.05 a 7 7 0 0 0 9.9 9.9 M 7.5 19.794 l 1 -1.733 M 9 12 h .01
Voicemail	M 2 12 a 4 4 0 1 0 8 0 a 4 4 0 1 0 -8 0 Z M 14 12 a 4 4 0 1 0 8 0 a 4 4 0 1 0 -8 0 Z M 6 16 L 18 16
Volleyball	M 11 7 a 16 16 20 0 1 10.98 4.362 M 12 12 a 13 13 0 0 1 -8.66 5 M 16.83 13.634 a 16 16 0 0 1 -9.267 7.328 M 20.66 17 A 13 13 0 0 0 12 12 a 13 13 0 0 1 0 -10 M 8.17 15.366 a 16 16 0 0 1 -1.713 -11.69 M 2 12 a 10 10 0 1 0 20 0 a 10 10 0 1 0 -20 0 Z
Volume	M 11 4.702 a .705 .705 0 0 0 -1.203 -.498 L 6.413 7.587 A 1.4 1.4 0 0 1 5.416 8 H 3 a 1 1 0 0 0 -1 1 v 6 a 1 1 0 0 0 1 1 h 2.416 a 1.4 1.4 0 0 1 .997 .413 l 3.383 3.384 A .705 .705 0 0 0 11 19.298 z
Volume1	M 11 4.702 a .705 .705 0 0 0 -1.203 -.498 L 6.413 7.587 A 1.4 1.4 0 0 1 5.416 8 H 3 a 1 1 0 0 0 -1 1 v 6 a 1 1 0 0 0 1 1 h 2.416 a 1.4 1.4 0 0 1 .997 .413 l 3.383 3.384 A .705 .705 0 0 0 11 19.298 z M 16 9 a 5 5 0 0 1 0 6
Volume2	M 11 4.702 a .705 .705 0 0 0 -1.203 -.498 L 6.413 7.587 A 1.4 1.4 0 0 1 5.416 8 H 3 a 1 1 0 0 0 -1 1 v 6 a 1 1 0 0 0 1 1 h 2.416 a 1.4 1.4 0 0 1 .997 .413 l 3.383 3.384 A .705 .705 0 0 0 11 19.298 z M 16 9 a 5 5 0 0 1 0 6 M 19.364 18.364 a 9 9 0 0 0 0 -12.728
VolumeOff	M 16 9 a 5 5 0 0 1 .95 2.293 M 19.364 5.636 a 9 9 0 0 1 1.889 9.96 M 2 2 l 20 20 M 7 7 l -.587 .587 A 1.4 1.4 0 0 1 5.416 8 H 3 a 1 1 0 0 0 -1 1 v 6 a 1 1 0 0 0 1 1 h 2.416 a 1.4 1.4 0 0 1 .997 .413 l 3.383 3.384 A .705 .705 0 0 0 11 19.298 V 11 M 9.828 4.172 A .686 .686 0 0 1 11 4.657 v .686
VolumeX	M 11 4.702 a .7 .7 0 0 0 -1.203 -.498 L 6.413 7.587 A 1.4 1.4 0 0 1 5.416 8 H 3 a 1 1 0 0 0 -1 1 v 6 a 1 1 0 0 0 1 1 h 2.416 a 1.4 1.4 0 0 1 .997 .413 l 3.383 3.384 A .7 .7 0 0 0 11 19.298 z M 16.5 14.5 l 5 -5 M 16.5 9.5 l 5 5
Vote	M 9 12 l 2 2 4 -4 M 5 7 c 0 -1.1 .9 -2 2 -2 h 10 a 2 2 0 0 1 2 2 v 12 H 5 V 7 Z M 22 19 H 2
Wallet	M 19 7 V 4 a 1 1 0 0 0 -1 -1 H 5 a 2 2 0 0 0 0 4 h 15 a 1 1 0 0 1 1 1 v 4 h -3 a 2 2 0 0 0 0 4 h 3 a 1 1 0 0 0 1 -1 v -2 a 1 1 0 0 0 -1 -1 M 3 5 v 14 a 2 2 0 0 0 2 2 h 15 a 1 1 0 0 0 1 -1 v -4
WalletCards	M 3 11 h 3.75 a 2 2 0 0 1 1.6 .8 l .45 .6 a 4 4 0 0 0 6.4 0 l .45 -.6 a 2 2 0 0 1 1.6 -.8 H 21 M 3 7 h 18 M 5 3 h 14 a 2 2 0 0 1 2 2 v 14 a 2 2 0 0 1 -2 2 h -14 a 2 2 0 0 1 -2 -2 v -14 a 2 2 0 0 1 2 -2 Z
WalletMinimal	M 17 14 h .01 M 7 7 h 12 a 2 2 0 0 1 2 2 v 10 a 2 2 0 0 1 -2 2 H 5 a 2 2 0 0 1 -2 -2 V 5 a 2 2 0 0 1 2 -2 h 14
Wallpaper	M 12 17 v 4 M 8 21 h 8 M 9 17 l 6.1 -6.1 a 2 2 0 0 1 2.81 .01 L 22 15 M 6 9 a 2 2 0 1 0 4 0 a 2 2 0 1 0 -4 0 Z M 4 3 h 16 a 2 2 0 0 1 2 2 v 10 a 2 2 0 0 1 -2 2 h -16 a 2 2 0 0 1 -2 -2 v -10 a 2 2 0 0 1 2 -2 Z
Wand	M 15 4 V 2 M 15 16 v -2 M 8 9 h 2 M 20 9 h 2 M 17.8 11.8 19 13 M 15 9 h .01 M 17.8 6.2 19 5 M 3 21 l 9 -9 M 12.2 6.2 11 5
WandSparkles	M 21.64 3.64 l -1.28 -1.28 a 1.21 1.21 0 0 0 -1.72 0 L 2.36 18.64 a 1.21 1.21 0 0 0 0 1.72 l 1.28 1.28 a 1.2 1.2 0 0 0 1.72 0 L 21.64 5.36 a 1.2 1.2 0 0 0 0 -1.72 M 14 7 l 3 3 M 5 6 v 4 M 19 14 v 4 M 10 2 v 2 M 7 8 H 3 M 21 16 h -4 M 11 3 H 9
Warehouse	M 18 21 V 10 a 1 1 0 0 0 -1 -1 H 7 a 1 1 0 0 0 -1 1 v 11 M 22 19 a 2 2 0 0 1 -2 2 H 4 a 2 2 0 0 1 -2 -2 V 8 a 2 2 0 0 1 1.132 -1.803 l 7.95 -3.974 a 2 2 0 0 1 1.837 0 l 7.948 3.974 A 2 2 0 0 1 22 8 z M 6 13 h 12 M 6 17 h 12
WashingMachine	M 3 6 h 3 M 17 6 h .01 M 5 2 h 14 a 2 2 0 0 1 2 2 v 16 a 2 2 0 0 1 -2 2 h -14 a 2 2 0 0 1 -2 -2 v -16 a 2 2 0 0 1 2 -2 Z M 7 13 a 5 5 0 1 0 10 0 a 5 5 0 1 0 -10 0 Z M 12 18 a 2.5 2.5 0 0 0 0 -5 2.5 2.5 0 0 1 0 -5
Watch	M 12 10 v 2.2 l 1.6 1 M 16.13 7.66 l -.81 -4.05 a 2 2 0 0 0 -2 -1.61 h -2.68 a 2 2 0 0 0 -2 1.61 l -.78 4.05 M 7.88 16.36 l .8 4 a 2 2 0 0 0 2 1.61 h 2.72 a 2 2 0 0 0 2 -1.61 l .81 -4.05 M 6 12 a 6 6 0 1 0 12 0 a 6 6 0 1 0 -12 0 Z
WavesArrowDown	M 12 10 L 12 2 M 16 6 L 12 10 L 8 6 M 2 15 C 2.6 15.5 3.2 16 4.5 16 C 7 16 7 14 9.5 14 C 12.1 14 11.9 16 14.5 16 C 17 16 17 14 19.5 14 C 20.8 14 21.4 14.5 22 15 M 2 21 C 2.6 21.5 3.2 22 4.5 22 C 7 22 7 20 9.5 20 C 12.1 20 11.9 22 14.5 22 C 17 22 17 20 19.5 20 C 20.8 20 21.4 20.5 22 21
WavesArrowUp	M 12 2 v 8 M 2 15 c .6 .5 1.2 1 2.5 1 2.5 0 2.5 -2 5 -2 2.6 0 2.4 2 5 2 2.5 0 2.5 -2 5 -2 1.3 0 1.9 .5 2.5 1 M 2 21 c .6 .5 1.2 1 2.5 1 2.5 0 2.5 -2 5 -2 2.6 0 2.4 2 5 2 2.5 0 2.5 -2 5 -2 1.3 0 1.9 .5 2.5 1 M 8 6 l 4 -4 4 4
WavesHorizontal	M 2 12 q 2.5 2 5 0 t 5 0 5 0 5 0 M 2 19 q 2.5 2 5 0 t 5 0 5 0 5 0 M 2 5 q 2.5 2 5 0 t 5 0 5 0 5 0
WavesLadder	M 19 5 a 2 2 0 0 0 -2 2 v 11 M 2 18 c .6 .5 1.2 1 2.5 1 2.5 0 2.5 -2 5 -2 2.6 0 2.4 2 5 2 2.5 0 2.5 -2 5 -2 1.3 0 1.9 .5 2.5 1 M 7 13 h 10 M 7 9 h 10 M 9 5 a 2 2 0 0 0 -2 2 v 11
WavesVertical	M 12 2 q 2 2.5 0 5 t 0 5 0 5 0 5 M 19 2 q 2 2.5 0 5 t 0 5 0 5 0 5 M 5 2 q 2 2.5 0 5 t 0 5 0 5 0 5
Waypoints	M 10.586 5.414 l -5.172 5.172 M 18.586 13.414 l -5.172 5.172 M 6 12 h 12 M 10 20 a 2 2 0 1 0 4 0 a 2 2 0 1 0 -4 0 Z M 10 4 a 2 2 0 1 0 4 0 a 2 2 0 1 0 -4 0 Z M 18 12 a 2 2 0 1 0 4 0 a 2 2 0 1 0 -4 0 Z M 2 12 a 2 2 0 1 0 4 0 a 2 2 0 1 0 -4 0 Z
Webcam	M 4 10 a 8 8 0 1 0 16 0 a 8 8 0 1 0 -16 0 Z M 9 10 a 3 3 0 1 0 6 0 a 3 3 0 1 0 -6 0 Z M 7 22 h 10 M 12 22 v -4
WebcamOff	M 12 22 v -4 M 12.754 7.096 a 3 3 0 0 1 2.15 2.15 M 12.863 12.873 a 3 3 0 0 1 -3.736 -3.735 M 16.566 16.57 A 8 8 0 0 1 5.43 5.433 M 2 2 l 20 20 M 7 22 h 10 M 8.478 2.817 a 8 8 0 0 1 10.705 10.705
Webhook	M 18 16.98 h -5.99 c -1.1 0 -1.95 .94 -2.48 1.9 A 4 4 0 0 1 2 17 c .01 -.7 .2 -1.4 .57 -2 M 6 17 l 3.13 -5.78 c .53 -.97 .1 -2.18 -.5 -3.1 a 4 4 0 1 1 6.89 -4.06 M 12 6 l 3.13 5.73 C 15.66 12.7 16.9 13 18 13 a 4 4 0 0 1 0 8
WebhookOff	M 17 17 h -5 c -1.09 -.02 -1.94 .92 -2.5 1.9 A 3 3 0 1 1 2.57 15 M 9 3.4 a 4 4 0 0 1 6.52 .66 M 6 17 l 3.1 -5.8 a 2.5 2.5 0 0 0 .057 -2.05 M 20.3 20.3 a 4 4 0 0 1 -2.3 .7 M 18.6 13 a 4 4 0 0 1 3.357 3.414 M 12 6 l .6 1 M 2 2 l 20 20
Weight	M 9 5 a 3 3 0 1 0 6 0 a 3 3 0 1 0 -6 0 Z M 6.5 8 a 2 2 0 0 0 -1.905 1.46 L 2.1 18.5 A 2 2 0 0 0 4 21 h 16 a 2 2 0 0 0 1.925 -2.54 L 19.4 9.5 A 2 2 0 0 0 17.48 8 Z
WeightTilde	M 6.5 8 a 2 2 0 0 0 -1.906 1.46 L 2.1 18.5 A 2 2 0 0 0 4 21 h 16 a 2 2 0 0 0 1.925 -2.54 L 19.4 9.5 A 2 2 0 0 0 17.48 8 z M 7.999 15 a 2.5 2.5 0 0 1 4 0 2.5 2.5 0 0 0 4 0 M 9 5 a 3 3 0 1 0 6 0 a 3 3 0 1 0 -6 0 Z
Wheat	M 2 22 16 8 M 3.47 12.53 5 11 l 1.53 1.53 a 3.5 3.5 0 0 1 0 4.94 L 5 19 l -1.53 -1.53 a 3.5 3.5 0 0 1 0 -4.94 Z M 7.47 8.53 9 7 l 1.53 1.53 a 3.5 3.5 0 0 1 0 4.94 L 9 15 l -1.53 -1.53 a 3.5 3.5 0 0 1 0 -4.94 Z M 11.47 4.53 13 3 l 1.53 1.53 a 3.5 3.5 0 0 1 0 4.94 L 13 11 l -1.53 -1.53 a 3.5 3.5 0 0 1 0 -4.94 Z M 20 2 h 2 v 2 a 4 4 0 0 1 -4 4 h -2 V 6 a 4 4 0 0 1 4 -4 Z M 11.47 17.47 13 19 l -1.53 1.53 a 3.5 3.5 0 0 1 -4.94 0 L 5 19 l 1.53 -1.53 a 3.5 3.5 0 0 1 4.94 0 Z M 15.47 13.47 17 15 l -1.53 1.53 a 3.5 3.5 0 0 1 -4.94 0 L 9 15 l 1.53 -1.53 a 3.5 3.5 0 0 1 4.94 0 Z M 19.47 9.47 21 11 l -1.53 1.53 a 3.5 3.5 0 0 1 -4.94 0 L 13 11 l 1.53 -1.53 a 3.5 3.5 0 0 1 4.94 0 Z
WheatOff	M 2 22 l 10 -10 M 16 8 l -1.17 1.17 M 3.47 12.53 5 11 l 1.53 1.53 a 3.5 3.5 0 0 1 0 4.94 L 5 19 l -1.53 -1.53 a 3.5 3.5 0 0 1 0 -4.94 Z M 8 8 l -.53 .53 a 3.5 3.5 0 0 0 0 4.94 L 9 15 l 1.53 -1.53 c .55 -.55 .88 -1.25 .98 -1.97 M 10.91 5.26 c .15 -.26 .34 -.51 .56 -.73 L 13 3 l 1.53 1.53 a 3.5 3.5 0 0 1 .28 4.62 M 20 2 h 2 v 2 a 4 4 0 0 1 -4 4 h -2 V 6 a 4 4 0 0 1 4 -4 Z M 11.47 17.47 13 19 l -1.53 1.53 a 3.5 3.5 0 0 1 -4.94 0 L 5 19 l 1.53 -1.53 a 3.5 3.5 0 0 1 4.94 0 Z M 16 16 l -.53 .53 a 3.5 3.5 0 0 1 -4.94 0 L 9 15 l 1.53 -1.53 a 3.49 3.49 0 0 1 1.97 -.98 M 18.74 13.09 c .26 -.15 .51 -.34 .73 -.56 L 21 11 l -1.53 -1.53 a 3.5 3.5 0 0 0 -4.62 -.28 M 2 2 L 22 22
Whistle	M 10 6 v 4 M 21 6 a 1 1 0 0 1 1 1 v 2 a 1 1 0 0 1 -1 1 h -5.675 A 7 7 0 1 1 9 6 z
WholeWord	M 4 12 a 3 3 0 1 0 6 0 a 3 3 0 1 0 -6 0 Z M 10 9 v 6 M 14 12 a 3 3 0 1 0 6 0 a 3 3 0 1 0 -6 0 Z M 14 7 v 8 M 22 17 v 1 c 0 .5 -.5 1 -1 1 H 3 c -.5 0 -1 -.5 -1 -1 v -1
Wifi	M 12 20 h .01 M 2 8.82 a 15 15 0 0 1 20 0 M 5 12.859 a 10 10 0 0 1 14 0 M 8.5 16.429 a 5 5 0 0 1 7 0
WifiCog	M 14.305 19.53 l .923 -.382 M 15.228 16.852 l -.923 -.383 M 16.852 15.228 l -.383 -.923 M 16.852 20.772 l -.383 .924 M 19.148 15.228 l .383 -.923 M 19.53 21.696 l -.382 -.924 M 2 7.82 a 15 15 0 0 1 20 0 M 20.772 16.852 l .924 -.383 M 20.772 19.148 l .924 .383 M 5 11.858 a 10 10 0 0 1 11.5 -1.785 M 8.5 15.429 a 5 5 0 0 1 2.413 -1.31 M 15 18 a 3 3 0 1 0 6 0 a 3 3 0 1 0 -6 0 Z
WifiHigh	M 12 20 h .01 M 5 12.859 a 10 10 0 0 1 14 0 M 8.5 16.429 a 5 5 0 0 1 7 0
WifiLow	M 12 20 h .01 M 8.5 16.429 a 5 5 0 0 1 7 0
WifiOff	M 12 20 h .01 M 8.5 16.429 a 5 5 0 0 1 7 0 M 5 12.859 a 10 10 0 0 1 5.17 -2.69 M 19 12.859 a 10 10 0 0 0 -2.007 -1.523 M 2 8.82 a 15 15 0 0 1 4.177 -2.643 M 22 8.82 a 15 15 0 0 0 -11.288 -3.764 M 2 2 l 20 20
WifiPen	M 2 8.82 a 15 15 0 0 1 20 0 M 21.378 16.626 a 1 1 0 0 0 -3.004 -3.004 l -4.01 4.012 a 2 2 0 0 0 -.506 .854 l -.837 2.87 a .5 .5 0 0 0 .62 .62 l 2.87 -.837 a 2 2 0 0 0 .854 -.506 z M 5 12.859 a 10 10 0 0 1 10.5 -2.222 M 8.5 16.429 a 5 5 0 0 1 3 -1.406
WifiSync	M 11.965 10.105 v 4 L 13.5 12.5 a 5 5 0 0 1 8 1.5 M 11.965 14.105 h 4 M 17.965 18.105 h 4 L 20.43 19.71 a 5 5 0 0 1 -8 -1.5 M 2 8.82 a 15 15 0 0 1 20 0 M 21.965 22.105 v -4 M 5 12.86 a 10 10 0 0 1 3 -2.032 M 8.5 16.429 h .01
WifiZero	M 12 20 h .01
Wind	M 12.8 19.6 A 2 2 0 1 0 14 16 H 2 M 17.5 8 a 2.5 2.5 0 1 1 2 4 H 2 M 9.8 4.4 A 2 2 0 1 1 11 8 H 2
WindArrowDown	M 10 2 v 8 M 12.8 21.6 A 2 2 0 1 0 14 18 H 2 M 17.5 10 a 2.5 2.5 0 1 1 2 4 H 2 M 6 6 l 4 4 4 -4
Wine	M 8 22 h 8 M 7 10 h 10 M 12 15 v 7 M 12 15 a 5 5 0 0 0 5 -5 c 0 -2 -.5 -4 -2 -8 H 9 c -1.5 4 -2 6 -2 8 a 5 5 0 0 0 5 5 Z
WineOff	M 8 22 h 8 M 7 10 h 3 m 7 0 h -1.343 M 12 15 v 7 M 7.307 7.307 A 12.33 12.33 0 0 0 7 10 a 5 5 0 0 0 7.391 4.391 M 8.638 2.981 C 8.75 2.668 8.872 2.34 9 2 h 6 c 1.5 4 2 6 2 8 0 .407 -.05 .809 -.145 1.198 M 2 2 L 22 22
Workflow	M 5 3 h 4 a 2 2 0 0 1 2 2 v 4 a 2 2 0 0 1 -2 2 h -4 a 2 2 0 0 1 -2 -2 v -4 a 2 2 0 0 1 2 -2 Z M 7 11 v 4 a 2 2 0 0 0 2 2 h 4 M 15 13 h 4 a 2 2 0 0 1 2 2 v 4 a 2 2 0 0 1 -2 2 h -4 a 2 2 0 0 1 -2 -2 v -4 a 2 2 0 0 1 2 -2 Z
Worm	M 19 12 l -1.5 3 M 19.63 18.81 22 20 M 6.47 8.23 a 1.68 1.68 0 0 1 2.44 1.93 l -.64 2.08 a 6.76 6.76 0 0 0 10.16 7.67 l .42 -.27 a 1 1 0 1 0 -2.73 -4.21 l -.42 .27 a 1.76 1.76 0 0 1 -2.63 -1.99 l .64 -2.08 A 6.66 6.66 0 0 0 3.94 3.9 l -.7 .4 a 1 1 0 1 0 2.55 4.34 z
Wrench	M 14.7 6.3 a 1 1 0 0 0 0 1.4 l 1.6 1.6 a 1 1 0 0 0 1.4 0 l 3.106 -3.105 c .32 -.322 .863 -.22 .983 .218 a 6 6 0 0 1 -8.259 7.057 l -7.91 7.91 a 1 1 0 0 1 -2.999 -3 l 7.91 -7.91 a 6 6 0 0 1 7.057 -8.259 c .438 .12 .54 .662 .219 .984 z
WrenchOff	M 10.747 5.093 a 6 6 0 0 1 6.841 -2.882 c .438 .12 .54 .662 .219 .984 L 14.7 6.3 a 1 1 0 0 0 0 1.4 l 1.6 1.6 a 1 1 0 0 0 1.4 0 l 3.106 -3.105 c .32 -.322 .863 -.22 .983 .218 a 6 6 0 0 1 -2.882 6.842 M 13.5 13.5 l -7.88 7.88 a 1 1 0 0 1 -2.999 -3 l 7.88 -7.88 M 2 2 l 20 20
X	M 18 6 6 18 M 6 6 l 12 12
XLineTop	M 18 4 H 6 M 18 8 6 20 M 6 8 l 12 12
Zap	M 15.914 4 a 1.5 1.5 0 0 0 -2.474 -1.561 l -9 9 A 1.5 1.5 0 0 0 5.5 14 h 4.002 a .5 .5 0 0 1 .471 .666 L 8.086 20 a 1.5 1.5 0 0 0 2.475 1.56 l 9 -9 A 1.5 1.5 0 0 0 18.5 10 h -3.997 a .5 .5 0 0 1 -.472 -.667 z
ZapOff	M 10.768 5.111 13.44 2.44 a 1.5 1.5 0 0 1 2.474 1.561 l -1.633 4.625 M 18.889 13.232 l .672 -.672 A 1.5 1.5 0 0 0 18.5 10 h -2.844 M 2 2 l 20 20 M 7.94 7.94 l -3.5 3.499 A 1.5 1.5 0 0 0 5.5 14 h 4.002 a .5 .5 0 0 1 .471 .666 L 8.086 20 a 1.5 1.5 0 0 0 2.475 1.56 l 5.5 -5.5
ZodiacAquarius	M 2 10 l 2.456 -3.684 a .7 .7 0 0 1 1.106 -.013 l 2.39 3.413 a .7 .7 0 0 0 1.096 -.001 l 2.402 -3.432 a .7 .7 0 0 1 1.098 0 l 2.402 3.432 a .7 .7 0 0 0 1.098 0 l 2.389 -3.413 a .7 .7 0 0 1 1.106 .013 L 22 10 M 2 18.002 l 2.456 -3.684 a .7 .7 0 0 1 1.106 -.013 l 2.39 3.413 a .7 .7 0 0 0 1.097 0 l 2.402 -3.432 a .7 .7 0 0 1 1.098 0 l 2.402 3.432 a .7 .7 0 0 0 1.098 0 l 2.389 -3.413 a .7 .7 0 0 1 1.106 .013 L 22 18.002
ZodiacAries	M 12 7.5 a 4.5 4.5 0 1 1 5 4.5 M 7 12 a 4.5 4.5 0 1 1 5 -4.5 V 21
ZodiacCancer	M 21 14.5 A 9 6.5 0 0 1 5.5 19 M 3 9.5 A 9 6.5 0 0 1 18.5 5 M 14 14.5 a 3.5 3.5 0 1 0 7 0 a 3.5 3.5 0 1 0 -7 0 Z M 3 9.5 a 3.5 3.5 0 1 0 7 0 a 3.5 3.5 0 1 0 -7 0 Z
ZodiacCapricorn	M 11 21 a 3 3 0 0 0 3 -3 V 6.5 a 1 1 0 0 0 -7 0 M 7 19 V 6 a 3 3 0 0 0 -3 -3 h 0 M 14 17 a 3 3 0 1 0 6 0 a 3 3 0 1 0 -6 0 Z
ZodiacGemini	M 16 4.525 v 14.948 M 20 3 A 17 17 0 0 1 4 3 M 4 21 a 17 17 0 0 1 16 0 M 8 4.525 v 14.948
ZodiacLeo	M 10 16 c 0 -4 -3 -4.5 -3 -8 a 5 5 0 0 1 10 0 c 0 3.466 -3 6.196 -3 10 a 3 3 0 0 0 6 0 M 4 16 a 3 3 0 1 0 6 0 a 3 3 0 1 0 -6 0 Z
ZodiacLibra	M 3 16 h 6.857 c .162 -.012 .19 -.323 .038 -.38 a 6 6 0 1 1 4.212 0 c -.153 .057 -.125 .368 .038 .38 H 21 M 3 20 h 18
ZodiacOphiuchus	M 3 10 A 6.06 6.06 0 0 1 12 10 A 6.06 6.06 0 0 0 21 10 M 6 3 v 12 a 6 6 0 0 0 12 0 V 3
ZodiacPisces	M 19 21 a 15 15 0 0 1 0 -18 M 20 12 H 4 M 5 3 a 15 15 0 0 1 0 18
ZodiacSagittarius	M 15 3 h 6 v 6 M 21 3 3 21 M 9 9 l 6 6
ZodiacScorpio	M 10 19 V 5.5 a 1 1 0 0 1 5 0 V 17 a 2 2 0 0 0 2 2 h 5 l -3 -3 M 22 19 l -3 3 M 5 19 V 5.5 a 1 1 0 0 1 5 0 M 5 5.5 A 2.5 2.5 0 0 0 2.5 3
ZodiacTaurus	M 6 15 a 6 6 0 1 0 12 0 a 6 6 0 1 0 -12 0 Z M 18 3 A 6 6 0 0 1 6 3
ZodiacVirgo	M 11 5.5 a 1 1 0 0 1 5 0 V 16 a 5 5 0 0 0 5 5 M 16 11.5 a 1 1 0 0 1 5 0 V 16 a 5 5 0 0 1 -5 5 M 6 19 V 6 a 3 3 0 0 0 -3 -3 h 0 M 6 5.5 a 1 1 0 0 1 5 0 V 19
ZoomIn	M 3 11 a 8 8 0 1 0 16 0 a 8 8 0 1 0 -16 0 Z M 21 21 L 16.65 16.65 M 11 8 L 11 14 M 8 11 L 14 11
ZoomOut	M 3 11 a 8 8 0 1 0 16 0 a 8 8 0 1 0 -16 0 Z M 21 21 L 16.65 16.65 M 8 11 L 14 11
